Command line
python /Users/abdiwadud/miniconda3/envs/chemprop/lib/python3.8/site-packages/ipykernel_launcher.py --f=/Users/abdiwadud/Library/Jupyter/runtime/kernel-v3076aeccd23ce71692cbeb1c2409b49ab7929763d.json
Args
{'activation': 'ReLU',
 'adding_bond_types': True,
 'adding_h': False,
 'aggregation': 'mean',
 'aggregation_norm': 100,
 'atom_constraints': [],
 'atom_descriptor_scaling': True,
 'atom_descriptors': None,
 'atom_descriptors_path': None,
 'atom_descriptors_size': 0,
 'atom_features_size': 0,
 'atom_messages': False,
 'atom_targets': [],
 'batch_size': 50,
 'bias': False,
 'bias_solvent': False,
 'bond_constraints': [],
 'bond_descriptor_scaling': True,
 'bond_descriptors': None,
 'bond_descriptors_path': None,
 'bond_descriptors_size': 0,
 'bond_features_size': 0,
 'bond_targets': [],
 'cache_cutoff': 10000,
 'checkpoint_dir': None,
 'checkpoint_frzn': None,
 'checkpoint_path': None,
 'checkpoint_paths': ['KSE_ML_model_files/model_0/model.pt',
                      'KSE_ML_model_files/model_1/model.pt',
                      'KSE_ML_model_files/model_2/model.pt',
                      'KSE_ML_model_files/model_3/model.pt',
                      'KSE_ML_model_files/model_4/model.pt',
                      'KSE_ML_model_files/model_5/model.pt',
                      'KSE_ML_model_files/model_6/model.pt',
                      'KSE_ML_model_files/model_7/model.pt',
                      'KSE_ML_model_files/model_8/model.pt',
                      'KSE_ML_model_files/model_9/model.pt',
                      'KSE_ML_model_files/model_10/model.pt',
                      'KSE_ML_model_files/model_11/model.pt',
                      'KSE_ML_model_files/model_12/model.pt',
                      'KSE_ML_model_files/model_13/model.pt',
                      'KSE_ML_model_files/model_14/model.pt',
                      'KSE_ML_model_files/model_15/model.pt',
                      'KSE_ML_model_files/model_16/model.pt',
                      'KSE_ML_model_files/model_17/model.pt',
                      'KSE_ML_model_files/model_18/model.pt',
                      'KSE_ML_model_files/model_19/model.pt',
                      'KSE_ML_model_files/model_20/model.pt',
                      'KSE_ML_model_files/model_21/model.pt',
                      'KSE_ML_model_files/model_22/model.pt',
                      'KSE_ML_model_files/model_23/model.pt',
                      'KSE_ML_model_files/model_24/model.pt'],
 'class_balance': False,
 'config_path': None,
 'constraints_path': None,
 'crossval_index_dir': None,
 'crossval_index_file': None,
 'crossval_index_sets': None,
 'cuda': False,
 'data_path': 'RxnSolvKSE_dataset_v1.1/finetuning_set/chosen_data/finetuning_rxn_solvent_ddGsolv_ddHsolv_chosen.csv',
 'data_weights_path': None,
 'dataset_type': 'regression',
 'depth': 3,
 'depth_solvent': 3,
 'device': device(type='cpu'),
 'dropout': 0.0,
 'empty_cache': True,
 'ensemble_size': 25,
 'epochs': 10,
 'evidential_regularization': 0,
 'explicit_h': False,
 'extra_metrics': [],
 'features_generator': None,
 'features_only': False,
 'features_path': None,
 'features_scaling': True,
 'features_size': None,
 'ffn_hidden_size': 300,
 'ffn_num_layers': 2,
 'final_lr': 0.0001,
 'folds_file': None,
 'freeze_first_only': False,
 'frzn_ffn_layers': 0,
 'gpu': None,
 'grad_clip': None,
 'hidden_size': 300,
 'hidden_size_solvent': 300,
 'ignore_columns': None,
 'ignore_nan_metrics': False,
 'init_lr': 0.0001,
 'is_atom_bond_targets': False,
 'keeping_atom_map': False,
 'log_frequency': 10,
 'loss_function': 'mse',
 'max_data_size': None,
 'max_lr': 0.001,
 'metric': 'rmse',
 'metrics': ['rmse'],
 'minimize_score': True,
 'mpn_shared': False,
 'multiclass_num_classes': 3,
 'no_adding_bond_types': False,
 'no_atom_descriptor_scaling': False,
 'no_bond_descriptor_scaling': False,
 'no_cache_mol': False,
 'no_cuda': False,
 'no_features_scaling': False,
 'no_shared_atom_bond_ffn': False,
 'num_folds': 1,
 'num_lrs': 1,
 'num_tasks': 2,
 'num_workers': 0,
 'number_of_molecules': 2,
 'overwrite_default_atom_features': False,
 'overwrite_default_bond_features': False,
 'phase_features_path': None,
 'pytorch_seed': 0,
 'quantile_loss_alpha': 0.1,
 'quantiles': [0.05, 0.95],
 'quiet': False,
 'reaction': False,
 'reaction_mode': 'reac_prod',
 'reaction_solvent': True,
 'resume_experiment': False,
 'save_dir': 'refinetuned_model',
 'save_preds': False,
 'save_smiles_splits': False,
 'seed': 0,
 'separate_test_atom_descriptors_path': None,
 'separate_test_bond_descriptors_path': None,
 'separate_test_constraints_path': None,
 'separate_test_features_path': None,
 'separate_test_path': None,
 'separate_test_phase_features_path': None,
 'separate_val_atom_descriptors_path': None,
 'separate_val_bond_descriptors_path': None,
 'separate_val_constraints_path': None,
 'separate_val_features_path': None,
 'separate_val_path': None,
 'separate_val_phase_features_path': None,
 'shared_atom_bond_ffn': True,
 'show_individual_scores': False,
 'smiles_columns': ['rxn_smiles', 'solvent_smiles'],
 'spectra_activation': 'exp',
 'spectra_phase_mask_path': None,
 'spectra_target_floor': 1e-08,
 'split_key_molecule': 0,
 'split_sizes': [0.8, 0.2, 0.0],
 'split_type': 'scaffold_balanced',
 'target_columns': ['ddHsolv', 'ddGsolv'],
 'target_weights': None,
 'task_names': ['ddHsolv', 'ddGsolv'],
 'test': False,
 'test_fold_index': None,
 'train_data_size': None,
 'undirected': False,
 'use_input_features': False,
 'val_fold_index': None,
 'warmup_epochs': 2.0,
 'weights_ffn_num_layers': 2}
Setting molecule featurization parameters to default.
Loading data
Number of tasks = 2
Fold 0
Splitting data with seed 0
Total scaffolds = 3 | train scaffolds = 2 | val scaffolds = 0 | test scaffolds = 1
Label averages per scaffold, in decreasing order of scaffold frequency,capped at 10 scaffolds and 20 labels:
Scaffold 0
Task 0: count = 45,772 | target average = 1.569519
Task 1: count = 45,772 | target average = -0.036027


Scaffold 1
Task 0: count = 175 | target average = 2.565543
Task 1: count = 175 | target average = 0.256914


Scaffold 2
Task 0: count = 175 | target average = 0.894629
Task 1: count = 175 | target average = -0.403029


Total size = 46,122 | train size = 350 | val size = 0 | test size = 45,772
Command line
python /Users/abdiwadud/miniconda3/envs/chemprop/lib/python3.8/site-packages/ipykernel_launcher.py --f=/Users/abdiwadud/Library/Jupyter/runtime/kernel-v3076aeccd23ce71692cbeb1c2409b49ab7929763d.json
Args
{'activation': 'ReLU',
 'adding_bond_types': True,
 'adding_h': False,
 'aggregation': 'mean',
 'aggregation_norm': 100,
 'atom_constraints': [],
 'atom_descriptor_scaling': True,
 'atom_descriptors': None,
 'atom_descriptors_path': None,
 'atom_descriptors_size': 0,
 'atom_features_size': 0,
 'atom_messages': False,
 'atom_targets': [],
 'batch_size': 50,
 'bias': False,
 'bias_solvent': False,
 'bond_constraints': [],
 'bond_descriptor_scaling': True,
 'bond_descriptors': None,
 'bond_descriptors_path': None,
 'bond_descriptors_size': 0,
 'bond_features_size': 0,
 'bond_targets': [],
 'cache_cutoff': 10000,
 'checkpoint_dir': None,
 'checkpoint_frzn': None,
 'checkpoint_path': None,
 'checkpoint_paths': ['KSE_ML_model_files/model_0/model.pt',
                      'KSE_ML_model_files/model_1/model.pt',
                      'KSE_ML_model_files/model_2/model.pt',
                      'KSE_ML_model_files/model_3/model.pt',
                      'KSE_ML_model_files/model_4/model.pt',
                      'KSE_ML_model_files/model_5/model.pt',
                      'KSE_ML_model_files/model_6/model.pt',
                      'KSE_ML_model_files/model_7/model.pt',
                      'KSE_ML_model_files/model_8/model.pt',
                      'KSE_ML_model_files/model_9/model.pt',
                      'KSE_ML_model_files/model_10/model.pt',
                      'KSE_ML_model_files/model_11/model.pt',
                      'KSE_ML_model_files/model_12/model.pt',
                      'KSE_ML_model_files/model_13/model.pt',
                      'KSE_ML_model_files/model_14/model.pt',
                      'KSE_ML_model_files/model_15/model.pt',
                      'KSE_ML_model_files/model_16/model.pt',
                      'KSE_ML_model_files/model_17/model.pt',
                      'KSE_ML_model_files/model_18/model.pt',
                      'KSE_ML_model_files/model_19/model.pt',
                      'KSE_ML_model_files/model_20/model.pt',
                      'KSE_ML_model_files/model_21/model.pt',
                      'KSE_ML_model_files/model_22/model.pt',
                      'KSE_ML_model_files/model_23/model.pt',
                      'KSE_ML_model_files/model_24/model.pt'],
 'class_balance': False,
 'config_path': None,
 'constraints_path': None,
 'crossval_index_dir': None,
 'crossval_index_file': None,
 'crossval_index_sets': None,
 'cuda': False,
 'data_path': 'RxnSolvKSE_dataset_v1.1/finetuning_set/chosen_data/finetuning_rxn_solvent_ddGsolv_ddHsolv_chosen.csv',
 'data_weights_path': None,
 'dataset_type': 'regression',
 'depth': 3,
 'depth_solvent': 3,
 'device': device(type='cpu'),
 'dropout': 0.0,
 'empty_cache': True,
 'ensemble_size': 25,
 'epochs': 10,
 'evidential_regularization': 0,
 'explicit_h': False,
 'extra_metrics': [],
 'features_generator': None,
 'features_only': False,
 'features_path': None,
 'features_scaling': True,
 'features_size': None,
 'ffn_hidden_size': 300,
 'ffn_num_layers': 2,
 'final_lr': 0.0001,
 'folds_file': None,
 'freeze_first_only': False,
 'frzn_ffn_layers': 0,
 'gpu': None,
 'grad_clip': None,
 'hidden_size': 300,
 'hidden_size_solvent': 300,
 'ignore_columns': None,
 'ignore_nan_metrics': False,
 'init_lr': 0.0001,
 'is_atom_bond_targets': False,
 'keeping_atom_map': False,
 'log_frequency': 10,
 'loss_function': 'mse',
 'max_data_size': None,
 'max_lr': 0.001,
 'metric': 'rmse',
 'metrics': ['rmse'],
 'minimize_score': True,
 'mpn_shared': False,
 'multiclass_num_classes': 3,
 'no_adding_bond_types': False,
 'no_atom_descriptor_scaling': False,
 'no_bond_descriptor_scaling': False,
 'no_cache_mol': False,
 'no_cuda': False,
 'no_features_scaling': False,
 'no_shared_atom_bond_ffn': False,
 'num_folds': 1,
 'num_lrs': 1,
 'num_tasks': 2,
 'num_workers': 0,
 'number_of_molecules': 2,
 'overwrite_default_atom_features': False,
 'overwrite_default_bond_features': False,
 'phase_features_path': None,
 'pytorch_seed': 0,
 'quantile_loss_alpha': 0.1,
 'quantiles': [0.05, 0.95],
 'quiet': False,
 'reaction': False,
 'reaction_mode': 'reac_prod',
 'reaction_solvent': True,
 'resume_experiment': False,
 'save_dir': 'refinetuned_model',
 'save_preds': False,
 'save_smiles_splits': False,
 'seed': 0,
 'separate_test_atom_descriptors_path': None,
 'separate_test_bond_descriptors_path': None,
 'separate_test_constraints_path': None,
 'separate_test_features_path': None,
 'separate_test_path': 'RxnSolvKSE_dataset_v1.1/experimental_set/expt_data_collected.xlsx',
 'separate_test_phase_features_path': None,
 'separate_val_atom_descriptors_path': None,
 'separate_val_bond_descriptors_path': None,
 'separate_val_constraints_path': None,
 'separate_val_features_path': None,
 'separate_val_path': None,
 'separate_val_phase_features_path': None,
 'shared_atom_bond_ffn': True,
 'show_individual_scores': False,
 'smiles_columns': ['rxn_smiles', 'solvent_smiles'],
 'spectra_activation': 'exp',
 'spectra_phase_mask_path': None,
 'spectra_target_floor': 1e-08,
 'split_key_molecule': 0,
 'split_sizes': [0.8, 0.2, 0.0],
 'split_type': 'scaffold_balanced',
 'target_columns': ['ddHsolv', 'ddGsolv'],
 'target_weights': None,
 'task_names': ['ddHsolv', 'ddGsolv'],
 'test': False,
 'test_fold_index': None,
 'train_data_size': None,
 'undirected': False,
 'use_input_features': False,
 'val_fold_index': None,
 'warmup_epochs': 2.0,
 'weights_ffn_num_layers': 2}
Setting molecule featurization parameters to default.
Loading data
Number of tasks = 2
Fold 0
Splitting data with seed 0
Command line
python /Users/abdiwadud/miniconda3/envs/chemprop/lib/python3.8/site-packages/ipykernel_launcher.py --f=/Users/abdiwadud/Library/Jupyter/runtime/kernel-v3076aeccd23ce71692cbeb1c2409b49ab7929763d.json
Args
{'activation': 'ReLU',
 'adding_bond_types': True,
 'adding_h': False,
 'aggregation': 'mean',
 'aggregation_norm': 100,
 'atom_constraints': [],
 'atom_descriptor_scaling': True,
 'atom_descriptors': None,
 'atom_descriptors_path': None,
 'atom_descriptors_size': 0,
 'atom_features_size': 0,
 'atom_messages': False,
 'atom_targets': [],
 'batch_size': 50,
 'bias': False,
 'bias_solvent': False,
 'bond_constraints': [],
 'bond_descriptor_scaling': True,
 'bond_descriptors': None,
 'bond_descriptors_path': None,
 'bond_descriptors_size': 0,
 'bond_features_size': 0,
 'bond_targets': [],
 'cache_cutoff': 10000,
 'checkpoint_dir': None,
 'checkpoint_frzn': None,
 'checkpoint_path': None,
 'checkpoint_paths': ['KSE_ML_model_files/model_0/model.pt',
                      'KSE_ML_model_files/model_1/model.pt',
                      'KSE_ML_model_files/model_2/model.pt',
                      'KSE_ML_model_files/model_3/model.pt',
                      'KSE_ML_model_files/model_4/model.pt',
                      'KSE_ML_model_files/model_5/model.pt',
                      'KSE_ML_model_files/model_6/model.pt',
                      'KSE_ML_model_files/model_7/model.pt',
                      'KSE_ML_model_files/model_8/model.pt',
                      'KSE_ML_model_files/model_9/model.pt',
                      'KSE_ML_model_files/model_10/model.pt',
                      'KSE_ML_model_files/model_11/model.pt',
                      'KSE_ML_model_files/model_12/model.pt',
                      'KSE_ML_model_files/model_13/model.pt',
                      'KSE_ML_model_files/model_14/model.pt',
                      'KSE_ML_model_files/model_15/model.pt',
                      'KSE_ML_model_files/model_16/model.pt',
                      'KSE_ML_model_files/model_17/model.pt',
                      'KSE_ML_model_files/model_18/model.pt',
                      'KSE_ML_model_files/model_19/model.pt',
                      'KSE_ML_model_files/model_20/model.pt',
                      'KSE_ML_model_files/model_21/model.pt',
                      'KSE_ML_model_files/model_22/model.pt',
                      'KSE_ML_model_files/model_23/model.pt',
                      'KSE_ML_model_files/model_24/model.pt'],
 'class_balance': False,
 'config_path': None,
 'constraints_path': None,
 'crossval_index_dir': None,
 'crossval_index_file': None,
 'crossval_index_sets': None,
 'cuda': False,
 'data_path': 'RxnSolvKSE_dataset_v1.1/finetuning_set/chosen_data/finetuning_rxn_solvent_ddGsolv_ddHsolv_chosen.csv',
 'data_weights_path': None,
 'dataset_type': 'regression',
 'depth': 3,
 'depth_solvent': 3,
 'device': device(type='cpu'),
 'dropout': 0.0,
 'empty_cache': True,
 'ensemble_size': 25,
 'epochs': 10,
 'evidential_regularization': 0,
 'explicit_h': False,
 'extra_metrics': [],
 'features_generator': None,
 'features_only': False,
 'features_path': None,
 'features_scaling': True,
 'features_size': None,
 'ffn_hidden_size': 300,
 'ffn_num_layers': 2,
 'final_lr': 0.0001,
 'folds_file': None,
 'freeze_first_only': False,
 'frzn_ffn_layers': 0,
 'gpu': None,
 'grad_clip': None,
 'hidden_size': 300,
 'hidden_size_solvent': 300,
 'ignore_columns': None,
 'ignore_nan_metrics': False,
 'init_lr': 0.0001,
 'is_atom_bond_targets': False,
 'keeping_atom_map': False,
 'log_frequency': 10,
 'loss_function': 'mse',
 'max_data_size': None,
 'max_lr': 0.001,
 'metric': 'rmse',
 'metrics': ['rmse'],
 'minimize_score': True,
 'mpn_shared': False,
 'multiclass_num_classes': 3,
 'no_adding_bond_types': False,
 'no_atom_descriptor_scaling': False,
 'no_bond_descriptor_scaling': False,
 'no_cache_mol': False,
 'no_cuda': False,
 'no_features_scaling': False,
 'no_shared_atom_bond_ffn': False,
 'num_folds': 1,
 'num_lrs': 1,
 'num_tasks': 2,
 'num_workers': 0,
 'number_of_molecules': 2,
 'overwrite_default_atom_features': False,
 'overwrite_default_bond_features': False,
 'phase_features_path': None,
 'pytorch_seed': 0,
 'quantile_loss_alpha': 0.1,
 'quantiles': [0.05, 0.95],
 'quiet': False,
 'reaction': False,
 'reaction_mode': 'reac_prod',
 'reaction_solvent': True,
 'resume_experiment': False,
 'save_dir': 'refinetuned_model',
 'save_preds': False,
 'save_smiles_splits': False,
 'seed': 0,
 'separate_test_atom_descriptors_path': None,
 'separate_test_bond_descriptors_path': None,
 'separate_test_constraints_path': None,
 'separate_test_features_path': None,
 'separate_test_path': 'RxnSolvKSE_dataset_v1.1/experimental_set/expt_rxn_solv_smiles_with_features_all.csv',
 'separate_test_phase_features_path': None,
 'separate_val_atom_descriptors_path': None,
 'separate_val_bond_descriptors_path': None,
 'separate_val_constraints_path': None,
 'separate_val_features_path': None,
 'separate_val_path': None,
 'separate_val_phase_features_path': None,
 'shared_atom_bond_ffn': True,
 'show_individual_scores': False,
 'smiles_columns': ['rxn_smiles', 'solvent_smiles'],
 'spectra_activation': 'exp',
 'spectra_phase_mask_path': None,
 'spectra_target_floor': 1e-08,
 'split_key_molecule': 0,
 'split_sizes': [0.8, 0.2, 0.0],
 'split_type': 'scaffold_balanced',
 'target_columns': ['ddHsolv', 'ddGsolv'],
 'target_weights': None,
 'task_names': ['ddHsolv', 'ddGsolv'],
 'test': False,
 'test_fold_index': None,
 'train_data_size': None,
 'undirected': False,
 'use_input_features': False,
 'val_fold_index': None,
 'warmup_epochs': 2.0,
 'weights_ffn_num_layers': 2}
Setting molecule featurization parameters to default.
Loading data
Number of tasks = 2
Fold 0
Splitting data with seed 0
Command line
python /Users/abdiwadud/miniconda3/envs/chemprop/lib/python3.8/site-packages/ipykernel_launcher.py --f=/Users/abdiwadud/Library/Jupyter/runtime/kernel-v3076aeccd23ce71692cbeb1c2409b49ab7929763d.json
Args
{'activation': 'ReLU',
 'adding_bond_types': True,
 'adding_h': False,
 'aggregation': 'mean',
 'aggregation_norm': 100,
 'atom_constraints': [],
 'atom_descriptor_scaling': True,
 'atom_descriptors': None,
 'atom_descriptors_path': None,
 'atom_descriptors_size': 0,
 'atom_features_size': 0,
 'atom_messages': False,
 'atom_targets': [],
 'batch_size': 50,
 'bias': False,
 'bias_solvent': False,
 'bond_constraints': [],
 'bond_descriptor_scaling': True,
 'bond_descriptors': None,
 'bond_descriptors_path': None,
 'bond_descriptors_size': 0,
 'bond_features_size': 0,
 'bond_targets': [],
 'cache_cutoff': 10000,
 'checkpoint_dir': None,
 'checkpoint_frzn': None,
 'checkpoint_path': None,
 'checkpoint_paths': ['KSE_ML_model_files/model_0/model.pt',
                      'KSE_ML_model_files/model_1/model.pt',
                      'KSE_ML_model_files/model_2/model.pt',
                      'KSE_ML_model_files/model_3/model.pt',
                      'KSE_ML_model_files/model_4/model.pt',
                      'KSE_ML_model_files/model_5/model.pt',
                      'KSE_ML_model_files/model_6/model.pt',
                      'KSE_ML_model_files/model_7/model.pt',
                      'KSE_ML_model_files/model_8/model.pt',
                      'KSE_ML_model_files/model_9/model.pt',
                      'KSE_ML_model_files/model_10/model.pt',
                      'KSE_ML_model_files/model_11/model.pt',
                      'KSE_ML_model_files/model_12/model.pt',
                      'KSE_ML_model_files/model_13/model.pt',
                      'KSE_ML_model_files/model_14/model.pt',
                      'KSE_ML_model_files/model_15/model.pt',
                      'KSE_ML_model_files/model_16/model.pt',
                      'KSE_ML_model_files/model_17/model.pt',
                      'KSE_ML_model_files/model_18/model.pt',
                      'KSE_ML_model_files/model_19/model.pt',
                      'KSE_ML_model_files/model_20/model.pt',
                      'KSE_ML_model_files/model_21/model.pt',
                      'KSE_ML_model_files/model_22/model.pt',
                      'KSE_ML_model_files/model_23/model.pt',
                      'KSE_ML_model_files/model_24/model.pt'],
 'class_balance': False,
 'config_path': None,
 'constraints_path': None,
 'crossval_index_dir': None,
 'crossval_index_file': None,
 'crossval_index_sets': None,
 'cuda': False,
 'data_path': 'RxnSolvKSE_dataset_v1.1/finetuning_set/chosen_data/finetuning_rxn_solvent_ddGsolv_ddHsolv_chosen.csv',
 'data_weights_path': None,
 'dataset_type': 'regression',
 'depth': 3,
 'depth_solvent': 3,
 'device': device(type='cpu'),
 'dropout': 0.0,
 'empty_cache': True,
 'ensemble_size': 25,
 'epochs': 10,
 'evidential_regularization': 0,
 'explicit_h': False,
 'extra_metrics': [],
 'features_generator': None,
 'features_only': False,
 'features_path': None,
 'features_scaling': True,
 'features_size': None,
 'ffn_hidden_size': 300,
 'ffn_num_layers': 2,
 'final_lr': 0.0001,
 'folds_file': None,
 'freeze_first_only': False,
 'frzn_ffn_layers': 0,
 'gpu': None,
 'grad_clip': None,
 'hidden_size': 300,
 'hidden_size_solvent': 300,
 'ignore_columns': None,
 'ignore_nan_metrics': False,
 'init_lr': 0.0001,
 'is_atom_bond_targets': False,
 'keeping_atom_map': False,
 'log_frequency': 10,
 'loss_function': 'mse',
 'max_data_size': None,
 'max_lr': 0.001,
 'metric': 'rmse',
 'metrics': ['rmse'],
 'minimize_score': True,
 'mpn_shared': False,
 'multiclass_num_classes': 3,
 'no_adding_bond_types': False,
 'no_atom_descriptor_scaling': False,
 'no_bond_descriptor_scaling': False,
 'no_cache_mol': False,
 'no_cuda': False,
 'no_features_scaling': False,
 'no_shared_atom_bond_ffn': False,
 'num_folds': 1,
 'num_lrs': 1,
 'num_tasks': 2,
 'num_workers': 0,
 'number_of_molecules': 2,
 'overwrite_default_atom_features': False,
 'overwrite_default_bond_features': False,
 'phase_features_path': None,
 'pytorch_seed': 0,
 'quantile_loss_alpha': 0.1,
 'quantiles': [0.05, 0.95],
 'quiet': False,
 'reaction': False,
 'reaction_mode': 'reac_prod',
 'reaction_solvent': True,
 'resume_experiment': False,
 'save_dir': 'refinetuned_model',
 'save_preds': False,
 'save_smiles_splits': False,
 'seed': 0,
 'separate_test_atom_descriptors_path': None,
 'separate_test_bond_descriptors_path': None,
 'separate_test_constraints_path': None,
 'separate_test_features_path': None,
 'separate_test_path': 'RxnSolvKSE_dataset_v1.1/experimental_set/expt_data_collected.csv',
 'separate_test_phase_features_path': None,
 'separate_val_atom_descriptors_path': None,
 'separate_val_bond_descriptors_path': None,
 'separate_val_constraints_path': None,
 'separate_val_features_path': None,
 'separate_val_path': None,
 'separate_val_phase_features_path': None,
 'shared_atom_bond_ffn': True,
 'show_individual_scores': False,
 'smiles_columns': ['rxn_smiles', 'solvent_smiles'],
 'spectra_activation': 'exp',
 'spectra_phase_mask_path': None,
 'spectra_target_floor': 1e-08,
 'split_key_molecule': 0,
 'split_sizes': [0.8, 0.2, 0.0],
 'split_type': 'scaffold_balanced',
 'target_columns': ['ddHsolv', 'ddGsolv'],
 'target_weights': None,
 'task_names': ['ddHsolv', 'ddGsolv'],
 'test': False,
 'test_fold_index': None,
 'train_data_size': None,
 'undirected': False,
 'use_input_features': False,
 'val_fold_index': None,
 'warmup_epochs': 2.0,
 'weights_ffn_num_layers': 2}
Setting molecule featurization parameters to default.
Loading data
Number of tasks = 2
Fold 0
Splitting data with seed 0
Command line
python /Users/abdiwadud/miniconda3/envs/chemprop/lib/python3.8/site-packages/ipykernel_launcher.py --f=/Users/abdiwadud/Library/Jupyter/runtime/kernel-v3076aeccd23ce71692cbeb1c2409b49ab7929763d.json
Args
{'activation': 'ReLU',
 'adding_bond_types': True,
 'adding_h': False,
 'aggregation': 'mean',
 'aggregation_norm': 100,
 'atom_constraints': [],
 'atom_descriptor_scaling': True,
 'atom_descriptors': None,
 'atom_descriptors_path': None,
 'atom_descriptors_size': 0,
 'atom_features_size': 0,
 'atom_messages': False,
 'atom_targets': [],
 'batch_size': 50,
 'bias': False,
 'bias_solvent': False,
 'bond_constraints': [],
 'bond_descriptor_scaling': True,
 'bond_descriptors': None,
 'bond_descriptors_path': None,
 'bond_descriptors_size': 0,
 'bond_features_size': 0,
 'bond_targets': [],
 'cache_cutoff': 10000,
 'checkpoint_dir': None,
 'checkpoint_frzn': None,
 'checkpoint_path': None,
 'checkpoint_paths': ['KSE_ML_model_files/model_0/model.pt',
                      'KSE_ML_model_files/model_1/model.pt',
                      'KSE_ML_model_files/model_2/model.pt',
                      'KSE_ML_model_files/model_3/model.pt',
                      'KSE_ML_model_files/model_4/model.pt',
                      'KSE_ML_model_files/model_5/model.pt',
                      'KSE_ML_model_files/model_6/model.pt',
                      'KSE_ML_model_files/model_7/model.pt',
                      'KSE_ML_model_files/model_8/model.pt',
                      'KSE_ML_model_files/model_9/model.pt',
                      'KSE_ML_model_files/model_10/model.pt',
                      'KSE_ML_model_files/model_11/model.pt',
                      'KSE_ML_model_files/model_12/model.pt',
                      'KSE_ML_model_files/model_13/model.pt',
                      'KSE_ML_model_files/model_14/model.pt',
                      'KSE_ML_model_files/model_15/model.pt',
                      'KSE_ML_model_files/model_16/model.pt',
                      'KSE_ML_model_files/model_17/model.pt',
                      'KSE_ML_model_files/model_18/model.pt',
                      'KSE_ML_model_files/model_19/model.pt',
                      'KSE_ML_model_files/model_20/model.pt',
                      'KSE_ML_model_files/model_21/model.pt',
                      'KSE_ML_model_files/model_22/model.pt',
                      'KSE_ML_model_files/model_23/model.pt',
                      'KSE_ML_model_files/model_24/model.pt'],
 'class_balance': False,
 'config_path': None,
 'constraints_path': None,
 'crossval_index_dir': None,
 'crossval_index_file': None,
 'crossval_index_sets': None,
 'cuda': False,
 'data_path': 'RxnSolvKSE_dataset_v1.1/finetuning_set/chosen_data/finetuning_rxn_solvent_ddGsolv_ddHsolv_chosen.csv',
 'data_weights_path': None,
 'dataset_type': 'regression',
 'depth': 3,
 'depth_solvent': 3,
 'device': device(type='cpu'),
 'dropout': 0.0,
 'empty_cache': True,
 'ensemble_size': 25,
 'epochs': 10,
 'evidential_regularization': 0,
 'explicit_h': False,
 'extra_metrics': [],
 'features_generator': None,
 'features_only': False,
 'features_path': None,
 'features_scaling': True,
 'features_size': None,
 'ffn_hidden_size': 300,
 'ffn_num_layers': 2,
 'final_lr': 0.0001,
 'folds_file': None,
 'freeze_first_only': False,
 'frzn_ffn_layers': 0,
 'gpu': None,
 'grad_clip': None,
 'hidden_size': 300,
 'hidden_size_solvent': 300,
 'ignore_columns': None,
 'ignore_nan_metrics': False,
 'init_lr': 0.0001,
 'is_atom_bond_targets': False,
 'keeping_atom_map': False,
 'log_frequency': 10,
 'loss_function': 'mse',
 'max_data_size': None,
 'max_lr': 0.001,
 'metric': 'rmse',
 'metrics': ['rmse'],
 'minimize_score': True,
 'mpn_shared': False,
 'multiclass_num_classes': 3,
 'no_adding_bond_types': False,
 'no_atom_descriptor_scaling': False,
 'no_bond_descriptor_scaling': False,
 'no_cache_mol': False,
 'no_cuda': False,
 'no_features_scaling': False,
 'no_shared_atom_bond_ffn': False,
 'num_folds': 1,
 'num_lrs': 1,
 'num_tasks': 1,
 'num_workers': 0,
 'number_of_molecules': 2,
 'overwrite_default_atom_features': False,
 'overwrite_default_bond_features': False,
 'phase_features_path': None,
 'pytorch_seed': 0,
 'quantile_loss_alpha': 0.1,
 'quantiles': [],
 'quiet': False,
 'reaction': False,
 'reaction_mode': 'reac_prod',
 'reaction_solvent': True,
 'resume_experiment': False,
 'save_dir': 'refinetuned_model',
 'save_preds': False,
 'save_smiles_splits': False,
 'seed': 0,
 'separate_test_atom_descriptors_path': None,
 'separate_test_bond_descriptors_path': None,
 'separate_test_constraints_path': None,
 'separate_test_features_path': None,
 'separate_test_path': 'RxnSolvKSE_dataset_v1.1/experimental_set/expt_rxn_solv_smiles_with_features_all.csv',
 'separate_test_phase_features_path': None,
 'separate_val_atom_descriptors_path': None,
 'separate_val_bond_descriptors_path': None,
 'separate_val_constraints_path': None,
 'separate_val_features_path': None,
 'separate_val_path': None,
 'separate_val_phase_features_path': None,
 'shared_atom_bond_ffn': True,
 'show_individual_scores': False,
 'smiles_columns': ['rxn_smiles', 'solvent_smiles'],
 'spectra_activation': 'exp',
 'spectra_phase_mask_path': None,
 'spectra_target_floor': 1e-08,
 'split_key_molecule': 0,
 'split_sizes': [0.8, 0.2, 0.0],
 'split_type': 'scaffold_balanced',
 'target_columns': ['ddGsolv'],
 'target_weights': None,
 'task_names': ['ddGsolv'],
 'test': False,
 'test_fold_index': None,
 'train_data_size': None,
 'undirected': False,
 'use_input_features': False,
 'val_fold_index': None,
 'warmup_epochs': 2.0,
 'weights_ffn_num_layers': 2}
Setting molecule featurization parameters to default.
Loading data
Number of tasks = 1
Fold 0
Splitting data with seed 0
Command line
python /Users/abdiwadud/miniconda3/envs/chemprop/lib/python3.8/site-packages/ipykernel_launcher.py --f=/Users/abdiwadud/Library/Jupyter/runtime/kernel-v3076aeccd23ce71692cbeb1c2409b49ab7929763d.json
Args
{'activation': 'ReLU',
 'adding_bond_types': True,
 'adding_h': False,
 'aggregation': 'mean',
 'aggregation_norm': 100,
 'atom_constraints': [],
 'atom_descriptor_scaling': True,
 'atom_descriptors': None,
 'atom_descriptors_path': None,
 'atom_descriptors_size': 0,
 'atom_features_size': 0,
 'atom_messages': False,
 'atom_targets': [],
 'batch_size': 50,
 'bias': False,
 'bias_solvent': False,
 'bond_constraints': [],
 'bond_descriptor_scaling': True,
 'bond_descriptors': None,
 'bond_descriptors_path': None,
 'bond_descriptors_size': 0,
 'bond_features_size': 0,
 'bond_targets': [],
 'cache_cutoff': 10000,
 'checkpoint_dir': None,
 'checkpoint_frzn': None,
 'checkpoint_path': None,
 'checkpoint_paths': ['KSE_ML_model_files/model_0/model.pt',
                      'KSE_ML_model_files/model_1/model.pt',
                      'KSE_ML_model_files/model_2/model.pt',
                      'KSE_ML_model_files/model_3/model.pt',
                      'KSE_ML_model_files/model_4/model.pt',
                      'KSE_ML_model_files/model_5/model.pt',
                      'KSE_ML_model_files/model_6/model.pt',
                      'KSE_ML_model_files/model_7/model.pt',
                      'KSE_ML_model_files/model_8/model.pt',
                      'KSE_ML_model_files/model_9/model.pt',
                      'KSE_ML_model_files/model_10/model.pt',
                      'KSE_ML_model_files/model_11/model.pt',
                      'KSE_ML_model_files/model_12/model.pt',
                      'KSE_ML_model_files/model_13/model.pt',
                      'KSE_ML_model_files/model_14/model.pt',
                      'KSE_ML_model_files/model_15/model.pt',
                      'KSE_ML_model_files/model_16/model.pt',
                      'KSE_ML_model_files/model_17/model.pt',
                      'KSE_ML_model_files/model_18/model.pt',
                      'KSE_ML_model_files/model_19/model.pt',
                      'KSE_ML_model_files/model_20/model.pt',
                      'KSE_ML_model_files/model_21/model.pt',
                      'KSE_ML_model_files/model_22/model.pt',
                      'KSE_ML_model_files/model_23/model.pt',
                      'KSE_ML_model_files/model_24/model.pt'],
 'class_balance': False,
 'config_path': None,
 'constraints_path': None,
 'crossval_index_dir': None,
 'crossval_index_file': None,
 'crossval_index_sets': None,
 'cuda': False,
 'data_path': 'RxnSolvKSE_dataset_v1.1/finetuning_set/chosen_data/finetuning_rxn_solvent_ddGsolv_ddHsolv_chosen.csv',
 'data_weights_path': None,
 'dataset_type': 'regression',
 'depth': 3,
 'depth_solvent': 3,
 'device': device(type='cpu'),
 'dropout': 0.0,
 'empty_cache': True,
 'ensemble_size': 25,
 'epochs': 10,
 'evidential_regularization': 0,
 'explicit_h': False,
 'extra_metrics': [],
 'features_generator': None,
 'features_only': False,
 'features_path': None,
 'features_scaling': True,
 'features_size': None,
 'ffn_hidden_size': 300,
 'ffn_num_layers': 2,
 'final_lr': 0.0001,
 'folds_file': None,
 'freeze_first_only': False,
 'frzn_ffn_layers': 0,
 'gpu': None,
 'grad_clip': None,
 'hidden_size': 300,
 'hidden_size_solvent': 300,
 'ignore_columns': None,
 'ignore_nan_metrics': False,
 'init_lr': 0.0001,
 'is_atom_bond_targets': False,
 'keeping_atom_map': False,
 'log_frequency': 10,
 'loss_function': 'mse',
 'max_data_size': None,
 'max_lr': 0.001,
 'metric': 'rmse',
 'metrics': ['rmse'],
 'minimize_score': True,
 'mpn_shared': False,
 'multiclass_num_classes': 3,
 'no_adding_bond_types': False,
 'no_atom_descriptor_scaling': False,
 'no_bond_descriptor_scaling': False,
 'no_cache_mol': False,
 'no_cuda': False,
 'no_features_scaling': False,
 'no_shared_atom_bond_ffn': False,
 'num_folds': 1,
 'num_lrs': 1,
 'num_tasks': 1,
 'num_workers': 0,
 'number_of_molecules': 2,
 'overwrite_default_atom_features': False,
 'overwrite_default_bond_features': False,
 'phase_features_path': None,
 'pytorch_seed': 0,
 'quantile_loss_alpha': 0.1,
 'quantiles': [],
 'quiet': False,
 'reaction': False,
 'reaction_mode': 'reac_prod',
 'reaction_solvent': True,
 'resume_experiment': False,
 'save_dir': 'refinetuned_model',
 'save_preds': False,
 'save_smiles_splits': False,
 'seed': 0,
 'separate_test_atom_descriptors_path': None,
 'separate_test_bond_descriptors_path': None,
 'separate_test_constraints_path': None,
 'separate_test_features_path': None,
 'separate_test_path': 'RxnSolvKSE_dataset_v1.1/experimental_set/expt_rxn_solv_smiles_with_features_all.csv',
 'separate_test_phase_features_path': None,
 'separate_val_atom_descriptors_path': None,
 'separate_val_bond_descriptors_path': None,
 'separate_val_constraints_path': None,
 'separate_val_features_path': None,
 'separate_val_path': None,
 'separate_val_phase_features_path': None,
 'shared_atom_bond_ffn': True,
 'show_individual_scores': False,
 'smiles_columns': ['rxn_smiles', 'solvent_smiles'],
 'spectra_activation': 'exp',
 'spectra_phase_mask_path': None,
 'spectra_target_floor': 1e-08,
 'split_key_molecule': 0,
 'split_sizes': [0.8, 0.2, 0.0],
 'split_type': 'scaffold_balanced',
 'target_columns': ['ddGsolv'],
 'target_weights': None,
 'task_names': ['ddGsolv'],
 'test': False,
 'test_fold_index': None,
 'train_data_size': None,
 'undirected': False,
 'use_input_features': False,
 'val_fold_index': None,
 'warmup_epochs': 2.0,
 'weights_ffn_num_layers': 2}
Setting molecule featurization parameters to default.
Loading data
Number of tasks = 1
Fold 0
Splitting data with seed 0
Total scaffolds = 3 | train scaffolds = 2 | val scaffolds = 0 | test scaffolds = 1
Label averages per scaffold, in decreasing order of scaffold frequency,capped at 10 scaffolds and 20 labels:
Scaffold 0
Task 0: count = 45,772 | target average = -0.036027


Scaffold 1
Task 0: count = 175 | target average = 0.256914


Scaffold 2
Task 0: count = 175 | target average = -0.403029


Total size = 46,122 | train size = 350 | val size = 0 | test size = 122
Command line
python /Users/abdiwadud/miniconda3/envs/chemprop/lib/python3.8/site-packages/ipykernel_launcher.py --f=/Users/abdiwadud/Library/Jupyter/runtime/kernel-v3076aeccd23ce71692cbeb1c2409b49ab7929763d.json
Args
{'activation': 'ReLU',
 'adding_bond_types': True,
 'adding_h': False,
 'aggregation': 'mean',
 'aggregation_norm': 100,
 'atom_constraints': [],
 'atom_descriptor_scaling': True,
 'atom_descriptors': None,
 'atom_descriptors_path': None,
 'atom_descriptors_size': 0,
 'atom_features_size': 0,
 'atom_messages': False,
 'atom_targets': [],
 'batch_size': 50,
 'bias': False,
 'bias_solvent': False,
 'bond_constraints': [],
 'bond_descriptor_scaling': True,
 'bond_descriptors': None,
 'bond_descriptors_path': None,
 'bond_descriptors_size': 0,
 'bond_features_size': 0,
 'bond_targets': [],
 'cache_cutoff': 10000,
 'checkpoint_dir': None,
 'checkpoint_frzn': None,
 'checkpoint_path': None,
 'checkpoint_paths': ['KSE_ML_model_files/model_0/model.pt',
                      'KSE_ML_model_files/model_1/model.pt',
                      'KSE_ML_model_files/model_2/model.pt',
                      'KSE_ML_model_files/model_3/model.pt',
                      'KSE_ML_model_files/model_4/model.pt',
                      'KSE_ML_model_files/model_5/model.pt',
                      'KSE_ML_model_files/model_6/model.pt',
                      'KSE_ML_model_files/model_7/model.pt',
                      'KSE_ML_model_files/model_8/model.pt',
                      'KSE_ML_model_files/model_9/model.pt',
                      'KSE_ML_model_files/model_10/model.pt',
                      'KSE_ML_model_files/model_11/model.pt',
                      'KSE_ML_model_files/model_12/model.pt',
                      'KSE_ML_model_files/model_13/model.pt',
                      'KSE_ML_model_files/model_14/model.pt',
                      'KSE_ML_model_files/model_15/model.pt',
                      'KSE_ML_model_files/model_16/model.pt',
                      'KSE_ML_model_files/model_17/model.pt',
                      'KSE_ML_model_files/model_18/model.pt',
                      'KSE_ML_model_files/model_19/model.pt',
                      'KSE_ML_model_files/model_20/model.pt',
                      'KSE_ML_model_files/model_21/model.pt',
                      'KSE_ML_model_files/model_22/model.pt',
                      'KSE_ML_model_files/model_23/model.pt',
                      'KSE_ML_model_files/model_24/model.pt'],
 'class_balance': False,
 'config_path': None,
 'constraints_path': None,
 'crossval_index_dir': None,
 'crossval_index_file': None,
 'crossval_index_sets': None,
 'cuda': False,
 'data_path': 'RxnSolvKSE_dataset_v1.1/finetuning_set/chosen_data/finetuning_rxn_solvent_ddGsolv_ddHsolv_chosen.csv',
 'data_weights_path': None,
 'dataset_type': 'regression',
 'depth': 3,
 'depth_solvent': 3,
 'device': device(type='cpu'),
 'dropout': 0.0,
 'empty_cache': True,
 'ensemble_size': 25,
 'epochs': 10,
 'evidential_regularization': 0,
 'explicit_h': False,
 'extra_metrics': [],
 'features_generator': None,
 'features_only': False,
 'features_path': None,
 'features_scaling': True,
 'features_size': None,
 'ffn_hidden_size': 300,
 'ffn_num_layers': 2,
 'final_lr': 0.0001,
 'folds_file': None,
 'freeze_first_only': False,
 'frzn_ffn_layers': 0,
 'gpu': None,
 'grad_clip': None,
 'hidden_size': 300,
 'hidden_size_solvent': 300,
 'ignore_columns': None,
 'ignore_nan_metrics': False,
 'init_lr': 0.0001,
 'is_atom_bond_targets': False,
 'keeping_atom_map': False,
 'log_frequency': 10,
 'loss_function': 'mse',
 'max_data_size': None,
 'max_lr': 0.001,
 'metric': 'rmse',
 'metrics': ['rmse'],
 'minimize_score': True,
 'mpn_shared': False,
 'multiclass_num_classes': 3,
 'no_adding_bond_types': False,
 'no_atom_descriptor_scaling': False,
 'no_bond_descriptor_scaling': False,
 'no_cache_mol': False,
 'no_cuda': False,
 'no_features_scaling': False,
 'no_shared_atom_bond_ffn': False,
 'num_folds': 1,
 'num_lrs': 1,
 'num_tasks': 1,
 'num_workers': 0,
 'number_of_molecules': 2,
 'overwrite_default_atom_features': False,
 'overwrite_default_bond_features': False,
 'phase_features_path': None,
 'pytorch_seed': 0,
 'quantile_loss_alpha': 0.1,
 'quantiles': [],
 'quiet': False,
 'reaction': False,
 'reaction_mode': 'reac_prod',
 'reaction_solvent': True,
 'resume_experiment': False,
 'save_dir': 'refinetuned_model',
 'save_preds': False,
 'save_smiles_splits': False,
 'seed': 0,
 'separate_test_atom_descriptors_path': None,
 'separate_test_bond_descriptors_path': None,
 'separate_test_constraints_path': None,
 'separate_test_features_path': None,
 'separate_test_path': None,
 'separate_test_phase_features_path': None,
 'separate_val_atom_descriptors_path': None,
 'separate_val_bond_descriptors_path': None,
 'separate_val_constraints_path': None,
 'separate_val_features_path': None,
 'separate_val_path': None,
 'separate_val_phase_features_path': None,
 'shared_atom_bond_ffn': True,
 'show_individual_scores': False,
 'smiles_columns': ['rxn_smiles', 'solvent_smiles'],
 'spectra_activation': 'exp',
 'spectra_phase_mask_path': None,
 'spectra_target_floor': 1e-08,
 'split_key_molecule': 0,
 'split_sizes': [0.8, 0.1, 0.1],
 'split_type': 'random',
 'target_columns': ['ddGsolv'],
 'target_weights': None,
 'task_names': ['ddGsolv'],
 'test': False,
 'test_fold_index': None,
 'train_data_size': None,
 'undirected': False,
 'use_input_features': False,
 'val_fold_index': None,
 'warmup_epochs': 2.0,
 'weights_ffn_num_layers': 2}
Setting molecule featurization parameters to default.
Loading data
Number of tasks = 1
Fold 0
Splitting data with seed 0
Total size = 46,122 | train size = 36,897 | val size = 4,612 | test size = 4,613
Fitting scaler
Loading model 0 from KSE_ML_model_files/model_0/model.pt
Loading pretrained parameter "encoder.encoder.cached_zero_vector".
Loading pretrained parameter "encoder.encoder.W_i.weight".
Loading pretrained parameter "encoder.encoder.W_h.weight".
Loading pretrained parameter "encoder.encoder.W_o.weight".
Loading pretrained parameter "encoder.encoder.W_o.bias".
Loading pretrained parameter "encoder.encoder_solvent.cached_zero_vector".
Loading pretrained parameter "encoder.encoder_solvent.W_i.weight".
Loading pretrained parameter "encoder.encoder_solvent.W_h.weight".
Loading pretrained parameter "encoder.encoder_solvent.W_o.weight".
Loading pretrained parameter "encoder.encoder_solvent.W_o.bias".
Loading pretrained parameter "ffn.1.weight".
Loading pretrained parameter "ffn.1.bias".
Loading pretrained parameter "ffn.4.weight".
Loading pretrained parameter "ffn.4.bias".
Loading pretrained parameter "ffn.7.weight".
Loading pretrained parameter "ffn.7.bias".
Loading pretrained parameter "ffn.10.weight".
Loading pretrained parameter "ffn.10.bias".
Loading pretrained parameter "ffn.13.weight".
Loading pretrained parameter "ffn.13.bias".
Loading pretrained parameter "ffn.16.weight".
Loading pretrained parameter "ffn.16.bias".
MoleculeModel(
  (encoder): MPN(
    (encoder): MPNEncoder(
      (dropout): Dropout(p=0.0, inplace=False)
      (act_func): ReLU()
      (W_i): Linear(in_features=193, out_features=900, bias=False)
      (W_h): Linear(in_features=900, out_features=900, bias=False)
      (W_o): Linear(in_features=1065, out_features=900, bias=True)
    )
    (encoder_solvent): MPNEncoder(
      (dropout): Dropout(p=0.0, inplace=False)
      (act_func): ReLU()
      (W_i): Linear(in_features=147, out_features=200, bias=False)
      (W_h): Linear(in_features=200, out_features=200, bias=False)
      (W_o): Linear(in_features=333, out_features=200, bias=True)
    )
  )
  (readout): Sequential(
    (0): Dropout(p=0.0, inplace=False)
    (1): Linear(in_features=1100, out_features=400, bias=True)
    (2): ReLU()
    (3): Dropout(p=0.0, inplace=False)
    (4): Linear(in_features=400, out_features=400, bias=True)
    (5): ReLU()
    (6): Dropout(p=0.0, inplace=False)
    (7): Linear(in_features=400, out_features=400, bias=True)
    (8): ReLU()
    (9): Dropout(p=0.0, inplace=False)
    (10): Linear(in_features=400, out_features=400, bias=True)
    (11): ReLU()
    (12): Dropout(p=0.0, inplace=False)
    (13): Linear(in_features=400, out_features=400, bias=True)
    (14): ReLU()
    (15): Dropout(p=0.0, inplace=False)
    (16): Linear(in_features=400, out_features=2, bias=True)
  )
)
Number of parameters = 3,163,202
Epoch 0
Loss = 1.9032e+00, PNorm = 213.5981, GNorm = 4.9361, lr_0 = 1.0672e-04
Loss = 1.5683e+00, PNorm = 213.5993, GNorm = 4.3578, lr_0 = 1.1282e-04
Loss = 1.2466e+00, PNorm = 213.6005, GNorm = 4.5566, lr_0 = 1.1893e-04
Loss = 1.0456e+00, PNorm = 213.6019, GNorm = 5.0896, lr_0 = 1.2503e-04
Loss = 1.1077e+00, PNorm = 213.6027, GNorm = 3.5386, lr_0 = 1.3114e-04
Loss = 1.0725e+00, PNorm = 213.6036, GNorm = 3.1607, lr_0 = 1.3725e-04
Loss = 8.6437e-01, PNorm = 213.6047, GNorm = 4.2468, lr_0 = 1.4335e-04
Loss = 1.0491e+00, PNorm = 213.6063, GNorm = 3.9631, lr_0 = 1.4946e-04
Loss = 1.2156e+00, PNorm = 213.6091, GNorm = 3.1011, lr_0 = 1.5556e-04
Loss = 1.1145e+00, PNorm = 213.6121, GNorm = 8.3962, lr_0 = 1.6167e-04
Loss = 1.0042e+00, PNorm = 213.6154, GNorm = 4.8819, lr_0 = 1.6777e-04
Loss = 8.6442e-01, PNorm = 213.6192, GNorm = 6.7788, lr_0 = 1.7388e-04
Loss = 8.1976e-01, PNorm = 213.6222, GNorm = 4.3304, lr_0 = 1.7999e-04
Loss = 7.2476e-01, PNorm = 213.6249, GNorm = 5.9995, lr_0 = 1.8609e-04
Loss = 1.0187e+00, PNorm = 213.6291, GNorm = 3.3393, lr_0 = 1.9220e-04
Loss = 6.6378e-01, PNorm = 213.6335, GNorm = 4.9234, lr_0 = 1.9830e-04
Loss = 5.2543e-01, PNorm = 213.6373, GNorm = 3.2815, lr_0 = 2.0441e-04
Loss = 5.4263e-01, PNorm = 213.6401, GNorm = 6.8996, lr_0 = 2.1052e-04
Loss = 6.7431e-01, PNorm = 213.6450, GNorm = 3.1392, lr_0 = 2.1662e-04
Loss = 6.9213e-01, PNorm = 213.6501, GNorm = 4.8567, lr_0 = 2.2273e-04
Loss = 6.8073e-01, PNorm = 213.6547, GNorm = 4.2730, lr_0 = 2.2883e-04
Loss = 5.2546e-01, PNorm = 213.6594, GNorm = 2.7211, lr_0 = 2.3494e-04
Loss = 6.4940e-01, PNorm = 213.6628, GNorm = 5.7951, lr_0 = 2.4104e-04
Loss = 6.8435e-01, PNorm = 213.6671, GNorm = 6.2255, lr_0 = 2.4715e-04
Loss = 6.6178e-01, PNorm = 213.6722, GNorm = 1.9426, lr_0 = 2.5326e-04
Loss = 5.8483e-01, PNorm = 213.6756, GNorm = 9.7824, lr_0 = 2.5936e-04
Loss = 7.2031e-01, PNorm = 213.6788, GNorm = 4.7700, lr_0 = 2.6547e-04
Loss = 5.5603e-01, PNorm = 213.6835, GNorm = 4.0451, lr_0 = 2.7157e-04
Loss = 6.2081e-01, PNorm = 213.6879, GNorm = 3.1162, lr_0 = 2.7768e-04
Loss = 5.1999e-01, PNorm = 213.6923, GNorm = 5.0145, lr_0 = 2.8379e-04
Loss = 8.7158e-01, PNorm = 213.6971, GNorm = 3.3413, lr_0 = 2.8989e-04
Loss = 7.2966e-01, PNorm = 213.7023, GNorm = 2.4546, lr_0 = 2.9600e-04
Loss = 5.1163e-01, PNorm = 213.7079, GNorm = 6.3650, lr_0 = 3.0210e-04
Loss = 5.5169e-01, PNorm = 213.7127, GNorm = 5.0987, lr_0 = 3.0821e-04
Loss = 6.3723e-01, PNorm = 213.7181, GNorm = 2.6690, lr_0 = 3.1431e-04
Loss = 4.9462e-01, PNorm = 213.7240, GNorm = 2.6588, lr_0 = 3.2042e-04
Loss = 4.0629e-01, PNorm = 213.7293, GNorm = 2.5894, lr_0 = 3.2653e-04
Loss = 5.6464e-01, PNorm = 213.7341, GNorm = 2.1376, lr_0 = 3.3263e-04
Loss = 5.5387e-01, PNorm = 213.7400, GNorm = 3.1562, lr_0 = 3.3874e-04
Loss = 4.0350e-01, PNorm = 213.7463, GNorm = 5.3332, lr_0 = 3.4484e-04
Loss = 5.8598e-01, PNorm = 213.7532, GNorm = 2.2728, lr_0 = 3.5095e-04
Loss = 3.6006e-01, PNorm = 213.7601, GNorm = 5.2762, lr_0 = 3.5706e-04
Loss = 5.8415e-01, PNorm = 213.7675, GNorm = 4.0878, lr_0 = 3.6316e-04
Loss = 7.0968e-01, PNorm = 213.7745, GNorm = 6.9581, lr_0 = 3.6927e-04
Loss = 6.3640e-01, PNorm = 213.7818, GNorm = 5.2051, lr_0 = 3.7537e-04
Loss = 5.6402e-01, PNorm = 213.7868, GNorm = 6.0849, lr_0 = 3.8148e-04
Loss = 3.9644e-01, PNorm = 213.7940, GNorm = 5.3719, lr_0 = 3.8758e-04
Loss = 5.7996e-01, PNorm = 213.8025, GNorm = 3.3590, lr_0 = 3.9369e-04
Loss = 6.1486e-01, PNorm = 213.8110, GNorm = 5.0155, lr_0 = 3.9980e-04
Loss = 6.9057e-01, PNorm = 213.8205, GNorm = 4.4538, lr_0 = 4.0590e-04
Loss = 5.8698e-01, PNorm = 213.8297, GNorm = 2.6469, lr_0 = 4.1201e-04
Loss = 3.8804e-01, PNorm = 213.8372, GNorm = 2.8295, lr_0 = 4.1811e-04
Loss = 3.7546e-01, PNorm = 213.8458, GNorm = 3.0778, lr_0 = 4.2422e-04
Loss = 4.1420e-01, PNorm = 213.8544, GNorm = 3.5159, lr_0 = 4.3033e-04
Loss = 5.4309e-01, PNorm = 213.8646, GNorm = 3.7517, lr_0 = 4.3643e-04
Loss = 5.7138e-01, PNorm = 213.8752, GNorm = 8.5497, lr_0 = 4.4254e-04
Loss = 3.1502e-01, PNorm = 213.8861, GNorm = 3.6520, lr_0 = 4.4864e-04
Loss = 6.2294e-01, PNorm = 213.8976, GNorm = 4.0390, lr_0 = 4.5475e-04
Loss = 5.4681e-01, PNorm = 213.9106, GNorm = 3.1234, lr_0 = 4.6085e-04
Loss = 5.4590e-01, PNorm = 213.9208, GNorm = 3.6958, lr_0 = 4.6696e-04
Loss = 3.9704e-01, PNorm = 213.9331, GNorm = 7.7000, lr_0 = 4.7307e-04
Loss = 5.4287e-01, PNorm = 213.9448, GNorm = 3.5730, lr_0 = 4.7917e-04
Loss = 3.7188e-01, PNorm = 213.9560, GNorm = 4.0605, lr_0 = 4.8528e-04
Loss = 4.1897e-01, PNorm = 213.9650, GNorm = 2.8465, lr_0 = 4.9138e-04
Loss = 2.8533e-01, PNorm = 213.9756, GNorm = 3.6452, lr_0 = 4.9749e-04
Loss = 2.4135e-01, PNorm = 213.9853, GNorm = 1.9466, lr_0 = 5.0360e-04
Loss = 5.4698e-01, PNorm = 213.9983, GNorm = 2.3316, lr_0 = 5.0970e-04
Loss = 4.5288e-01, PNorm = 214.0101, GNorm = 3.9140, lr_0 = 5.1581e-04
Loss = 4.7165e-01, PNorm = 214.0225, GNorm = 1.5954, lr_0 = 5.2191e-04
Loss = 4.0917e-01, PNorm = 214.0363, GNorm = 3.6106, lr_0 = 5.2802e-04
Loss = 4.5128e-01, PNorm = 214.0453, GNorm = 1.7652, lr_0 = 5.3412e-04
Loss = 5.3137e-01, PNorm = 214.0578, GNorm = 3.8334, lr_0 = 5.4023e-04
Loss = 4.2256e-01, PNorm = 214.0727, GNorm = 4.4767, lr_0 = 5.4634e-04
Validation rmse = 0.904277
Epoch 1
Loss = 5.8403e-01, PNorm = 214.0923, GNorm = 2.4701, lr_0 = 5.5305e-04
Loss = 3.8506e-01, PNorm = 214.1041, GNorm = 3.0982, lr_0 = 5.5916e-04
Loss = 3.8562e-01, PNorm = 214.1196, GNorm = 1.6299, lr_0 = 5.6526e-04
Loss = 4.9562e-01, PNorm = 214.1345, GNorm = 5.6355, lr_0 = 5.7137e-04
Loss = 4.4442e-01, PNorm = 214.1498, GNorm = 1.9871, lr_0 = 5.7748e-04
Loss = 4.1113e-01, PNorm = 214.1632, GNorm = 1.6035, lr_0 = 5.8358e-04
Loss = 4.8472e-01, PNorm = 214.1747, GNorm = 2.3706, lr_0 = 5.8969e-04
Loss = 5.4308e-01, PNorm = 214.1855, GNorm = 3.6045, lr_0 = 5.9579e-04
Loss = 6.0451e-01, PNorm = 214.1976, GNorm = 6.1008, lr_0 = 6.0190e-04
Loss = 3.6141e-01, PNorm = 214.2160, GNorm = 4.3373, lr_0 = 6.0801e-04
Loss = 5.2538e-01, PNorm = 214.2350, GNorm = 2.8201, lr_0 = 6.1411e-04
Loss = 5.3881e-01, PNorm = 214.2532, GNorm = 2.2664, lr_0 = 6.2022e-04
Loss = 3.8719e-01, PNorm = 214.2713, GNorm = 2.5226, lr_0 = 6.2632e-04
Loss = 4.3244e-01, PNorm = 214.2898, GNorm = 2.2996, lr_0 = 6.3243e-04
Loss = 3.6497e-01, PNorm = 214.3062, GNorm = 2.1087, lr_0 = 6.3853e-04
Loss = 5.4332e-01, PNorm = 214.3240, GNorm = 3.5857, lr_0 = 6.4464e-04
Loss = 4.2194e-01, PNorm = 214.3443, GNorm = 10.6532, lr_0 = 6.5075e-04
Loss = 3.3577e-01, PNorm = 214.3633, GNorm = 1.6563, lr_0 = 6.5685e-04
Loss = 6.7826e-01, PNorm = 214.3843, GNorm = 5.0735, lr_0 = 6.6296e-04
Loss = 4.4226e-01, PNorm = 214.4088, GNorm = 3.0774, lr_0 = 6.6906e-04
Loss = 3.8485e-01, PNorm = 214.4372, GNorm = 2.1777, lr_0 = 6.7517e-04
Loss = 3.5340e-01, PNorm = 214.4607, GNorm = 2.4709, lr_0 = 6.8128e-04
Loss = 3.1349e-01, PNorm = 214.4859, GNorm = 1.5341, lr_0 = 6.8738e-04
Loss = 5.2135e-01, PNorm = 214.5050, GNorm = 4.4728, lr_0 = 6.9349e-04
Loss = 3.6681e-01, PNorm = 214.5250, GNorm = 3.2933, lr_0 = 6.9959e-04
Loss = 4.3557e-01, PNorm = 214.5467, GNorm = 2.3176, lr_0 = 7.0570e-04
Loss = 4.4560e-01, PNorm = 214.5676, GNorm = 2.3800, lr_0 = 7.1180e-04
Loss = 4.3647e-01, PNorm = 214.5870, GNorm = 4.6804, lr_0 = 7.1791e-04
Loss = 4.3223e-01, PNorm = 214.6049, GNorm = 2.9746, lr_0 = 7.2402e-04
Loss = 4.1563e-01, PNorm = 214.6250, GNorm = 2.8967, lr_0 = 7.3012e-04
Loss = 4.1029e-01, PNorm = 214.6459, GNorm = 1.5523, lr_0 = 7.3623e-04
Loss = 4.1539e-01, PNorm = 214.6711, GNorm = 1.3816, lr_0 = 7.4233e-04
Loss = 2.7441e-01, PNorm = 214.6931, GNorm = 2.6015, lr_0 = 7.4844e-04
Loss = 3.4420e-01, PNorm = 214.7157, GNorm = 2.7241, lr_0 = 7.5455e-04
Loss = 3.6385e-01, PNorm = 214.7427, GNorm = 3.5012, lr_0 = 7.6065e-04
Loss = 4.6447e-01, PNorm = 214.7696, GNorm = 3.3517, lr_0 = 7.6676e-04
Loss = 3.9943e-01, PNorm = 214.7986, GNorm = 3.1791, lr_0 = 7.7286e-04
Loss = 4.5844e-01, PNorm = 214.8219, GNorm = 3.2504, lr_0 = 7.7897e-04
Loss = 3.0934e-01, PNorm = 214.8502, GNorm = 3.4318, lr_0 = 7.8507e-04
Loss = 4.8542e-01, PNorm = 214.8715, GNorm = 3.1562, lr_0 = 7.9118e-04
Loss = 4.3195e-01, PNorm = 214.8954, GNorm = 1.7834, lr_0 = 7.9729e-04
Loss = 2.6279e-01, PNorm = 214.9208, GNorm = 2.3319, lr_0 = 8.0339e-04
Loss = 4.3056e-01, PNorm = 214.9487, GNorm = 6.6813, lr_0 = 8.0950e-04
Loss = 4.8033e-01, PNorm = 214.9785, GNorm = 1.8239, lr_0 = 8.1560e-04
Loss = 4.6276e-01, PNorm = 215.0053, GNorm = 2.5901, lr_0 = 8.2171e-04
Loss = 5.1872e-01, PNorm = 215.0335, GNorm = 3.7881, lr_0 = 8.2782e-04
Loss = 3.8302e-01, PNorm = 215.0674, GNorm = 2.2947, lr_0 = 8.3392e-04
Loss = 3.3722e-01, PNorm = 215.0993, GNorm = 1.4475, lr_0 = 8.4003e-04
Loss = 6.1828e-01, PNorm = 215.1371, GNorm = 1.6447, lr_0 = 8.4613e-04
Loss = 4.0870e-01, PNorm = 215.1729, GNorm = 2.2059, lr_0 = 8.5224e-04
Loss = 4.1999e-01, PNorm = 215.2114, GNorm = 2.2075, lr_0 = 8.5834e-04
Loss = 4.2420e-01, PNorm = 215.2514, GNorm = 2.3884, lr_0 = 8.6445e-04
Loss = 2.7831e-01, PNorm = 215.2878, GNorm = 3.1830, lr_0 = 8.7056e-04
Loss = 4.7321e-01, PNorm = 215.3229, GNorm = 2.6094, lr_0 = 8.7666e-04
Loss = 5.7335e-01, PNorm = 215.3615, GNorm = 4.7938, lr_0 = 8.8277e-04
Loss = 4.1748e-01, PNorm = 215.4057, GNorm = 2.4094, lr_0 = 8.8887e-04
Loss = 3.6422e-01, PNorm = 215.4481, GNorm = 1.8865, lr_0 = 8.9498e-04
Loss = 3.7405e-01, PNorm = 215.4860, GNorm = 3.1248, lr_0 = 9.0109e-04
Loss = 4.6945e-01, PNorm = 215.5240, GNorm = 2.7406, lr_0 = 9.0719e-04
Loss = 4.0490e-01, PNorm = 215.5688, GNorm = 2.6667, lr_0 = 9.1330e-04
Loss = 5.2913e-01, PNorm = 215.6075, GNorm = 5.0705, lr_0 = 9.1940e-04
Loss = 4.5766e-01, PNorm = 215.6472, GNorm = 3.7919, lr_0 = 9.2551e-04
Loss = 3.3799e-01, PNorm = 215.6899, GNorm = 1.5679, lr_0 = 9.3161e-04
Loss = 3.8967e-01, PNorm = 215.7258, GNorm = 3.4820, lr_0 = 9.3772e-04
Loss = 3.8709e-01, PNorm = 215.7628, GNorm = 4.9714, lr_0 = 9.4383e-04
Loss = 3.9204e-01, PNorm = 215.7993, GNorm = 1.6304, lr_0 = 9.4993e-04
Loss = 3.2372e-01, PNorm = 215.8462, GNorm = 2.7355, lr_0 = 9.5604e-04
Loss = 4.6171e-01, PNorm = 215.8868, GNorm = 1.8393, lr_0 = 9.6214e-04
Loss = 3.6309e-01, PNorm = 215.9322, GNorm = 1.6675, lr_0 = 9.6825e-04
Loss = 3.8998e-01, PNorm = 215.9710, GNorm = 2.8148, lr_0 = 9.7436e-04
Loss = 2.9439e-01, PNorm = 216.0053, GNorm = 1.2712, lr_0 = 9.8046e-04
Loss = 2.8848e-01, PNorm = 216.0418, GNorm = 2.3364, lr_0 = 9.8657e-04
Loss = 3.7692e-01, PNorm = 216.0860, GNorm = 2.1049, lr_0 = 9.9267e-04
Loss = 4.1102e-01, PNorm = 216.1271, GNorm = 1.9288, lr_0 = 9.9878e-04
Validation rmse = 0.852430
Epoch 2
Loss = 3.9990e-01, PNorm = 216.1752, GNorm = 2.7187, lr_0 = 9.9688e-04
Loss = 3.5979e-01, PNorm = 216.2275, GNorm = 1.6834, lr_0 = 9.9300e-04
Loss = 3.5904e-01, PNorm = 216.2775, GNorm = 1.9487, lr_0 = 9.8912e-04
Loss = 3.2301e-01, PNorm = 216.3192, GNorm = 2.5662, lr_0 = 9.8527e-04
Loss = 1.6423e-01, PNorm = 216.3587, GNorm = 1.9069, lr_0 = 9.8143e-04
Loss = 2.8234e-01, PNorm = 216.3955, GNorm = 1.3575, lr_0 = 9.7760e-04
Loss = 2.9240e-01, PNorm = 216.4303, GNorm = 1.6100, lr_0 = 9.7379e-04
Loss = 3.3583e-01, PNorm = 216.4602, GNorm = 1.8066, lr_0 = 9.7000e-04
Loss = 3.2916e-01, PNorm = 216.4930, GNorm = 3.0169, lr_0 = 9.6622e-04
Loss = 2.8343e-01, PNorm = 216.5264, GNorm = 1.6961, lr_0 = 9.6245e-04
Loss = 3.4547e-01, PNorm = 216.5582, GNorm = 1.4516, lr_0 = 9.5870e-04
Loss = 3.6201e-01, PNorm = 216.5896, GNorm = 1.8572, lr_0 = 9.5496e-04
Loss = 2.5243e-01, PNorm = 216.6157, GNorm = 3.8738, lr_0 = 9.5124e-04
Loss = 2.3424e-01, PNorm = 216.6409, GNorm = 1.9344, lr_0 = 9.4753e-04
Loss = 3.4493e-01, PNorm = 216.6684, GNorm = 2.7340, lr_0 = 9.4384e-04
Loss = 2.4615e-01, PNorm = 216.6973, GNorm = 1.9414, lr_0 = 9.4016e-04
Loss = 2.6725e-01, PNorm = 216.7275, GNorm = 3.9240, lr_0 = 9.3650e-04
Loss = 4.0320e-01, PNorm = 216.7585, GNorm = 3.6328, lr_0 = 9.3285e-04
Loss = 1.9848e-01, PNorm = 216.7961, GNorm = 1.0313, lr_0 = 9.2921e-04
Loss = 3.2840e-01, PNorm = 216.8311, GNorm = 1.3653, lr_0 = 9.2559e-04
Loss = 4.0102e-01, PNorm = 216.8705, GNorm = 2.5106, lr_0 = 9.2198e-04
Loss = 3.1118e-01, PNorm = 216.9033, GNorm = 4.3612, lr_0 = 9.1839e-04
Loss = 2.5454e-01, PNorm = 216.9362, GNorm = 1.3265, lr_0 = 9.1481e-04
Loss = 2.8395e-01, PNorm = 216.9680, GNorm = 1.7340, lr_0 = 9.1124e-04
Loss = 3.5367e-01, PNorm = 216.9964, GNorm = 1.3378, lr_0 = 9.0769e-04
Loss = 3.9576e-01, PNorm = 217.0246, GNorm = 5.6907, lr_0 = 9.0415e-04
Loss = 4.0675e-01, PNorm = 217.0573, GNorm = 2.8007, lr_0 = 9.0063e-04
Loss = 2.7105e-01, PNorm = 217.0865, GNorm = 1.2899, lr_0 = 8.9712e-04
Loss = 3.7576e-01, PNorm = 217.1182, GNorm = 2.0590, lr_0 = 8.9362e-04
Loss = 3.5899e-01, PNorm = 217.1436, GNorm = 2.4513, lr_0 = 8.9014e-04
Loss = 3.8495e-01, PNorm = 217.1677, GNorm = 1.6860, lr_0 = 8.8667e-04
Loss = 3.6874e-01, PNorm = 217.2077, GNorm = 2.3123, lr_0 = 8.8321e-04
Loss = 3.5102e-01, PNorm = 217.2417, GNorm = 1.6532, lr_0 = 8.7977e-04
Loss = 2.8382e-01, PNorm = 217.2788, GNorm = 2.4037, lr_0 = 8.7634e-04
Loss = 3.6345e-01, PNorm = 217.3139, GNorm = 1.9133, lr_0 = 8.7293e-04
Loss = 3.0795e-01, PNorm = 217.3440, GNorm = 1.8502, lr_0 = 8.6952e-04
Loss = 6.1002e-01, PNorm = 217.3755, GNorm = 3.5052, lr_0 = 8.6613e-04
Loss = 2.8655e-01, PNorm = 217.4073, GNorm = 1.5992, lr_0 = 8.6276e-04
Loss = 4.3620e-01, PNorm = 217.4332, GNorm = 2.2191, lr_0 = 8.5939e-04
Loss = 2.0348e-01, PNorm = 217.4564, GNorm = 2.2951, lr_0 = 8.5605e-04
Loss = 2.5083e-01, PNorm = 217.4767, GNorm = 1.6834, lr_0 = 8.5271e-04
Loss = 3.5932e-01, PNorm = 217.4984, GNorm = 1.6169, lr_0 = 8.4938e-04
Loss = 2.8279e-01, PNorm = 217.5226, GNorm = 1.9974, lr_0 = 8.4607e-04
Loss = 3.2078e-01, PNorm = 217.5469, GNorm = 1.9119, lr_0 = 8.4278e-04
Loss = 1.5716e-01, PNorm = 217.5676, GNorm = 1.5971, lr_0 = 8.3949e-04
Loss = 1.9845e-01, PNorm = 217.5872, GNorm = 2.6979, lr_0 = 8.3622e-04
Loss = 2.8643e-01, PNorm = 217.6064, GNorm = 2.1796, lr_0 = 8.3296e-04
Loss = 2.2834e-01, PNorm = 217.6305, GNorm = 1.6428, lr_0 = 8.2971e-04
Loss = 2.5231e-01, PNorm = 217.6518, GNorm = 1.2976, lr_0 = 8.2648e-04
Loss = 5.3046e-01, PNorm = 217.6767, GNorm = 6.3573, lr_0 = 8.2326e-04
Loss = 3.9431e-01, PNorm = 217.7031, GNorm = 2.1162, lr_0 = 8.2005e-04
Loss = 3.2576e-01, PNorm = 217.7326, GNorm = 2.3273, lr_0 = 8.1685e-04
Loss = 2.8411e-01, PNorm = 217.7566, GNorm = 2.4234, lr_0 = 8.1367e-04
Loss = 3.2106e-01, PNorm = 217.7800, GNorm = 2.1036, lr_0 = 8.1050e-04
Loss = 2.4633e-01, PNorm = 217.8004, GNorm = 1.2043, lr_0 = 8.0734e-04
Loss = 2.4672e-01, PNorm = 217.8209, GNorm = 2.3194, lr_0 = 8.0419e-04
Loss = 3.4796e-01, PNorm = 217.8432, GNorm = 3.6557, lr_0 = 8.0106e-04
Loss = 3.5649e-01, PNorm = 217.8635, GNorm = 2.6798, lr_0 = 7.9793e-04
Loss = 3.0637e-01, PNorm = 217.8847, GNorm = 3.0491, lr_0 = 7.9482e-04
Loss = 4.6293e-01, PNorm = 217.9127, GNorm = 2.8891, lr_0 = 7.9173e-04
Loss = 3.2038e-01, PNorm = 217.9426, GNorm = 1.0465, lr_0 = 7.8864e-04
Loss = 2.2902e-01, PNorm = 217.9707, GNorm = 2.5560, lr_0 = 7.8557e-04
Loss = 2.7055e-01, PNorm = 217.9901, GNorm = 1.9216, lr_0 = 7.8250e-04
Loss = 3.0446e-01, PNorm = 218.0067, GNorm = 1.3457, lr_0 = 7.7945e-04
Loss = 4.0246e-01, PNorm = 218.0284, GNorm = 1.8537, lr_0 = 7.7642e-04
Loss = 2.4254e-01, PNorm = 218.0522, GNorm = 2.1617, lr_0 = 7.7339e-04
Loss = 3.2138e-01, PNorm = 218.0763, GNorm = 2.0244, lr_0 = 7.7038e-04
Loss = 3.6999e-01, PNorm = 218.1005, GNorm = 2.6887, lr_0 = 7.6737e-04
Loss = 3.8113e-01, PNorm = 218.1267, GNorm = 1.3383, lr_0 = 7.6438e-04
Loss = 3.5090e-01, PNorm = 218.1563, GNorm = 2.1424, lr_0 = 7.6140e-04
Loss = 3.0765e-01, PNorm = 218.1850, GNorm = 1.2416, lr_0 = 7.5844e-04
Loss = 3.4034e-01, PNorm = 218.2072, GNorm = 4.5156, lr_0 = 7.5548e-04
Loss = 3.7921e-01, PNorm = 218.2278, GNorm = 1.6152, lr_0 = 7.5253e-04
Loss = 3.2506e-01, PNorm = 218.2464, GNorm = 4.6109, lr_0 = 7.4960e-04
Validation rmse = 0.729339
Epoch 3
Loss = 2.5390e-01, PNorm = 218.2704, GNorm = 1.1839, lr_0 = 7.4668e-04
Loss = 2.3956e-01, PNorm = 218.2943, GNorm = 0.8123, lr_0 = 7.4377e-04
Loss = 1.8685e-01, PNorm = 218.3135, GNorm = 0.7889, lr_0 = 7.4087e-04
Loss = 2.2662e-01, PNorm = 218.3321, GNorm = 1.4731, lr_0 = 7.3798e-04
Loss = 2.9585e-01, PNorm = 218.3469, GNorm = 3.2604, lr_0 = 7.3511e-04
Loss = 3.0258e-01, PNorm = 218.3608, GNorm = 2.3055, lr_0 = 7.3224e-04
Loss = 2.8696e-01, PNorm = 218.3784, GNorm = 3.5711, lr_0 = 7.2939e-04
Loss = 2.0841e-01, PNorm = 218.4002, GNorm = 1.6374, lr_0 = 7.2654e-04
Loss = 2.7218e-01, PNorm = 218.4223, GNorm = 2.3775, lr_0 = 7.2371e-04
Loss = 1.4406e-01, PNorm = 218.4420, GNorm = 2.0595, lr_0 = 7.2089e-04
Loss = 2.0122e-01, PNorm = 218.4610, GNorm = 0.9869, lr_0 = 7.1808e-04
Loss = 2.6063e-01, PNorm = 218.4768, GNorm = 1.0366, lr_0 = 7.1528e-04
Loss = 1.5155e-01, PNorm = 218.4919, GNorm = 1.5535, lr_0 = 7.1249e-04
Loss = 1.2726e-01, PNorm = 218.5028, GNorm = 3.1429, lr_0 = 7.0972e-04
Loss = 3.4406e-01, PNorm = 218.5146, GNorm = 2.0894, lr_0 = 7.0695e-04
Loss = 2.9391e-01, PNorm = 218.5259, GNorm = 1.6615, lr_0 = 7.0420e-04
Loss = 1.7869e-01, PNorm = 218.5358, GNorm = 0.9684, lr_0 = 7.0145e-04
Loss = 2.6275e-01, PNorm = 218.5466, GNorm = 2.9113, lr_0 = 6.9872e-04
Loss = 2.8818e-01, PNorm = 218.5628, GNorm = 1.7692, lr_0 = 6.9599e-04
Loss = 2.1782e-01, PNorm = 218.5762, GNorm = 3.0366, lr_0 = 6.9328e-04
Loss = 4.6360e-01, PNorm = 218.5943, GNorm = 2.9887, lr_0 = 6.9058e-04
Loss = 3.3559e-01, PNorm = 218.6118, GNorm = 1.3235, lr_0 = 6.8789e-04
Loss = 2.5252e-01, PNorm = 218.6320, GNorm = 2.4586, lr_0 = 6.8521e-04
Loss = 1.5802e-01, PNorm = 218.6470, GNorm = 0.8603, lr_0 = 6.8253e-04
Loss = 1.5213e-01, PNorm = 218.6620, GNorm = 1.0146, lr_0 = 6.7987e-04
Loss = 4.2159e-01, PNorm = 218.6759, GNorm = 2.2594, lr_0 = 6.7722e-04
Loss = 1.7435e-01, PNorm = 218.6889, GNorm = 1.3698, lr_0 = 6.7458e-04
Loss = 1.4342e-01, PNorm = 218.7016, GNorm = 0.8985, lr_0 = 6.7196e-04
Loss = 3.4178e-01, PNorm = 218.7134, GNorm = 1.4781, lr_0 = 6.6934e-04
Loss = 1.6928e-01, PNorm = 218.7262, GNorm = 2.4308, lr_0 = 6.6673e-04
Loss = 2.6490e-01, PNorm = 218.7369, GNorm = 1.0441, lr_0 = 6.6413e-04
Loss = 3.8875e-01, PNorm = 218.7484, GNorm = 4.0162, lr_0 = 6.6154e-04
Loss = 2.5295e-01, PNorm = 218.7625, GNorm = 1.2017, lr_0 = 6.5896e-04
Loss = 3.6537e-01, PNorm = 218.7782, GNorm = 2.4674, lr_0 = 6.5639e-04
Loss = 1.7821e-01, PNorm = 218.7952, GNorm = 1.0264, lr_0 = 6.5383e-04
Loss = 2.8932e-01, PNorm = 218.8094, GNorm = 2.0968, lr_0 = 6.5129e-04
Loss = 2.7848e-01, PNorm = 218.8228, GNorm = 1.0807, lr_0 = 6.4875e-04
Loss = 3.2033e-01, PNorm = 218.8380, GNorm = 1.7834, lr_0 = 6.4622e-04
Loss = 2.2727e-01, PNorm = 218.8528, GNorm = 1.8730, lr_0 = 6.4370e-04
Loss = 2.4154e-01, PNorm = 218.8647, GNorm = 2.3992, lr_0 = 6.4119e-04
Loss = 1.7520e-01, PNorm = 218.8765, GNorm = 1.7808, lr_0 = 6.3869e-04
Loss = 1.1151e-01, PNorm = 218.8874, GNorm = 1.0947, lr_0 = 6.3620e-04
Loss = 2.2816e-01, PNorm = 218.8989, GNorm = 1.7546, lr_0 = 6.3372e-04
Loss = 2.0920e-01, PNorm = 218.9087, GNorm = 2.1383, lr_0 = 6.3125e-04
Loss = 2.3797e-01, PNorm = 218.9165, GNorm = 3.4282, lr_0 = 6.2879e-04
Loss = 1.6968e-01, PNorm = 218.9279, GNorm = 1.4187, lr_0 = 6.2634e-04
Loss = 2.6783e-01, PNorm = 218.9369, GNorm = 2.2573, lr_0 = 6.2390e-04
Loss = 1.8980e-01, PNorm = 218.9476, GNorm = 1.1777, lr_0 = 6.2147e-04
Loss = 1.9861e-01, PNorm = 218.9598, GNorm = 0.5781, lr_0 = 6.1905e-04
Loss = 3.3600e-01, PNorm = 218.9708, GNorm = 1.0527, lr_0 = 6.1663e-04
Loss = 2.3781e-01, PNorm = 218.9838, GNorm = 1.5977, lr_0 = 6.1423e-04
Loss = 2.7434e-01, PNorm = 218.9989, GNorm = 2.4887, lr_0 = 6.1184e-04
Loss = 1.9674e-01, PNorm = 219.0117, GNorm = 1.3180, lr_0 = 6.0945e-04
Loss = 1.4375e-01, PNorm = 219.0229, GNorm = 2.4987, lr_0 = 6.0708e-04
Loss = 1.9148e-01, PNorm = 219.0318, GNorm = 1.3134, lr_0 = 6.0471e-04
Loss = 2.4860e-01, PNorm = 219.0424, GNorm = 1.4594, lr_0 = 6.0235e-04
Loss = 2.1158e-01, PNorm = 219.0584, GNorm = 2.8087, lr_0 = 6.0000e-04
Loss = 1.6230e-01, PNorm = 219.0711, GNorm = 0.8171, lr_0 = 5.9767e-04
Loss = 1.8280e-01, PNorm = 219.0865, GNorm = 1.3109, lr_0 = 5.9534e-04
Loss = 1.8878e-01, PNorm = 219.0958, GNorm = 0.9949, lr_0 = 5.9302e-04
Loss = 3.1087e-01, PNorm = 219.1042, GNorm = 1.5558, lr_0 = 5.9070e-04
Loss = 3.0810e-01, PNorm = 219.1133, GNorm = 2.2139, lr_0 = 5.8840e-04
Loss = 2.1225e-01, PNorm = 219.1228, GNorm = 4.2702, lr_0 = 5.8611e-04
Loss = 1.4706e-01, PNorm = 219.1347, GNorm = 1.7118, lr_0 = 5.8382e-04
Loss = 1.2346e-01, PNorm = 219.1446, GNorm = 1.8201, lr_0 = 5.8155e-04
Loss = 2.3128e-01, PNorm = 219.1560, GNorm = 1.4656, lr_0 = 5.7928e-04
Loss = 2.3191e-01, PNorm = 219.1675, GNorm = 2.5438, lr_0 = 5.7702e-04
Loss = 3.4633e-01, PNorm = 219.1824, GNorm = 1.0622, lr_0 = 5.7478e-04
Loss = 2.7662e-01, PNorm = 219.1956, GNorm = 1.8572, lr_0 = 5.7253e-04
Loss = 1.0650e-01, PNorm = 219.2042, GNorm = 1.1508, lr_0 = 5.7030e-04
Loss = 2.3906e-01, PNorm = 219.2130, GNorm = 1.6756, lr_0 = 5.6808e-04
Loss = 2.6475e-01, PNorm = 219.2249, GNorm = 2.0867, lr_0 = 5.6587e-04
Loss = 1.1355e-01, PNorm = 219.2364, GNorm = 0.8686, lr_0 = 5.6366e-04
Loss = 3.6736e-01, PNorm = 219.2444, GNorm = 4.8130, lr_0 = 5.6146e-04
Validation rmse = 0.637789
Epoch 4
Loss = 2.0521e-01, PNorm = 219.2532, GNorm = 1.0841, lr_0 = 5.5928e-04
Loss = 2.3385e-01, PNorm = 219.2614, GNorm = 2.4871, lr_0 = 5.5710e-04
Loss = 1.5687e-01, PNorm = 219.2695, GNorm = 3.1154, lr_0 = 5.5492e-04
Loss = 1.6544e-01, PNorm = 219.2807, GNorm = 1.9857, lr_0 = 5.5276e-04
Loss = 3.4463e-01, PNorm = 219.2918, GNorm = 1.1823, lr_0 = 5.5061e-04
Loss = 2.9008e-01, PNorm = 219.3052, GNorm = 0.9603, lr_0 = 5.4846e-04
Loss = 2.6987e-01, PNorm = 219.3160, GNorm = 2.1451, lr_0 = 5.4632e-04
Loss = 1.2818e-01, PNorm = 219.3291, GNorm = 2.1248, lr_0 = 5.4419e-04
Loss = 1.6707e-01, PNorm = 219.3377, GNorm = 0.6175, lr_0 = 5.4207e-04
Loss = 1.8946e-01, PNorm = 219.3475, GNorm = 2.5827, lr_0 = 5.3996e-04
Loss = 1.8112e-01, PNorm = 219.3538, GNorm = 1.4750, lr_0 = 5.3785e-04
Loss = 3.8511e-01, PNorm = 219.3626, GNorm = 4.3363, lr_0 = 5.3576e-04
Loss = 2.7433e-01, PNorm = 219.3734, GNorm = 1.7826, lr_0 = 5.3367e-04
Loss = 1.8576e-01, PNorm = 219.3855, GNorm = 0.9203, lr_0 = 5.3159e-04
Loss = 2.1235e-01, PNorm = 219.3957, GNorm = 1.0840, lr_0 = 5.2952e-04
Loss = 1.5222e-01, PNorm = 219.4053, GNorm = 1.3091, lr_0 = 5.2745e-04
Loss = 2.7553e-01, PNorm = 219.4160, GNorm = 1.6330, lr_0 = 5.2540e-04
Loss = 2.0549e-01, PNorm = 219.4291, GNorm = 1.7191, lr_0 = 5.2335e-04
Loss = 1.4397e-01, PNorm = 219.4389, GNorm = 1.1470, lr_0 = 5.2131e-04
Loss = 1.4190e-01, PNorm = 219.4484, GNorm = 1.2802, lr_0 = 5.1928e-04
Loss = 1.9088e-01, PNorm = 219.4592, GNorm = 3.3430, lr_0 = 5.1725e-04
Loss = 2.1080e-01, PNorm = 219.4681, GNorm = 1.0989, lr_0 = 5.1524e-04
Loss = 2.4443e-01, PNorm = 219.4755, GNorm = 1.5552, lr_0 = 5.1323e-04
Loss = 1.7200e-01, PNorm = 219.4826, GNorm = 1.2037, lr_0 = 5.1123e-04
Loss = 2.5680e-01, PNorm = 219.4899, GNorm = 2.2607, lr_0 = 5.0924e-04
Loss = 1.4510e-01, PNorm = 219.4981, GNorm = 2.1660, lr_0 = 5.0725e-04
Loss = 1.8475e-01, PNorm = 219.5072, GNorm = 1.2465, lr_0 = 5.0528e-04
Loss = 1.1918e-01, PNorm = 219.5156, GNorm = 1.1567, lr_0 = 5.0331e-04
Loss = 1.2235e-01, PNorm = 219.5219, GNorm = 0.8465, lr_0 = 5.0134e-04
Loss = 1.6550e-01, PNorm = 219.5289, GNorm = 2.3401, lr_0 = 4.9939e-04
Loss = 2.0570e-01, PNorm = 219.5390, GNorm = 1.6516, lr_0 = 4.9744e-04
Loss = 2.8686e-01, PNorm = 219.5457, GNorm = 2.5423, lr_0 = 4.9550e-04
Loss = 2.8255e-01, PNorm = 219.5549, GNorm = 0.7661, lr_0 = 4.9357e-04
Loss = 2.2461e-01, PNorm = 219.5647, GNorm = 2.3417, lr_0 = 4.9165e-04
Loss = 2.3570e-01, PNorm = 219.5740, GNorm = 4.2258, lr_0 = 4.8973e-04
Loss = 2.2969e-01, PNorm = 219.5837, GNorm = 1.5188, lr_0 = 4.8782e-04
Loss = 1.1537e-01, PNorm = 219.5944, GNorm = 1.8536, lr_0 = 4.8592e-04
Loss = 1.6274e-01, PNorm = 219.6034, GNorm = 1.8560, lr_0 = 4.8403e-04
Loss = 1.8632e-01, PNorm = 219.6098, GNorm = 0.9601, lr_0 = 4.8214e-04
Loss = 1.9920e-01, PNorm = 219.6158, GNorm = 1.5231, lr_0 = 4.8026e-04
Loss = 2.5211e-01, PNorm = 219.6209, GNorm = 1.4084, lr_0 = 4.7839e-04
Loss = 1.2445e-01, PNorm = 219.6279, GNorm = 1.2999, lr_0 = 4.7653e-04
Loss = 2.7041e-01, PNorm = 219.6379, GNorm = 4.4314, lr_0 = 4.7467e-04
Loss = 2.1753e-01, PNorm = 219.6465, GNorm = 1.1971, lr_0 = 4.7282e-04
Loss = 1.9895e-01, PNorm = 219.6574, GNorm = 0.9281, lr_0 = 4.7098e-04
Loss = 1.2907e-01, PNorm = 219.6704, GNorm = 0.8074, lr_0 = 4.6914e-04
Loss = 1.7584e-01, PNorm = 219.6778, GNorm = 1.4481, lr_0 = 4.6731e-04
Loss = 1.1724e-01, PNorm = 219.6846, GNorm = 1.2063, lr_0 = 4.6549e-04
Loss = 2.6760e-01, PNorm = 219.6925, GNorm = 1.2639, lr_0 = 4.6368e-04
Loss = 2.1584e-01, PNorm = 219.7015, GNorm = 1.5902, lr_0 = 4.6187e-04
Loss = 3.2591e-01, PNorm = 219.7108, GNorm = 0.9952, lr_0 = 4.6007e-04
Loss = 1.1822e-01, PNorm = 219.7185, GNorm = 1.7155, lr_0 = 4.5828e-04
Loss = 1.4728e-01, PNorm = 219.7245, GNorm = 1.5179, lr_0 = 4.5649e-04
Loss = 1.6595e-01, PNorm = 219.7324, GNorm = 0.9449, lr_0 = 4.5471e-04
Loss = 1.8595e-01, PNorm = 219.7393, GNorm = 2.8402, lr_0 = 4.5294e-04
Loss = 1.7237e-01, PNorm = 219.7472, GNorm = 1.2625, lr_0 = 4.5117e-04
Loss = 2.8775e-01, PNorm = 219.7539, GNorm = 1.7289, lr_0 = 4.4941e-04
Loss = 1.2705e-01, PNorm = 219.7644, GNorm = 2.1297, lr_0 = 4.4766e-04
Loss = 1.3352e-01, PNorm = 219.7731, GNorm = 1.4866, lr_0 = 4.4592e-04
Loss = 2.1557e-01, PNorm = 219.7844, GNorm = 2.7822, lr_0 = 4.4418e-04
Loss = 1.6728e-01, PNorm = 219.7909, GNorm = 0.9573, lr_0 = 4.4245e-04
Loss = 1.1772e-01, PNorm = 219.7971, GNorm = 1.4462, lr_0 = 4.4072e-04
Loss = 1.4623e-01, PNorm = 219.8040, GNorm = 0.7997, lr_0 = 4.3901e-04
Loss = 2.5396e-01, PNorm = 219.8112, GNorm = 1.3978, lr_0 = 4.3729e-04
Loss = 2.4830e-01, PNorm = 219.8189, GNorm = 2.1173, lr_0 = 4.3559e-04
Loss = 1.2650e-01, PNorm = 219.8271, GNorm = 0.8591, lr_0 = 4.3389e-04
Loss = 1.8674e-01, PNorm = 219.8344, GNorm = 1.5515, lr_0 = 4.3220e-04
Loss = 1.2338e-01, PNorm = 219.8411, GNorm = 1.7640, lr_0 = 4.3052e-04
Loss = 1.2210e-01, PNorm = 219.8445, GNorm = 2.1437, lr_0 = 4.2884e-04
Loss = 1.2863e-01, PNorm = 219.8509, GNorm = 1.7251, lr_0 = 4.2717e-04
Loss = 2.5813e-01, PNorm = 219.8561, GNorm = 0.6834, lr_0 = 4.2550e-04
Loss = 2.6248e-01, PNorm = 219.8624, GNorm = 0.7544, lr_0 = 4.2384e-04
Loss = 1.0845e-01, PNorm = 219.8687, GNorm = 1.3442, lr_0 = 4.2219e-04
Validation rmse = 0.623420
Epoch 5
Loss = 7.0436e-01, PNorm = 219.8748, GNorm = 4.0601, lr_0 = 4.2055e-04
Loss = 1.0500e-01, PNorm = 219.8798, GNorm = 1.0035, lr_0 = 4.1891e-04
Loss = 1.2926e-01, PNorm = 219.8883, GNorm = 1.2313, lr_0 = 4.1727e-04
Loss = 1.3252e-01, PNorm = 219.8912, GNorm = 1.1800, lr_0 = 4.1565e-04
Loss = 2.1875e-01, PNorm = 219.8966, GNorm = 0.8181, lr_0 = 4.1403e-04
Loss = 1.6304e-01, PNorm = 219.9022, GNorm = 2.6963, lr_0 = 4.1241e-04
Loss = 8.1927e-02, PNorm = 219.9066, GNorm = 1.1271, lr_0 = 4.1081e-04
Loss = 1.7483e-01, PNorm = 219.9101, GNorm = 2.3033, lr_0 = 4.0920e-04
Loss = 1.4495e-01, PNorm = 219.9153, GNorm = 0.8768, lr_0 = 4.0761e-04
Loss = 1.9995e-01, PNorm = 219.9197, GNorm = 1.6939, lr_0 = 4.0602e-04
Loss = 9.3446e-02, PNorm = 219.9261, GNorm = 1.2073, lr_0 = 4.0444e-04
Loss = 2.4559e-01, PNorm = 219.9318, GNorm = 4.7606, lr_0 = 4.0286e-04
Loss = 1.4653e-01, PNorm = 219.9404, GNorm = 2.4765, lr_0 = 4.0129e-04
Loss = 1.7309e-01, PNorm = 219.9447, GNorm = 1.3029, lr_0 = 3.9973e-04
Loss = 5.9378e-02, PNorm = 219.9513, GNorm = 0.8915, lr_0 = 3.9817e-04
Loss = 1.4317e-01, PNorm = 219.9556, GNorm = 0.7325, lr_0 = 3.9662e-04
Loss = 9.5641e-02, PNorm = 219.9627, GNorm = 0.5120, lr_0 = 3.9507e-04
Loss = 1.3598e-01, PNorm = 219.9681, GNorm = 1.5927, lr_0 = 3.9353e-04
Loss = 1.8837e-01, PNorm = 219.9717, GNorm = 0.8592, lr_0 = 3.9200e-04
Loss = 2.0483e-01, PNorm = 219.9756, GNorm = 0.8000, lr_0 = 3.9047e-04
Loss = 2.4413e-01, PNorm = 219.9805, GNorm = 1.0205, lr_0 = 3.8895e-04
Loss = 2.0954e-01, PNorm = 219.9858, GNorm = 1.4214, lr_0 = 3.8743e-04
Loss = 1.0187e-01, PNorm = 219.9904, GNorm = 1.2761, lr_0 = 3.8592e-04
Loss = 3.1226e-01, PNorm = 219.9927, GNorm = 2.7026, lr_0 = 3.8442e-04
Loss = 8.8311e-02, PNorm = 219.9989, GNorm = 2.5559, lr_0 = 3.8292e-04
Loss = 8.7182e-02, PNorm = 220.0050, GNorm = 2.1970, lr_0 = 3.8143e-04
Loss = 1.8297e-01, PNorm = 220.0108, GNorm = 2.0126, lr_0 = 3.7994e-04
Loss = 1.2098e-01, PNorm = 220.0155, GNorm = 0.8458, lr_0 = 3.7846e-04
Loss = 2.7680e-01, PNorm = 220.0181, GNorm = 1.1306, lr_0 = 3.7698e-04
Loss = 1.9405e-01, PNorm = 220.0243, GNorm = 3.6623, lr_0 = 3.7551e-04
Loss = 7.8229e-02, PNorm = 220.0284, GNorm = 1.0892, lr_0 = 3.7405e-04
Loss = 8.5875e-02, PNorm = 220.0338, GNorm = 0.3805, lr_0 = 3.7259e-04
Loss = 1.9822e-01, PNorm = 220.0407, GNorm = 0.7362, lr_0 = 3.7114e-04
Loss = 1.4610e-01, PNorm = 220.0457, GNorm = 0.7179, lr_0 = 3.6969e-04
Loss = 9.9401e-02, PNorm = 220.0500, GNorm = 1.1252, lr_0 = 3.6825e-04
Loss = 1.8934e-01, PNorm = 220.0540, GNorm = 2.1002, lr_0 = 3.6682e-04
Loss = 1.8090e-01, PNorm = 220.0622, GNorm = 2.5196, lr_0 = 3.6539e-04
Loss = 2.6996e-01, PNorm = 220.0707, GNorm = 0.4909, lr_0 = 3.6396e-04
Loss = 1.5623e-01, PNorm = 220.0773, GNorm = 1.3669, lr_0 = 3.6255e-04
Loss = 2.4016e-01, PNorm = 220.0823, GNorm = 1.5223, lr_0 = 3.6113e-04
Loss = 2.0383e-01, PNorm = 220.0919, GNorm = 1.3614, lr_0 = 3.5972e-04
Loss = 1.4347e-01, PNorm = 220.0978, GNorm = 1.2050, lr_0 = 3.5832e-04
Loss = 1.5066e-01, PNorm = 220.1053, GNorm = 3.5723, lr_0 = 3.5693e-04
Loss = 1.6644e-01, PNorm = 220.1092, GNorm = 0.6509, lr_0 = 3.5553e-04
Loss = 1.7963e-01, PNorm = 220.1147, GNorm = 0.7561, lr_0 = 3.5415e-04
Loss = 1.0668e-01, PNorm = 220.1189, GNorm = 0.9081, lr_0 = 3.5277e-04
Loss = 2.2720e-01, PNorm = 220.1251, GNorm = 1.2919, lr_0 = 3.5139e-04
Loss = 1.6499e-01, PNorm = 220.1323, GNorm = 0.5688, lr_0 = 3.5002e-04
Loss = 1.3895e-01, PNorm = 220.1377, GNorm = 1.9304, lr_0 = 3.4866e-04
Loss = 1.3315e-01, PNorm = 220.1422, GNorm = 1.3220, lr_0 = 3.4730e-04
Loss = 2.6366e-01, PNorm = 220.1447, GNorm = 1.2091, lr_0 = 3.4595e-04
Loss = 2.0552e-01, PNorm = 220.1501, GNorm = 2.8653, lr_0 = 3.4460e-04
Loss = 1.5785e-01, PNorm = 220.1536, GNorm = 1.0750, lr_0 = 3.4326e-04
Loss = 1.2178e-01, PNorm = 220.1575, GNorm = 1.6312, lr_0 = 3.4192e-04
Loss = 1.1737e-01, PNorm = 220.1609, GNorm = 1.0310, lr_0 = 3.4058e-04
Loss = 1.1099e-01, PNorm = 220.1643, GNorm = 1.1484, lr_0 = 3.3926e-04
Loss = 1.2850e-01, PNorm = 220.1683, GNorm = 0.6339, lr_0 = 3.3793e-04
Loss = 1.3635e-01, PNorm = 220.1730, GNorm = 1.1132, lr_0 = 3.3662e-04
Loss = 1.3246e-01, PNorm = 220.1776, GNorm = 0.6751, lr_0 = 3.3531e-04
Loss = 1.6647e-01, PNorm = 220.1801, GNorm = 1.4030, lr_0 = 3.3400e-04
Loss = 2.1172e-01, PNorm = 220.1842, GNorm = 0.6339, lr_0 = 3.3270e-04
Loss = 1.4538e-01, PNorm = 220.1887, GNorm = 1.2339, lr_0 = 3.3140e-04
Loss = 1.5402e-01, PNorm = 220.1937, GNorm = 1.2368, lr_0 = 3.3011e-04
Loss = 1.6317e-01, PNorm = 220.1981, GNorm = 1.3106, lr_0 = 3.2882e-04
Loss = 1.1129e-01, PNorm = 220.2016, GNorm = 1.3200, lr_0 = 3.2754e-04
Loss = 2.3068e-01, PNorm = 220.2068, GNorm = 4.0119, lr_0 = 3.2626e-04
Loss = 7.1465e-02, PNorm = 220.2112, GNorm = 0.8823, lr_0 = 3.2499e-04
Loss = 1.7576e-01, PNorm = 220.2138, GNorm = 1.4692, lr_0 = 3.2373e-04
Loss = 1.2964e-01, PNorm = 220.2186, GNorm = 0.7023, lr_0 = 3.2246e-04
Loss = 8.7903e-02, PNorm = 220.2227, GNorm = 1.6006, lr_0 = 3.2121e-04
Loss = 1.6176e-01, PNorm = 220.2273, GNorm = 1.8439, lr_0 = 3.1995e-04
Loss = 2.8737e-01, PNorm = 220.2327, GNorm = 3.8147, lr_0 = 3.1871e-04
Loss = 2.9767e-01, PNorm = 220.2375, GNorm = 2.1047, lr_0 = 3.1747e-04
Loss = 9.7819e-02, PNorm = 220.2428, GNorm = 1.5392, lr_0 = 3.1623e-04
Validation rmse = 0.621216
Epoch 6
Loss = 1.5562e-01, PNorm = 220.2476, GNorm = 1.5071, lr_0 = 3.1500e-04
Loss = 1.3423e-01, PNorm = 220.2536, GNorm = 2.2839, lr_0 = 3.1377e-04
Loss = 1.1015e-01, PNorm = 220.2583, GNorm = 2.1607, lr_0 = 3.1254e-04
Loss = 9.3073e-02, PNorm = 220.2627, GNorm = 1.5144, lr_0 = 3.1133e-04
Loss = 2.8656e-01, PNorm = 220.2692, GNorm = 4.4364, lr_0 = 3.1011e-04
Loss = 1.2414e-01, PNorm = 220.2755, GNorm = 5.0459, lr_0 = 3.0890e-04
Loss = 1.0392e-01, PNorm = 220.2815, GNorm = 0.8778, lr_0 = 3.0770e-04
Loss = 1.9103e-01, PNorm = 220.2858, GNorm = 1.4681, lr_0 = 3.0650e-04
Loss = 1.8547e-01, PNorm = 220.2891, GNorm = 0.9920, lr_0 = 3.0531e-04
Loss = 1.3961e-01, PNorm = 220.2926, GNorm = 0.5825, lr_0 = 3.0412e-04
Loss = 1.0602e-01, PNorm = 220.2977, GNorm = 2.2552, lr_0 = 3.0293e-04
Loss = 1.6278e-01, PNorm = 220.3033, GNorm = 3.3045, lr_0 = 3.0175e-04
Loss = 1.0312e-01, PNorm = 220.3083, GNorm = 1.6358, lr_0 = 3.0057e-04
Loss = 1.1311e-01, PNorm = 220.3133, GNorm = 0.8318, lr_0 = 2.9940e-04
Loss = 1.5196e-01, PNorm = 220.3159, GNorm = 0.9537, lr_0 = 2.9824e-04
Loss = 1.0706e-01, PNorm = 220.3152, GNorm = 0.8629, lr_0 = 2.9707e-04
Loss = 1.0990e-01, PNorm = 220.3174, GNorm = 1.6047, lr_0 = 2.9591e-04
Loss = 1.1258e-01, PNorm = 220.3196, GNorm = 2.4625, lr_0 = 2.9476e-04
Loss = 1.1112e-01, PNorm = 220.3235, GNorm = 1.3982, lr_0 = 2.9361e-04
Loss = 2.5099e-01, PNorm = 220.3277, GNorm = 1.6972, lr_0 = 2.9247e-04
Loss = 1.1670e-01, PNorm = 220.3339, GNorm = 1.2535, lr_0 = 2.9133e-04
Loss = 1.4000e-01, PNorm = 220.3377, GNorm = 1.8136, lr_0 = 2.9019e-04
Loss = 2.6377e-01, PNorm = 220.3414, GNorm = 1.7085, lr_0 = 2.8906e-04
Loss = 1.9219e-01, PNorm = 220.3466, GNorm = 2.0482, lr_0 = 2.8793e-04
Loss = 1.1048e-01, PNorm = 220.3496, GNorm = 1.7360, lr_0 = 2.8681e-04
Loss = 1.1282e-01, PNorm = 220.3538, GNorm = 1.1639, lr_0 = 2.8569e-04
Loss = 1.6737e-01, PNorm = 220.3576, GNorm = 0.6444, lr_0 = 2.8458e-04
Loss = 2.0926e-01, PNorm = 220.3619, GNorm = 2.6350, lr_0 = 2.8347e-04
Loss = 1.7400e-01, PNorm = 220.3676, GNorm = 1.2210, lr_0 = 2.8237e-04
Loss = 2.1782e-01, PNorm = 220.3758, GNorm = 1.4601, lr_0 = 2.8127e-04
Loss = 1.1579e-01, PNorm = 220.3809, GNorm = 2.4039, lr_0 = 2.8017e-04
Loss = 1.8115e-01, PNorm = 220.3846, GNorm = 0.8796, lr_0 = 2.7908e-04
Loss = 1.2869e-01, PNorm = 220.3870, GNorm = 1.1011, lr_0 = 2.7799e-04
Loss = 1.2592e-01, PNorm = 220.3885, GNorm = 0.7948, lr_0 = 2.7691e-04
Loss = 1.3812e-01, PNorm = 220.3916, GNorm = 1.7347, lr_0 = 2.7583e-04
Loss = 1.1478e-01, PNorm = 220.3951, GNorm = 0.7335, lr_0 = 2.7475e-04
Loss = 1.0938e-01, PNorm = 220.3975, GNorm = 1.9257, lr_0 = 2.7368e-04
Loss = 7.1896e-02, PNorm = 220.4003, GNorm = 1.1347, lr_0 = 2.7261e-04
Loss = 1.9866e-01, PNorm = 220.4026, GNorm = 3.9253, lr_0 = 2.7155e-04
Loss = 1.1394e-01, PNorm = 220.4050, GNorm = 0.7605, lr_0 = 2.7049e-04
Loss = 2.2265e-01, PNorm = 220.4070, GNorm = 0.9039, lr_0 = 2.6944e-04
Loss = 1.2571e-01, PNorm = 220.4111, GNorm = 0.9897, lr_0 = 2.6839e-04
Loss = 7.6653e-02, PNorm = 220.4142, GNorm = 0.9474, lr_0 = 2.6734e-04
Loss = 1.2277e-01, PNorm = 220.4171, GNorm = 2.1004, lr_0 = 2.6630e-04
Loss = 1.9884e-01, PNorm = 220.4199, GNorm = 0.8639, lr_0 = 2.6526e-04
Loss = 8.9543e-02, PNorm = 220.4236, GNorm = 0.6784, lr_0 = 2.6423e-04
Loss = 1.9187e-01, PNorm = 220.4260, GNorm = 0.7631, lr_0 = 2.6320e-04
Loss = 1.1572e-01, PNorm = 220.4298, GNorm = 0.5386, lr_0 = 2.6217e-04
Loss = 9.8850e-02, PNorm = 220.4319, GNorm = 0.7014, lr_0 = 2.6115e-04
Loss = 1.6654e-01, PNorm = 220.4333, GNorm = 1.0644, lr_0 = 2.6013e-04
Loss = 1.2883e-01, PNorm = 220.4355, GNorm = 0.9122, lr_0 = 2.5912e-04
Loss = 7.5123e-02, PNorm = 220.4371, GNorm = 0.6988, lr_0 = 2.5811e-04
Loss = 3.0072e-01, PNorm = 220.4385, GNorm = 2.1343, lr_0 = 2.5710e-04
Loss = 8.9336e-02, PNorm = 220.4407, GNorm = 0.7007, lr_0 = 2.5610e-04
Loss = 8.5098e-02, PNorm = 220.4436, GNorm = 0.7612, lr_0 = 2.5510e-04
Loss = 1.4860e-01, PNorm = 220.4467, GNorm = 1.3620, lr_0 = 2.5411e-04
Loss = 8.9134e-02, PNorm = 220.4504, GNorm = 0.9270, lr_0 = 2.5312e-04
Loss = 1.2955e-01, PNorm = 220.4519, GNorm = 2.3800, lr_0 = 2.5213e-04
Loss = 1.3593e-01, PNorm = 220.4545, GNorm = 0.6288, lr_0 = 2.5115e-04
Loss = 1.1081e-01, PNorm = 220.4586, GNorm = 0.6652, lr_0 = 2.5017e-04
Loss = 1.2378e-01, PNorm = 220.4609, GNorm = 1.0893, lr_0 = 2.4920e-04
Loss = 8.5686e-02, PNorm = 220.4621, GNorm = 1.5225, lr_0 = 2.4822e-04
Loss = 1.7778e-01, PNorm = 220.4633, GNorm = 1.5358, lr_0 = 2.4726e-04
Loss = 2.0754e-01, PNorm = 220.4653, GNorm = 2.6227, lr_0 = 2.4629e-04
Loss = 1.2508e-01, PNorm = 220.4686, GNorm = 0.6861, lr_0 = 2.4533e-04
Loss = 1.7915e-01, PNorm = 220.4714, GNorm = 1.0258, lr_0 = 2.4438e-04
Loss = 8.9099e-02, PNorm = 220.4739, GNorm = 0.6617, lr_0 = 2.4342e-04
Loss = 2.0143e-01, PNorm = 220.4769, GNorm = 0.3795, lr_0 = 2.4248e-04
Loss = 1.1955e-01, PNorm = 220.4802, GNorm = 0.9268, lr_0 = 2.4153e-04
Loss = 1.8456e-01, PNorm = 220.4824, GNorm = 0.8241, lr_0 = 2.4059e-04
Loss = 2.0231e-01, PNorm = 220.4837, GNorm = 1.1149, lr_0 = 2.3965e-04
Loss = 1.3492e-01, PNorm = 220.4874, GNorm = 1.0797, lr_0 = 2.3872e-04
Loss = 7.4866e-02, PNorm = 220.4910, GNorm = 1.0253, lr_0 = 2.3779e-04
Loss = 1.0166e-01, PNorm = 220.4948, GNorm = 1.0744, lr_0 = 2.3686e-04
Validation rmse = 0.593931
Epoch 7
Loss = 8.2908e-02, PNorm = 220.4971, GNorm = 1.5628, lr_0 = 2.3594e-04
Loss = 6.1415e-02, PNorm = 220.4991, GNorm = 0.6067, lr_0 = 2.3502e-04
Loss = 1.2248e-01, PNorm = 220.5019, GNorm = 0.5911, lr_0 = 2.3410e-04
Loss = 1.4880e-01, PNorm = 220.5055, GNorm = 0.8553, lr_0 = 2.3319e-04
Loss = 5.9929e-02, PNorm = 220.5094, GNorm = 0.7807, lr_0 = 2.3228e-04
Loss = 1.7302e-01, PNorm = 220.5114, GNorm = 0.7070, lr_0 = 2.3137e-04
Loss = 1.2186e-01, PNorm = 220.5144, GNorm = 0.6671, lr_0 = 2.3047e-04
Loss = 5.7338e-02, PNorm = 220.5160, GNorm = 1.7074, lr_0 = 2.2957e-04
Loss = 1.5460e-01, PNorm = 220.5165, GNorm = 2.9703, lr_0 = 2.2868e-04
Loss = 1.0342e-01, PNorm = 220.5195, GNorm = 1.1064, lr_0 = 2.2779e-04
Loss = 1.5926e-01, PNorm = 220.5207, GNorm = 1.5143, lr_0 = 2.2690e-04
Loss = 1.3255e-01, PNorm = 220.5225, GNorm = 1.1179, lr_0 = 2.2602e-04
Loss = 2.4183e-01, PNorm = 220.5248, GNorm = 2.6967, lr_0 = 2.2513e-04
Loss = 1.3974e-01, PNorm = 220.5266, GNorm = 1.1973, lr_0 = 2.2426e-04
Loss = 1.2248e-01, PNorm = 220.5284, GNorm = 2.8450, lr_0 = 2.2338e-04
Loss = 1.2139e-01, PNorm = 220.5307, GNorm = 0.8126, lr_0 = 2.2251e-04
Loss = 9.1615e-02, PNorm = 220.5329, GNorm = 0.6790, lr_0 = 2.2165e-04
Loss = 1.1834e-01, PNorm = 220.5352, GNorm = 1.0325, lr_0 = 2.2078e-04
Loss = 8.8072e-02, PNorm = 220.5390, GNorm = 0.7915, lr_0 = 2.1992e-04
Loss = 1.6207e-01, PNorm = 220.5424, GNorm = 2.0771, lr_0 = 2.1906e-04
Loss = 6.8721e-02, PNorm = 220.5452, GNorm = 1.7675, lr_0 = 2.1821e-04
Loss = 9.0185e-02, PNorm = 220.5471, GNorm = 0.9043, lr_0 = 2.1736e-04
Loss = 8.0084e-02, PNorm = 220.5498, GNorm = 1.0099, lr_0 = 2.1651e-04
Loss = 7.3870e-02, PNorm = 220.5520, GNorm = 0.7705, lr_0 = 2.1567e-04
Loss = 1.0215e-01, PNorm = 220.5531, GNorm = 0.7139, lr_0 = 2.1483e-04
Loss = 1.1015e-01, PNorm = 220.5559, GNorm = 1.4438, lr_0 = 2.1399e-04
Loss = 1.0371e-01, PNorm = 220.5586, GNorm = 1.4203, lr_0 = 2.1316e-04
Loss = 9.9864e-02, PNorm = 220.5606, GNorm = 0.8391, lr_0 = 2.1233e-04
Loss = 7.5344e-02, PNorm = 220.5620, GNorm = 0.8529, lr_0 = 2.1150e-04
Loss = 1.3709e-01, PNorm = 220.5628, GNorm = 0.5761, lr_0 = 2.1067e-04
Loss = 1.8789e-01, PNorm = 220.5645, GNorm = 4.8572, lr_0 = 2.0985e-04
Loss = 1.4204e-01, PNorm = 220.5684, GNorm = 1.7332, lr_0 = 2.0903e-04
Loss = 1.0254e-01, PNorm = 220.5723, GNorm = 2.2492, lr_0 = 2.0822e-04
Loss = 1.1362e-01, PNorm = 220.5737, GNorm = 0.9459, lr_0 = 2.0741e-04
Loss = 1.2628e-01, PNorm = 220.5768, GNorm = 3.3043, lr_0 = 2.0660e-04
Loss = 8.7596e-02, PNorm = 220.5804, GNorm = 0.6766, lr_0 = 2.0579e-04
Loss = 8.0668e-02, PNorm = 220.5827, GNorm = 0.4608, lr_0 = 2.0499e-04
Loss = 7.9439e-02, PNorm = 220.5843, GNorm = 1.3936, lr_0 = 2.0419e-04
Loss = 1.1784e-01, PNorm = 220.5859, GNorm = 1.3882, lr_0 = 2.0340e-04
Loss = 1.0067e-01, PNorm = 220.5880, GNorm = 0.7895, lr_0 = 2.0260e-04
Loss = 1.0602e-01, PNorm = 220.5890, GNorm = 1.2200, lr_0 = 2.0181e-04
Loss = 1.0351e-01, PNorm = 220.5903, GNorm = 4.2536, lr_0 = 2.0103e-04
Loss = 9.7019e-02, PNorm = 220.5922, GNorm = 0.6761, lr_0 = 2.0024e-04
Loss = 1.6845e-01, PNorm = 220.5953, GNorm = 1.1436, lr_0 = 1.9946e-04
Loss = 2.6400e-01, PNorm = 220.5989, GNorm = 7.4606, lr_0 = 1.9869e-04
Loss = 1.4307e-01, PNorm = 220.6028, GNorm = 0.9388, lr_0 = 1.9791e-04
Loss = 1.7958e-01, PNorm = 220.6045, GNorm = 1.3008, lr_0 = 1.9714e-04
Loss = 6.2165e-02, PNorm = 220.6065, GNorm = 1.6006, lr_0 = 1.9637e-04
Loss = 7.0086e-02, PNorm = 220.6080, GNorm = 0.9099, lr_0 = 1.9561e-04
Loss = 8.1225e-02, PNorm = 220.6101, GNorm = 1.8407, lr_0 = 1.9484e-04
Loss = 7.8221e-02, PNorm = 220.6108, GNorm = 0.6022, lr_0 = 1.9408e-04
Loss = 1.1542e-01, PNorm = 220.6120, GNorm = 1.1209, lr_0 = 1.9333e-04
Loss = 1.0021e-01, PNorm = 220.6136, GNorm = 0.8026, lr_0 = 1.9257e-04
Loss = 1.9001e-01, PNorm = 220.6146, GNorm = 2.6718, lr_0 = 1.9182e-04
Loss = 1.5876e-01, PNorm = 220.6171, GNorm = 1.4471, lr_0 = 1.9108e-04
Loss = 1.4302e-01, PNorm = 220.6193, GNorm = 1.2579, lr_0 = 1.9033e-04
Loss = 7.8329e-02, PNorm = 220.6201, GNorm = 2.0199, lr_0 = 1.8959e-04
Loss = 1.4759e-01, PNorm = 220.6216, GNorm = 0.4144, lr_0 = 1.8885e-04
Loss = 9.6864e-02, PNorm = 220.6248, GNorm = 1.3293, lr_0 = 1.8811e-04
Loss = 1.1778e-01, PNorm = 220.6265, GNorm = 0.8217, lr_0 = 1.8738e-04
Loss = 1.1409e-01, PNorm = 220.6284, GNorm = 1.5995, lr_0 = 1.8665e-04
Loss = 1.5288e-01, PNorm = 220.6307, GNorm = 0.8449, lr_0 = 1.8592e-04
Loss = 1.3196e-01, PNorm = 220.6320, GNorm = 0.7564, lr_0 = 1.8520e-04
Loss = 4.4230e-02, PNorm = 220.6332, GNorm = 0.5025, lr_0 = 1.8448e-04
Loss = 2.1309e-01, PNorm = 220.6336, GNorm = 0.6642, lr_0 = 1.8376e-04
Loss = 1.1475e-01, PNorm = 220.6357, GNorm = 4.4324, lr_0 = 1.8304e-04
Loss = 1.6261e-01, PNorm = 220.6374, GNorm = 0.7236, lr_0 = 1.8233e-04
Loss = 8.2722e-02, PNorm = 220.6394, GNorm = 0.8111, lr_0 = 1.8162e-04
Loss = 1.2202e-01, PNorm = 220.6418, GNorm = 0.5768, lr_0 = 1.8091e-04
Loss = 1.5892e-01, PNorm = 220.6437, GNorm = 0.7323, lr_0 = 1.8020e-04
Loss = 1.0167e-01, PNorm = 220.6463, GNorm = 4.4069, lr_0 = 1.7950e-04
Loss = 6.7325e-02, PNorm = 220.6473, GNorm = 0.7717, lr_0 = 1.7880e-04
Loss = 1.5922e-01, PNorm = 220.6476, GNorm = 1.4116, lr_0 = 1.7811e-04
Loss = 2.2808e-01, PNorm = 220.6494, GNorm = 0.4414, lr_0 = 1.7741e-04
Validation rmse = 0.591916
Epoch 8
Loss = 1.0344e-01, PNorm = 220.6516, GNorm = 0.5868, lr_0 = 1.7672e-04
Loss = 6.7468e-02, PNorm = 220.6535, GNorm = 0.5268, lr_0 = 1.7603e-04
Loss = 1.0064e-01, PNorm = 220.6551, GNorm = 2.3128, lr_0 = 1.7535e-04
Loss = 9.4078e-02, PNorm = 220.6571, GNorm = 1.5827, lr_0 = 1.7466e-04
Loss = 1.0679e-01, PNorm = 220.6591, GNorm = 0.7621, lr_0 = 1.7398e-04
Loss = 1.0349e-01, PNorm = 220.6609, GNorm = 2.5812, lr_0 = 1.7330e-04
Loss = 6.8986e-02, PNorm = 220.6624, GNorm = 0.7813, lr_0 = 1.7263e-04
Loss = 1.7112e-01, PNorm = 220.6651, GNorm = 1.4165, lr_0 = 1.7195e-04
Loss = 3.3984e-01, PNorm = 220.6671, GNorm = 2.5556, lr_0 = 1.7128e-04
Loss = 1.0141e-01, PNorm = 220.6699, GNorm = 3.1453, lr_0 = 1.7062e-04
Loss = 6.1639e-02, PNorm = 220.6720, GNorm = 0.7260, lr_0 = 1.6995e-04
Loss = 9.8320e-02, PNorm = 220.6733, GNorm = 0.7130, lr_0 = 1.6929e-04
Loss = 4.8142e-02, PNorm = 220.6747, GNorm = 0.5939, lr_0 = 1.6863e-04
Loss = 2.4910e-01, PNorm = 220.6773, GNorm = 0.6890, lr_0 = 1.6797e-04
Loss = 1.3846e-01, PNorm = 220.6808, GNorm = 1.5341, lr_0 = 1.6732e-04
Loss = 1.2488e-01, PNorm = 220.6831, GNorm = 1.2879, lr_0 = 1.6667e-04
Loss = 8.7037e-02, PNorm = 220.6848, GNorm = 2.7220, lr_0 = 1.6602e-04
Loss = 7.2502e-02, PNorm = 220.6877, GNorm = 1.2066, lr_0 = 1.6537e-04
Loss = 7.8824e-02, PNorm = 220.6885, GNorm = 0.7738, lr_0 = 1.6472e-04
Loss = 6.2792e-02, PNorm = 220.6890, GNorm = 0.9475, lr_0 = 1.6408e-04
Loss = 7.1572e-02, PNorm = 220.6890, GNorm = 1.2015, lr_0 = 1.6344e-04
Loss = 9.2659e-02, PNorm = 220.6904, GNorm = 8.6541, lr_0 = 1.6281e-04
Loss = 2.4295e-01, PNorm = 220.6927, GNorm = 1.2859, lr_0 = 1.6217e-04
Loss = 1.1450e-01, PNorm = 220.6952, GNorm = 1.0292, lr_0 = 1.6154e-04
Loss = 1.1790e-01, PNorm = 220.6968, GNorm = 1.7349, lr_0 = 1.6091e-04
Loss = 9.7978e-02, PNorm = 220.6962, GNorm = 0.9508, lr_0 = 1.6028e-04
Loss = 1.5772e-01, PNorm = 220.6969, GNorm = 0.9431, lr_0 = 1.5966e-04
Loss = 9.7084e-02, PNorm = 220.6990, GNorm = 1.2377, lr_0 = 1.5903e-04
Loss = 9.8210e-02, PNorm = 220.6995, GNorm = 1.2018, lr_0 = 1.5842e-04
Loss = 9.5275e-02, PNorm = 220.7017, GNorm = 0.9931, lr_0 = 1.5780e-04
Loss = 7.9163e-02, PNorm = 220.7038, GNorm = 1.4794, lr_0 = 1.5718e-04
Loss = 4.1288e-02, PNorm = 220.7051, GNorm = 1.2027, lr_0 = 1.5657e-04
Loss = 1.4405e-01, PNorm = 220.7074, GNorm = 0.9062, lr_0 = 1.5596e-04
Loss = 6.2805e-02, PNorm = 220.7083, GNorm = 1.5749, lr_0 = 1.5535e-04
Loss = 1.5922e-01, PNorm = 220.7100, GNorm = 3.6561, lr_0 = 1.5475e-04
Loss = 9.0190e-02, PNorm = 220.7128, GNorm = 0.6217, lr_0 = 1.5414e-04
Loss = 7.1790e-02, PNorm = 220.7140, GNorm = 0.7780, lr_0 = 1.5354e-04
Loss = 1.0513e-01, PNorm = 220.7144, GNorm = 0.8053, lr_0 = 1.5294e-04
Loss = 7.7307e-02, PNorm = 220.7159, GNorm = 1.2292, lr_0 = 1.5235e-04
Loss = 8.0271e-02, PNorm = 220.7173, GNorm = 1.2751, lr_0 = 1.5175e-04
Loss = 5.9092e-02, PNorm = 220.7186, GNorm = 0.7436, lr_0 = 1.5116e-04
Loss = 1.6258e-01, PNorm = 220.7195, GNorm = 0.8168, lr_0 = 1.5057e-04
Loss = 1.1814e-01, PNorm = 220.7206, GNorm = 0.4236, lr_0 = 1.4999e-04
Loss = 6.8802e-02, PNorm = 220.7209, GNorm = 1.1748, lr_0 = 1.4940e-04
Loss = 1.1912e-01, PNorm = 220.7215, GNorm = 1.3499, lr_0 = 1.4882e-04
Loss = 9.8345e-02, PNorm = 220.7233, GNorm = 0.4207, lr_0 = 1.4824e-04
Loss = 1.4426e-01, PNorm = 220.7233, GNorm = 2.3704, lr_0 = 1.4766e-04
Loss = 1.1649e-01, PNorm = 220.7243, GNorm = 0.8643, lr_0 = 1.4709e-04
Loss = 1.0669e-01, PNorm = 220.7253, GNorm = 0.6359, lr_0 = 1.4651e-04
Loss = 9.5469e-02, PNorm = 220.7264, GNorm = 2.3799, lr_0 = 1.4594e-04
Loss = 1.0931e-01, PNorm = 220.7271, GNorm = 0.9894, lr_0 = 1.4537e-04
Loss = 9.1901e-02, PNorm = 220.7284, GNorm = 0.4930, lr_0 = 1.4481e-04
Loss = 7.2401e-02, PNorm = 220.7293, GNorm = 0.5081, lr_0 = 1.4424e-04
Loss = 1.3105e-01, PNorm = 220.7299, GNorm = 1.5985, lr_0 = 1.4368e-04
Loss = 9.7474e-02, PNorm = 220.7317, GNorm = 0.8764, lr_0 = 1.4312e-04
Loss = 9.1364e-02, PNorm = 220.7325, GNorm = 2.4745, lr_0 = 1.4256e-04
Loss = 1.0388e-01, PNorm = 220.7342, GNorm = 1.7529, lr_0 = 1.4201e-04
Loss = 1.5684e-01, PNorm = 220.7369, GNorm = 0.7059, lr_0 = 1.4145e-04
Loss = 9.0218e-02, PNorm = 220.7390, GNorm = 1.6963, lr_0 = 1.4090e-04
Loss = 1.2501e-01, PNorm = 220.7406, GNorm = 0.6769, lr_0 = 1.4035e-04
Loss = 5.7249e-02, PNorm = 220.7426, GNorm = 1.1898, lr_0 = 1.3980e-04
Loss = 1.6992e-01, PNorm = 220.7436, GNorm = 1.4681, lr_0 = 1.3926e-04
Loss = 1.4560e-01, PNorm = 220.7448, GNorm = 2.5088, lr_0 = 1.3872e-04
Loss = 1.3443e-01, PNorm = 220.7466, GNorm = 2.0153, lr_0 = 1.3818e-04
Loss = 6.9216e-02, PNorm = 220.7474, GNorm = 0.8298, lr_0 = 1.3764e-04
Loss = 7.3536e-02, PNorm = 220.7479, GNorm = 1.7408, lr_0 = 1.3710e-04
Loss = 1.7886e-01, PNorm = 220.7487, GNorm = 5.9925, lr_0 = 1.3657e-04
Loss = 6.2608e-02, PNorm = 220.7504, GNorm = 0.4490, lr_0 = 1.3603e-04
Loss = 8.9181e-02, PNorm = 220.7521, GNorm = 0.8577, lr_0 = 1.3550e-04
Loss = 6.0585e-02, PNorm = 220.7532, GNorm = 0.5296, lr_0 = 1.3498e-04
Loss = 5.5675e-02, PNorm = 220.7550, GNorm = 0.7075, lr_0 = 1.3445e-04
Loss = 8.6934e-02, PNorm = 220.7563, GNorm = 0.5589, lr_0 = 1.3393e-04
Loss = 1.5777e-01, PNorm = 220.7574, GNorm = 4.1031, lr_0 = 1.3340e-04
Loss = 7.2605e-02, PNorm = 220.7584, GNorm = 0.8651, lr_0 = 1.3288e-04
Validation rmse = 0.589118
Epoch 9
Loss = 2.3039e-01, PNorm = 220.7596, GNorm = 0.6933, lr_0 = 1.3237e-04
Loss = 5.0255e-02, PNorm = 220.7604, GNorm = 2.3397, lr_0 = 1.3185e-04
Loss = 4.8339e-02, PNorm = 220.7609, GNorm = 0.5512, lr_0 = 1.3134e-04
Loss = 4.2518e-02, PNorm = 220.7615, GNorm = 0.7559, lr_0 = 1.3082e-04
Loss = 4.9006e-02, PNorm = 220.7618, GNorm = 0.7778, lr_0 = 1.3031e-04
Loss = 1.1861e-01, PNorm = 220.7636, GNorm = 1.3829, lr_0 = 1.2981e-04
Loss = 1.0520e-01, PNorm = 220.7655, GNorm = 0.5495, lr_0 = 1.2930e-04
Loss = 5.8585e-02, PNorm = 220.7676, GNorm = 0.4864, lr_0 = 1.2880e-04
Loss = 2.1554e-01, PNorm = 220.7695, GNorm = 1.5117, lr_0 = 1.2829e-04
Loss = 5.1116e-02, PNorm = 220.7710, GNorm = 1.2467, lr_0 = 1.2779e-04
Loss = 1.8249e-01, PNorm = 220.7718, GNorm = 1.0160, lr_0 = 1.2730e-04
Loss = 9.7643e-02, PNorm = 220.7734, GNorm = 0.7613, lr_0 = 1.2680e-04
Loss = 6.2086e-02, PNorm = 220.7742, GNorm = 0.8307, lr_0 = 1.2631e-04
Loss = 1.3776e-01, PNorm = 220.7752, GNorm = 1.1891, lr_0 = 1.2581e-04
Loss = 1.0227e-01, PNorm = 220.7761, GNorm = 1.2707, lr_0 = 1.2532e-04
Loss = 3.5846e-02, PNorm = 220.7770, GNorm = 0.7025, lr_0 = 1.2484e-04
Loss = 7.3593e-02, PNorm = 220.7778, GNorm = 0.4549, lr_0 = 1.2435e-04
Loss = 6.6199e-02, PNorm = 220.7789, GNorm = 0.4749, lr_0 = 1.2386e-04
Loss = 9.0784e-02, PNorm = 220.7792, GNorm = 5.1390, lr_0 = 1.2338e-04
Loss = 1.0748e-01, PNorm = 220.7806, GNorm = 2.7775, lr_0 = 1.2290e-04
Loss = 5.1828e-02, PNorm = 220.7824, GNorm = 2.1038, lr_0 = 1.2242e-04
Loss = 7.0932e-02, PNorm = 220.7835, GNorm = 0.8683, lr_0 = 1.2194e-04
Loss = 4.0527e-02, PNorm = 220.7844, GNorm = 0.6583, lr_0 = 1.2147e-04
Loss = 4.0299e-02, PNorm = 220.7854, GNorm = 0.7564, lr_0 = 1.2100e-04
Loss = 6.2887e-02, PNorm = 220.7857, GNorm = 0.7890, lr_0 = 1.2052e-04
Loss = 7.5465e-02, PNorm = 220.7864, GNorm = 2.5882, lr_0 = 1.2005e-04
Loss = 7.0895e-02, PNorm = 220.7870, GNorm = 1.2617, lr_0 = 1.1959e-04
Loss = 5.6422e-02, PNorm = 220.7879, GNorm = 1.4098, lr_0 = 1.1912e-04
Loss = 5.5635e-02, PNorm = 220.7895, GNorm = 0.9710, lr_0 = 1.1866e-04
Loss = 4.1962e-02, PNorm = 220.7910, GNorm = 0.8816, lr_0 = 1.1819e-04
Loss = 8.7034e-02, PNorm = 220.7925, GNorm = 0.5894, lr_0 = 1.1773e-04
Loss = 1.2522e-01, PNorm = 220.7939, GNorm = 0.5353, lr_0 = 1.1727e-04
Loss = 1.2558e-01, PNorm = 220.7945, GNorm = 2.9497, lr_0 = 1.1682e-04
Loss = 1.9421e-01, PNorm = 220.7965, GNorm = 0.6197, lr_0 = 1.1636e-04
Loss = 1.1480e-01, PNorm = 220.7984, GNorm = 0.7624, lr_0 = 1.1591e-04
Loss = 3.5928e-02, PNorm = 220.7991, GNorm = 0.9287, lr_0 = 1.1546e-04
Loss = 7.2116e-02, PNorm = 220.7998, GNorm = 1.4227, lr_0 = 1.1501e-04
Loss = 9.9284e-02, PNorm = 220.8013, GNorm = 1.0064, lr_0 = 1.1456e-04
Loss = 1.0743e-01, PNorm = 220.8024, GNorm = 1.3438, lr_0 = 1.1411e-04
Loss = 1.2187e-01, PNorm = 220.8030, GNorm = 1.0784, lr_0 = 1.1367e-04
Loss = 8.0930e-02, PNorm = 220.8044, GNorm = 0.8702, lr_0 = 1.1322e-04
Loss = 5.6205e-02, PNorm = 220.8050, GNorm = 0.7431, lr_0 = 1.1278e-04
Loss = 8.2139e-02, PNorm = 220.8053, GNorm = 1.1641, lr_0 = 1.1234e-04
Loss = 8.1129e-02, PNorm = 220.8059, GNorm = 1.2514, lr_0 = 1.1190e-04
Loss = 7.8779e-02, PNorm = 220.8074, GNorm = 1.0286, lr_0 = 1.1147e-04
Loss = 1.1390e-01, PNorm = 220.8086, GNorm = 3.1165, lr_0 = 1.1103e-04
Loss = 1.2979e-01, PNorm = 220.8097, GNorm = 0.8511, lr_0 = 1.1060e-04
Loss = 9.6380e-02, PNorm = 220.8107, GNorm = 1.3867, lr_0 = 1.1017e-04
Loss = 2.4562e-01, PNorm = 220.8119, GNorm = 2.6506, lr_0 = 1.0974e-04
Loss = 6.5315e-02, PNorm = 220.8133, GNorm = 0.6782, lr_0 = 1.0931e-04
Loss = 7.0791e-02, PNorm = 220.8141, GNorm = 2.6479, lr_0 = 1.0889e-04
Loss = 9.8272e-02, PNorm = 220.8143, GNorm = 0.6530, lr_0 = 1.0846e-04
Loss = 7.9474e-02, PNorm = 220.8152, GNorm = 1.1292, lr_0 = 1.0804e-04
Loss = 5.9172e-02, PNorm = 220.8163, GNorm = 3.3839, lr_0 = 1.0762e-04
Loss = 5.2620e-02, PNorm = 220.8168, GNorm = 2.0839, lr_0 = 1.0720e-04
Loss = 8.3267e-02, PNorm = 220.8178, GNorm = 1.1536, lr_0 = 1.0678e-04
Loss = 4.6246e-02, PNorm = 220.8184, GNorm = 1.0373, lr_0 = 1.0636e-04
Loss = 1.0946e-01, PNorm = 220.8193, GNorm = 1.0501, lr_0 = 1.0595e-04
Loss = 4.5892e-02, PNorm = 220.8206, GNorm = 0.8008, lr_0 = 1.0554e-04
Loss = 1.5455e-01, PNorm = 220.8225, GNorm = 1.0659, lr_0 = 1.0513e-04
Loss = 2.0983e-01, PNorm = 220.8237, GNorm = 0.9199, lr_0 = 1.0472e-04
Loss = 1.1053e-01, PNorm = 220.8254, GNorm = 0.6168, lr_0 = 1.0431e-04
Loss = 5.4065e-02, PNorm = 220.8266, GNorm = 2.5942, lr_0 = 1.0390e-04
Loss = 5.2343e-02, PNorm = 220.8272, GNorm = 0.7214, lr_0 = 1.0350e-04
Loss = 6.3990e-02, PNorm = 220.8276, GNorm = 0.7916, lr_0 = 1.0309e-04
Loss = 9.7003e-02, PNorm = 220.8285, GNorm = 0.6979, lr_0 = 1.0269e-04
Loss = 1.8612e-01, PNorm = 220.8290, GNorm = 3.0273, lr_0 = 1.0229e-04
Loss = 1.0953e-01, PNorm = 220.8299, GNorm = 1.3509, lr_0 = 1.0189e-04
Loss = 1.5211e-01, PNorm = 220.8308, GNorm = 5.0911, lr_0 = 1.0150e-04
Loss = 1.5972e-01, PNorm = 220.8312, GNorm = 4.0321, lr_0 = 1.0110e-04
Loss = 7.3976e-02, PNorm = 220.8321, GNorm = 1.2297, lr_0 = 1.0071e-04
Loss = 5.4747e-02, PNorm = 220.8333, GNorm = 0.8602, lr_0 = 1.0031e-04
Loss = 1.3659e-01, PNorm = 220.8345, GNorm = 1.0454, lr_0 = 1.0000e-04
Validation rmse = 0.582067
Model 0 best validation rmse = 0.582067 on epoch 9
Warning: Pretrained parameter "encoder.encoder.cached_zero_vector" of shape torch.Size([900]) does not match corresponding model parameter of shape torch.Size([300]).
Warning: Pretrained parameter "encoder.encoder.W_i.weight" of shape torch.Size([900, 193]) does not match corresponding model parameter of shape torch.Size([300, 193]).
Warning: Pretrained parameter "encoder.encoder.W_h.weight" of shape torch.Size([900, 900]) does not match corresponding model parameter of shape torch.Size([300, 300]).
Warning: Pretrained parameter "encoder.encoder.W_o.weight" of shape torch.Size([900, 1065]) does not match corresponding model parameter of shape torch.Size([300, 465]).
Warning: Pretrained parameter "encoder.encoder.W_o.bias" of shape torch.Size([900]) does not match corresponding model parameter of shape torch.Size([300]).
Warning: Pretrained parameter "encoder.encoder_solvent.cached_zero_vector" of shape torch.Size([200]) does not match corresponding model parameter of shape torch.Size([300]).
Warning: Pretrained parameter "encoder.encoder_solvent.W_i.weight" of shape torch.Size([200, 147]) does not match corresponding model parameter of shape torch.Size([300, 147]).
Warning: Pretrained parameter "encoder.encoder_solvent.W_h.weight" of shape torch.Size([200, 200]) does not match corresponding model parameter of shape torch.Size([300, 300]).
Warning: Pretrained parameter "encoder.encoder_solvent.W_o.weight" of shape torch.Size([200, 333]) does not match corresponding model parameter of shape torch.Size([300, 433]).
Warning: Pretrained parameter "encoder.encoder_solvent.W_o.bias" of shape torch.Size([200]) does not match corresponding model parameter of shape torch.Size([300]).
Warning: Pretrained parameter "readout.1.weight" of shape torch.Size([400, 1100]) does not match corresponding model parameter of shape torch.Size([300, 600]).
Warning: Pretrained parameter "readout.1.bias" of shape torch.Size([400]) does not match corresponding model parameter of shape torch.Size([300]).
Warning: Pretrained parameter "readout.4.weight" of shape torch.Size([400, 400]) does not match corresponding model parameter of shape torch.Size([1, 300]).
Warning: Pretrained parameter "readout.4.bias" of shape torch.Size([400]) does not match corresponding model parameter of shape torch.Size([1]).
Warning: Pretrained parameter "readout.7.weight" cannot be found in model parameters.
Warning: Pretrained parameter "readout.7.bias" cannot be found in model parameters.
Warning: Pretrained parameter "readout.10.weight" cannot be found in model parameters.
Warning: Pretrained parameter "readout.10.bias" cannot be found in model parameters.
Warning: Pretrained parameter "readout.13.weight" cannot be found in model parameters.
Warning: Pretrained parameter "readout.13.bias" cannot be found in model parameters.
Warning: Pretrained parameter "readout.16.weight" cannot be found in model parameters.
Warning: Pretrained parameter "readout.16.bias" cannot be found in model parameters.
Model 0 test rmse = 1.973095
Loading model 1 from KSE_ML_model_files/model_1/model.pt
Loading pretrained parameter "encoder.encoder.cached_zero_vector".
Loading pretrained parameter "encoder.encoder.W_i.weight".
Loading pretrained parameter "encoder.encoder.W_h.weight".
Loading pretrained parameter "encoder.encoder.W_o.weight".
Loading pretrained parameter "encoder.encoder.W_o.bias".
Loading pretrained parameter "encoder.encoder_solvent.cached_zero_vector".
Loading pretrained parameter "encoder.encoder_solvent.W_i.weight".
Loading pretrained parameter "encoder.encoder_solvent.W_h.weight".
Loading pretrained parameter "encoder.encoder_solvent.W_o.weight".
Loading pretrained parameter "encoder.encoder_solvent.W_o.bias".
Loading pretrained parameter "ffn.1.weight".
Loading pretrained parameter "ffn.1.bias".
Loading pretrained parameter "ffn.4.weight".
Loading pretrained parameter "ffn.4.bias".
Loading pretrained parameter "ffn.7.weight".
Loading pretrained parameter "ffn.7.bias".
Loading pretrained parameter "ffn.10.weight".
Loading pretrained parameter "ffn.10.bias".
Loading pretrained parameter "ffn.13.weight".
Loading pretrained parameter "ffn.13.bias".
Loading pretrained parameter "ffn.16.weight".
Loading pretrained parameter "ffn.16.bias".
MoleculeModel(
  (encoder): MPN(
    (encoder): MPNEncoder(
      (dropout): Dropout(p=0.0, inplace=False)
      (act_func): ReLU()
      (W_i): Linear(in_features=193, out_features=900, bias=False)
      (W_h): Linear(in_features=900, out_features=900, bias=False)
      (W_o): Linear(in_features=1065, out_features=900, bias=True)
    )
    (encoder_solvent): MPNEncoder(
      (dropout): Dropout(p=0.0, inplace=False)
      (act_func): ReLU()
      (W_i): Linear(in_features=147, out_features=200, bias=False)
      (W_h): Linear(in_features=200, out_features=200, bias=False)
      (W_o): Linear(in_features=333, out_features=200, bias=True)
    )
  )
  (readout): Sequential(
    (0): Dropout(p=0.0, inplace=False)
    (1): Linear(in_features=1100, out_features=400, bias=True)
    (2): ReLU()
    (3): Dropout(p=0.0, inplace=False)
    (4): Linear(in_features=400, out_features=400, bias=True)
    (5): ReLU()
    (6): Dropout(p=0.0, inplace=False)
    (7): Linear(in_features=400, out_features=400, bias=True)
    (8): ReLU()
    (9): Dropout(p=0.0, inplace=False)
    (10): Linear(in_features=400, out_features=400, bias=True)
    (11): ReLU()
    (12): Dropout(p=0.0, inplace=False)
    (13): Linear(in_features=400, out_features=400, bias=True)
    (14): ReLU()
    (15): Dropout(p=0.0, inplace=False)
    (16): Linear(in_features=400, out_features=2, bias=True)
  )
)
Number of parameters = 3,163,202
Epoch 0
Loss = 1.7326e+00, PNorm = 212.6950, GNorm = 5.0370, lr_0 = 1.0672e-04
Loss = 1.4762e+00, PNorm = 212.6964, GNorm = 5.3077, lr_0 = 1.1282e-04
Loss = 1.6265e+00, PNorm = 212.6981, GNorm = 5.4090, lr_0 = 1.1893e-04
Loss = 1.2629e+00, PNorm = 212.7002, GNorm = 4.4869, lr_0 = 1.2503e-04
Loss = 1.2359e+00, PNorm = 212.7023, GNorm = 3.7256, lr_0 = 1.3114e-04
Loss = 1.1147e+00, PNorm = 212.7044, GNorm = 7.2861, lr_0 = 1.3725e-04
Loss = 1.1396e+00, PNorm = 212.7067, GNorm = 2.8820, lr_0 = 1.4335e-04
Loss = 1.0663e+00, PNorm = 212.7090, GNorm = 5.2324, lr_0 = 1.4946e-04
Loss = 9.4525e-01, PNorm = 212.7118, GNorm = 4.1645, lr_0 = 1.5556e-04
Loss = 9.7910e-01, PNorm = 212.7150, GNorm = 6.1836, lr_0 = 1.6167e-04
Loss = 1.0477e+00, PNorm = 212.7183, GNorm = 3.2267, lr_0 = 1.6777e-04
Loss = 5.9453e-01, PNorm = 212.7222, GNorm = 9.6913, lr_0 = 1.7388e-04
Loss = 6.5114e-01, PNorm = 212.7262, GNorm = 2.7033, lr_0 = 1.7999e-04
Loss = 9.7365e-01, PNorm = 212.7301, GNorm = 5.2131, lr_0 = 1.8609e-04
Loss = 8.2909e-01, PNorm = 212.7339, GNorm = 4.4313, lr_0 = 1.9220e-04
Loss = 7.3404e-01, PNorm = 212.7379, GNorm = 5.5702, lr_0 = 1.9830e-04
Loss = 5.2103e-01, PNorm = 212.7421, GNorm = 3.9234, lr_0 = 2.0441e-04
Loss = 7.5381e-01, PNorm = 212.7457, GNorm = 4.8866, lr_0 = 2.1052e-04
Loss = 5.2392e-01, PNorm = 212.7496, GNorm = 6.2683, lr_0 = 2.1662e-04
Loss = 6.9784e-01, PNorm = 212.7539, GNorm = 11.6508, lr_0 = 2.2273e-04
Loss = 4.8977e-01, PNorm = 212.7581, GNorm = 6.5969, lr_0 = 2.2883e-04
Loss = 5.2381e-01, PNorm = 212.7628, GNorm = 2.4927, lr_0 = 2.3494e-04
Loss = 6.6449e-01, PNorm = 212.7678, GNorm = 2.1670, lr_0 = 2.4104e-04
Loss = 6.4734e-01, PNorm = 212.7725, GNorm = 5.5139, lr_0 = 2.4715e-04
Loss = 5.4289e-01, PNorm = 212.7763, GNorm = 3.2133, lr_0 = 2.5326e-04
Loss = 6.9168e-01, PNorm = 212.7798, GNorm = 11.6502, lr_0 = 2.5936e-04
Loss = 5.0755e-01, PNorm = 212.7854, GNorm = 5.6218, lr_0 = 2.6547e-04
Loss = 5.1772e-01, PNorm = 212.7904, GNorm = 5.0049, lr_0 = 2.7157e-04
Loss = 6.6497e-01, PNorm = 212.7950, GNorm = 7.5128, lr_0 = 2.7768e-04
Loss = 5.3120e-01, PNorm = 212.7989, GNorm = 3.4081, lr_0 = 2.8379e-04
Loss = 5.7173e-01, PNorm = 212.8038, GNorm = 6.4845, lr_0 = 2.8989e-04
Loss = 4.6980e-01, PNorm = 212.8096, GNorm = 3.7635, lr_0 = 2.9600e-04
Loss = 5.7913e-01, PNorm = 212.8152, GNorm = 3.7436, lr_0 = 3.0210e-04
Loss = 5.1350e-01, PNorm = 212.8208, GNorm = 3.7116, lr_0 = 3.0821e-04
Loss = 6.1234e-01, PNorm = 212.8278, GNorm = 4.3073, lr_0 = 3.1431e-04
Loss = 7.2838e-01, PNorm = 212.8327, GNorm = 3.3560, lr_0 = 3.2042e-04
Loss = 4.5664e-01, PNorm = 212.8378, GNorm = 11.7920, lr_0 = 3.2653e-04
Loss = 6.6680e-01, PNorm = 212.8435, GNorm = 1.9552, lr_0 = 3.3263e-04
Loss = 5.4618e-01, PNorm = 212.8498, GNorm = 2.9422, lr_0 = 3.3874e-04
Loss = 5.6586e-01, PNorm = 212.8570, GNorm = 6.8698, lr_0 = 3.4484e-04
Loss = 3.9059e-01, PNorm = 212.8648, GNorm = 5.7514, lr_0 = 3.5095e-04
Loss = 4.3023e-01, PNorm = 212.8713, GNorm = 2.4740, lr_0 = 3.5706e-04
Loss = 4.4458e-01, PNorm = 212.8775, GNorm = 4.8217, lr_0 = 3.6316e-04
Loss = 4.1761e-01, PNorm = 212.8841, GNorm = 5.0041, lr_0 = 3.6927e-04
Loss = 3.6617e-01, PNorm = 212.8902, GNorm = 2.3182, lr_0 = 3.7537e-04
Loss = 5.9795e-01, PNorm = 212.8960, GNorm = 3.7445, lr_0 = 3.8148e-04
Loss = 4.8243e-01, PNorm = 212.9019, GNorm = 4.2797, lr_0 = 3.8758e-04
Loss = 4.6051e-01, PNorm = 212.9094, GNorm = 5.7105, lr_0 = 3.9369e-04
Loss = 4.7104e-01, PNorm = 212.9170, GNorm = 3.4339, lr_0 = 3.9980e-04
Loss = 6.6301e-01, PNorm = 212.9275, GNorm = 5.0543, lr_0 = 4.0590e-04
Loss = 6.7873e-01, PNorm = 212.9390, GNorm = 6.7103, lr_0 = 4.1201e-04
Loss = 4.6187e-01, PNorm = 212.9511, GNorm = 1.6635, lr_0 = 4.1811e-04
Loss = 5.6894e-01, PNorm = 212.9618, GNorm = 6.3633, lr_0 = 4.2422e-04
Loss = 3.9047e-01, PNorm = 212.9707, GNorm = 2.8118, lr_0 = 4.3033e-04
Command line
python /Users/abdiwadud/miniconda3/envs/chemprop/lib/python3.8/site-packages/ipykernel_launcher.py --f=/Users/abdiwadud/Library/Jupyter/runtime/kernel-v3f082be861f2e409b3090fa4ffd707f12c4f9bf14.json
Args
{'activation': 'ReLU',
 'adding_bond_types': True,
 'adding_h': False,
 'aggregation': 'mean',
 'aggregation_norm': 100,
 'atom_constraints': [],
 'atom_descriptor_scaling': True,
 'atom_descriptors': None,
 'atom_descriptors_path': None,
 'atom_descriptors_size': 0,
 'atom_features_size': 0,
 'atom_messages': False,
 'atom_targets': [],
 'batch_size': 50,
 'bias': False,
 'bias_solvent': False,
 'bond_constraints': [],
 'bond_descriptor_scaling': True,
 'bond_descriptors': None,
 'bond_descriptors_path': None,
 'bond_descriptors_size': 0,
 'bond_features_size': 0,
 'bond_targets': [],
 'cache_cutoff': 10000,
 'checkpoint_dir': None,
 'checkpoint_frzn': None,
 'checkpoint_path': None,
 'checkpoint_paths': ['KSE_ML_model_files/model_0/model.pt',
                      'KSE_ML_model_files/model_1/model.pt',
                      'KSE_ML_model_files/model_2/model.pt',
                      'KSE_ML_model_files/model_3/model.pt',
                      'KSE_ML_model_files/model_4/model.pt',
                      'KSE_ML_model_files/model_5/model.pt',
                      'KSE_ML_model_files/model_6/model.pt',
                      'KSE_ML_model_files/model_7/model.pt',
                      'KSE_ML_model_files/model_8/model.pt',
                      'KSE_ML_model_files/model_9/model.pt',
                      'KSE_ML_model_files/model_10/model.pt',
                      'KSE_ML_model_files/model_11/model.pt',
                      'KSE_ML_model_files/model_12/model.pt',
                      'KSE_ML_model_files/model_13/model.pt',
                      'KSE_ML_model_files/model_14/model.pt',
                      'KSE_ML_model_files/model_15/model.pt',
                      'KSE_ML_model_files/model_16/model.pt',
                      'KSE_ML_model_files/model_17/model.pt',
                      'KSE_ML_model_files/model_18/model.pt',
                      'KSE_ML_model_files/model_19/model.pt',
                      'KSE_ML_model_files/model_20/model.pt',
                      'KSE_ML_model_files/model_21/model.pt',
                      'KSE_ML_model_files/model_22/model.pt',
                      'KSE_ML_model_files/model_23/model.pt',
                      'KSE_ML_model_files/model_24/model.pt'],
 'class_balance': False,
 'config_path': None,
 'constraints_path': None,
 'crossval_index_dir': None,
 'crossval_index_file': None,
 'crossval_index_sets': None,
 'cuda': False,
 'data_path': 'RxnSolvKSE_dataset_v1.1/finetuning_set/chosen_data/finetuning_rxn_solvent_ddGsolv_ddHsolv_chosen.csv',
 'data_weights_path': None,
 'dataset_type': 'regression',
 'depth': 3,
 'depth_solvent': 3,
 'device': device(type='cpu'),
 'dropout': 0.0,
 'empty_cache': True,
 'ensemble_size': 25,
 'epochs': 5,
 'evidential_regularization': 0,
 'explicit_h': False,
 'extra_metrics': [],
 'features_generator': None,
 'features_only': False,
 'features_path': None,
 'features_scaling': True,
 'features_size': None,
 'ffn_hidden_size': 300,
 'ffn_num_layers': 2,
 'final_lr': 0.0001,
 'folds_file': None,
 'freeze_first_only': False,
 'frzn_ffn_layers': 0,
 'gpu': None,
 'grad_clip': None,
 'hidden_size': 300,
 'hidden_size_solvent': 300,
 'ignore_columns': None,
 'ignore_nan_metrics': False,
 'init_lr': 0.0001,
 'is_atom_bond_targets': False,
 'keeping_atom_map': False,
 'log_frequency': 10,
 'loss_function': 'mse',
 'max_data_size': None,
 'max_lr': 0.001,
 'metric': 'rmse',
 'metrics': ['rmse'],
 'minimize_score': True,
 'mpn_shared': False,
 'multiclass_num_classes': 3,
 'no_adding_bond_types': False,
 'no_atom_descriptor_scaling': False,
 'no_bond_descriptor_scaling': False,
 'no_cache_mol': False,
 'no_cuda': False,
 'no_features_scaling': False,
 'no_shared_atom_bond_ffn': False,
 'num_folds': 1,
 'num_lrs': 1,
 'num_tasks': 1,
 'num_workers': 0,
 'number_of_molecules': 2,
 'overwrite_default_atom_features': False,
 'overwrite_default_bond_features': False,
 'phase_features_path': None,
 'pytorch_seed': 0,
 'quantile_loss_alpha': 0.1,
 'quantiles': [],
 'quiet': False,
 'reaction': False,
 'reaction_mode': 'reac_prod',
 'reaction_solvent': True,
 'resume_experiment': False,
 'save_dir': 'refinetuned_model',
 'save_preds': False,
 'save_smiles_splits': False,
 'seed': 0,
 'separate_test_atom_descriptors_path': None,
 'separate_test_bond_descriptors_path': None,
 'separate_test_constraints_path': None,
 'separate_test_features_path': None,
 'separate_test_path': None,
 'separate_test_phase_features_path': None,
 'separate_val_atom_descriptors_path': None,
 'separate_val_bond_descriptors_path': None,
 'separate_val_constraints_path': None,
 'separate_val_features_path': None,
 'separate_val_path': None,
 'separate_val_phase_features_path': None,
 'shared_atom_bond_ffn': True,
 'show_individual_scores': False,
 'smiles_columns': ['rxn_smiles', 'solvent_smiles'],
 'spectra_activation': 'exp',
 'spectra_phase_mask_path': None,
 'spectra_target_floor': 1e-08,
 'split_key_molecule': 0,
 'split_sizes': [0.8, 0.1, 0.1],
 'split_type': 'scaffold_balanced',
 'target_columns': ['ddGsolv'],
 'target_weights': None,
 'task_names': ['ddGsolv'],
 'test': False,
 'test_fold_index': None,
 'train_data_size': None,
 'undirected': False,
 'use_input_features': False,
 'val_fold_index': None,
 'warmup_epochs': 2.0,
 'weights_ffn_num_layers': 2}
Setting molecule featurization parameters to default.
Loading data
Number of tasks = 1
Fold 0
Splitting data with seed 0
Total scaffolds = 3 | train scaffolds = 2 | val scaffolds = 0 | test scaffolds = 1
Label averages per scaffold, in decreasing order of scaffold frequency,capped at 10 scaffolds and 20 labels:
Scaffold 0
Task 0: count = 45,772 | target average = -0.036027


Scaffold 1
Task 0: count = 175 | target average = -0.403029


Scaffold 2
Task 0: count = 175 | target average = 0.256914


Total size = 46,122 | train size = 350 | val size = 0 | test size = 45,772
Command line
python /Users/abdiwadud/miniconda3/envs/chemprop/lib/python3.8/site-packages/ipykernel_launcher.py --f=/Users/abdiwadud/Library/Jupyter/runtime/kernel-v3f082be861f2e409b3090fa4ffd707f12c4f9bf14.json
Args
{'activation': 'ReLU',
 'adding_bond_types': True,
 'adding_h': False,
 'aggregation': 'mean',
 'aggregation_norm': 100,
 'atom_constraints': [],
 'atom_descriptor_scaling': True,
 'atom_descriptors': None,
 'atom_descriptors_path': None,
 'atom_descriptors_size': 0,
 'atom_features_size': 0,
 'atom_messages': False,
 'atom_targets': [],
 'batch_size': 50,
 'bias': False,
 'bias_solvent': False,
 'bond_constraints': [],
 'bond_descriptor_scaling': True,
 'bond_descriptors': None,
 'bond_descriptors_path': None,
 'bond_descriptors_size': 0,
 'bond_features_size': 0,
 'bond_targets': [],
 'cache_cutoff': 10000,
 'checkpoint_dir': None,
 'checkpoint_frzn': None,
 'checkpoint_path': None,
 'checkpoint_paths': ['KSE_ML_model_files/model_0/model.pt',
                      'KSE_ML_model_files/model_1/model.pt',
                      'KSE_ML_model_files/model_2/model.pt',
                      'KSE_ML_model_files/model_3/model.pt',
                      'KSE_ML_model_files/model_4/model.pt',
                      'KSE_ML_model_files/model_5/model.pt',
                      'KSE_ML_model_files/model_6/model.pt',
                      'KSE_ML_model_files/model_7/model.pt',
                      'KSE_ML_model_files/model_8/model.pt',
                      'KSE_ML_model_files/model_9/model.pt',
                      'KSE_ML_model_files/model_10/model.pt',
                      'KSE_ML_model_files/model_11/model.pt',
                      'KSE_ML_model_files/model_12/model.pt',
                      'KSE_ML_model_files/model_13/model.pt',
                      'KSE_ML_model_files/model_14/model.pt',
                      'KSE_ML_model_files/model_15/model.pt',
                      'KSE_ML_model_files/model_16/model.pt',
                      'KSE_ML_model_files/model_17/model.pt',
                      'KSE_ML_model_files/model_18/model.pt',
                      'KSE_ML_model_files/model_19/model.pt',
                      'KSE_ML_model_files/model_20/model.pt',
                      'KSE_ML_model_files/model_21/model.pt',
                      'KSE_ML_model_files/model_22/model.pt',
                      'KSE_ML_model_files/model_23/model.pt',
                      'KSE_ML_model_files/model_24/model.pt'],
 'class_balance': False,
 'config_path': None,
 'constraints_path': None,
 'crossval_index_dir': None,
 'crossval_index_file': None,
 'crossval_index_sets': None,
 'cuda': False,
 'data_path': 'RxnSolvKSE_dataset_v1.1/finetuning_set/chosen_data/finetuning_rxn_solvent_ddGsolv_ddHsolv_chosen.csv',
 'data_weights_path': None,
 'dataset_type': 'regression',
 'depth': 3,
 'depth_solvent': 3,
 'device': device(type='cpu'),
 'dropout': 0.0,
 'empty_cache': True,
 'ensemble_size': 25,
 'epochs': 5,
 'evidential_regularization': 0,
 'explicit_h': False,
 'extra_metrics': [],
 'features_generator': None,
 'features_only': False,
 'features_path': None,
 'features_scaling': True,
 'features_size': None,
 'ffn_hidden_size': 300,
 'ffn_num_layers': 2,
 'final_lr': 0.0001,
 'folds_file': None,
 'freeze_first_only': False,
 'frzn_ffn_layers': 0,
 'gpu': None,
 'grad_clip': None,
 'hidden_size': 300,
 'hidden_size_solvent': 300,
 'ignore_columns': None,
 'ignore_nan_metrics': False,
 'init_lr': 0.0001,
 'is_atom_bond_targets': False,
 'keeping_atom_map': False,
 'log_frequency': 10,
 'loss_function': 'mse',
 'max_data_size': None,
 'max_lr': 0.001,
 'metric': 'rmse',
 'metrics': ['rmse'],
 'minimize_score': True,
 'mpn_shared': False,
 'multiclass_num_classes': 3,
 'no_adding_bond_types': False,
 'no_atom_descriptor_scaling': False,
 'no_bond_descriptor_scaling': False,
 'no_cache_mol': False,
 'no_cuda': False,
 'no_features_scaling': False,
 'no_shared_atom_bond_ffn': False,
 'num_folds': 1,
 'num_lrs': 1,
 'num_tasks': 1,
 'num_workers': 0,
 'number_of_molecules': 2,
 'overwrite_default_atom_features': False,
 'overwrite_default_bond_features': False,
 'phase_features_path': None,
 'pytorch_seed': 0,
 'quantile_loss_alpha': 0.1,
 'quantiles': [],
 'quiet': False,
 'reaction': False,
 'reaction_mode': 'reac_prod',
 'reaction_solvent': True,
 'resume_experiment': False,
 'save_dir': 'refinetuned_model',
 'save_preds': False,
 'save_smiles_splits': False,
 'seed': 0,
 'separate_test_atom_descriptors_path': None,
 'separate_test_bond_descriptors_path': None,
 'separate_test_constraints_path': None,
 'separate_test_features_path': None,
 'separate_test_path': None,
 'separate_test_phase_features_path': None,
 'separate_val_atom_descriptors_path': None,
 'separate_val_bond_descriptors_path': None,
 'separate_val_constraints_path': None,
 'separate_val_features_path': None,
 'separate_val_path': None,
 'separate_val_phase_features_path': None,
 'shared_atom_bond_ffn': True,
 'show_individual_scores': False,
 'smiles_columns': ['rxn_smiles', 'solvent_smiles'],
 'spectra_activation': 'exp',
 'spectra_phase_mask_path': None,
 'spectra_target_floor': 1e-08,
 'split_key_molecule': 0,
 'split_sizes': [0.8, 0.1, 0.1],
 'split_type': 'scaffold_balanced',
 'target_columns': ['ddGsolv'],
 'target_weights': None,
 'task_names': ['ddGsolv'],
 'test': False,
 'test_fold_index': None,
 'train_data_size': None,
 'undirected': False,
 'use_input_features': False,
 'val_fold_index': None,
 'warmup_epochs': 2.0,
 'weights_ffn_num_layers': 2}
Setting molecule featurization parameters to default.
Loading data
Number of tasks = 1
Fold 0
Splitting data with seed 0
Total scaffolds = 3 | train scaffolds = 2 | val scaffolds = 0 | test scaffolds = 1
Label averages per scaffold, in decreasing order of scaffold frequency,capped at 10 scaffolds and 20 labels:
Scaffold 0
Task 0: count = 45,772 | target average = -0.036027


Scaffold 1
Task 0: count = 175 | target average = -0.403029


Scaffold 2
Task 0: count = 175 | target average = 0.256914


Total size = 46,122 | train size = 350 | val size = 0 | test size = 45,772
Command line
python /Users/abdiwadud/miniconda3/envs/chemprop/lib/python3.8/site-packages/ipykernel_launcher.py --f=/Users/abdiwadud/Library/Jupyter/runtime/kernel-v3f082be861f2e409b3090fa4ffd707f12c4f9bf14.json
Args
{'activation': 'ReLU',
 'adding_bond_types': True,
 'adding_h': False,
 'aggregation': 'mean',
 'aggregation_norm': 100,
 'atom_constraints': [],
 'atom_descriptor_scaling': True,
 'atom_descriptors': None,
 'atom_descriptors_path': None,
 'atom_descriptors_size': 0,
 'atom_features_size': 0,
 'atom_messages': False,
 'atom_targets': [],
 'batch_size': 50,
 'bias': False,
 'bias_solvent': False,
 'bond_constraints': [],
 'bond_descriptor_scaling': True,
 'bond_descriptors': None,
 'bond_descriptors_path': None,
 'bond_descriptors_size': 0,
 'bond_features_size': 0,
 'bond_targets': [],
 'cache_cutoff': 10000,
 'checkpoint_dir': None,
 'checkpoint_frzn': None,
 'checkpoint_path': None,
 'checkpoint_paths': ['KSE_ML_model_files/model_0/model.pt',
                      'KSE_ML_model_files/model_1/model.pt',
                      'KSE_ML_model_files/model_2/model.pt',
                      'KSE_ML_model_files/model_3/model.pt',
                      'KSE_ML_model_files/model_4/model.pt',
                      'KSE_ML_model_files/model_5/model.pt',
                      'KSE_ML_model_files/model_6/model.pt',
                      'KSE_ML_model_files/model_7/model.pt',
                      'KSE_ML_model_files/model_8/model.pt',
                      'KSE_ML_model_files/model_9/model.pt',
                      'KSE_ML_model_files/model_10/model.pt',
                      'KSE_ML_model_files/model_11/model.pt',
                      'KSE_ML_model_files/model_12/model.pt',
                      'KSE_ML_model_files/model_13/model.pt',
                      'KSE_ML_model_files/model_14/model.pt',
                      'KSE_ML_model_files/model_15/model.pt',
                      'KSE_ML_model_files/model_16/model.pt',
                      'KSE_ML_model_files/model_17/model.pt',
                      'KSE_ML_model_files/model_18/model.pt',
                      'KSE_ML_model_files/model_19/model.pt',
                      'KSE_ML_model_files/model_20/model.pt',
                      'KSE_ML_model_files/model_21/model.pt',
                      'KSE_ML_model_files/model_22/model.pt',
                      'KSE_ML_model_files/model_23/model.pt',
                      'KSE_ML_model_files/model_24/model.pt'],
 'class_balance': False,
 'config_path': None,
 'constraints_path': None,
 'crossval_index_dir': None,
 'crossval_index_file': None,
 'crossval_index_sets': None,
 'cuda': False,
 'data_path': 'RxnSolvKSE_dataset_v1.1/finetuning_set/chosen_data/finetuning_rxn_solvent_ddGsolv_ddHsolv_chosen.csv',
 'data_weights_path': None,
 'dataset_type': 'regression',
 'depth': 3,
 'depth_solvent': 3,
 'device': device(type='cpu'),
 'dropout': 0.0,
 'empty_cache': True,
 'ensemble_size': 25,
 'epochs': 5,
 'evidential_regularization': 0,
 'explicit_h': False,
 'extra_metrics': [],
 'features_generator': None,
 'features_only': False,
 'features_path': None,
 'features_scaling': True,
 'features_size': None,
 'ffn_hidden_size': 300,
 'ffn_num_layers': 2,
 'final_lr': 0.0001,
 'folds_file': None,
 'freeze_first_only': False,
 'frzn_ffn_layers': 0,
 'gpu': None,
 'grad_clip': None,
 'hidden_size': 300,
 'hidden_size_solvent': 300,
 'ignore_columns': None,
 'ignore_nan_metrics': False,
 'init_lr': 0.0001,
 'is_atom_bond_targets': False,
 'keeping_atom_map': False,
 'log_frequency': 10,
 'loss_function': 'mse',
 'max_data_size': None,
 'max_lr': 0.001,
 'metric': 'rmse',
 'metrics': ['rmse'],
 'minimize_score': True,
 'mpn_shared': False,
 'multiclass_num_classes': 3,
 'no_adding_bond_types': False,
 'no_atom_descriptor_scaling': False,
 'no_bond_descriptor_scaling': False,
 'no_cache_mol': False,
 'no_cuda': False,
 'no_features_scaling': False,
 'no_shared_atom_bond_ffn': False,
 'num_folds': 1,
 'num_lrs': 1,
 'num_tasks': 2,
 'num_workers': 0,
 'number_of_molecules': 2,
 'overwrite_default_atom_features': False,
 'overwrite_default_bond_features': False,
 'phase_features_path': None,
 'pytorch_seed': 0,
 'quantile_loss_alpha': 0.1,
 'quantiles': [0.05, 0.95],
 'quiet': False,
 'reaction': False,
 'reaction_mode': 'reac_prod',
 'reaction_solvent': True,
 'resume_experiment': False,
 'save_dir': 'refinetuned_model',
 'save_preds': False,
 'save_smiles_splits': False,
 'seed': 0,
 'separate_test_atom_descriptors_path': None,
 'separate_test_bond_descriptors_path': None,
 'separate_test_constraints_path': None,
 'separate_test_features_path': None,
 'separate_test_path': None,
 'separate_test_phase_features_path': None,
 'separate_val_atom_descriptors_path': None,
 'separate_val_bond_descriptors_path': None,
 'separate_val_constraints_path': None,
 'separate_val_features_path': None,
 'separate_val_path': None,
 'separate_val_phase_features_path': None,
 'shared_atom_bond_ffn': True,
 'show_individual_scores': False,
 'smiles_columns': ['rxn_smiles', 'solvent_smiles'],
 'spectra_activation': 'exp',
 'spectra_phase_mask_path': None,
 'spectra_target_floor': 1e-08,
 'split_key_molecule': 0,
 'split_sizes': [0.8, 0.1, 0.1],
 'split_type': 'scaffold_balanced',
 'target_columns': ['ddGsolv', 'ddHsolv'],
 'target_weights': None,
 'task_names': ['ddGsolv', 'ddHsolv'],
 'test': False,
 'test_fold_index': None,
 'train_data_size': None,
 'undirected': False,
 'use_input_features': False,
 'val_fold_index': None,
 'warmup_epochs': 2.0,
 'weights_ffn_num_layers': 2}
Setting molecule featurization parameters to default.
Loading data
Number of tasks = 2
Fold 0
Splitting data with seed 0
Total scaffolds = 3 | train scaffolds = 2 | val scaffolds = 0 | test scaffolds = 1
Label averages per scaffold, in decreasing order of scaffold frequency,capped at 10 scaffolds and 20 labels:
Scaffold 0
Task 0: count = 45,772 | target average = -0.036027
Task 1: count = 45,772 | target average = 1.569519


Scaffold 1
Task 0: count = 175 | target average = -0.403029
Task 1: count = 175 | target average = 0.894629


Scaffold 2
Task 0: count = 175 | target average = 0.256914
Task 1: count = 175 | target average = 2.565543


Total size = 46,122 | train size = 350 | val size = 0 | test size = 45,772
Command line
python /Users/abdiwadud/miniconda3/envs/chemprop/lib/python3.8/site-packages/ipykernel_launcher.py --f=/Users/abdiwadud/Library/Jupyter/runtime/kernel-v3f082be861f2e409b3090fa4ffd707f12c4f9bf14.json
Args
{'activation': 'ReLU',
 'adding_bond_types': True,
 'adding_h': False,
 'aggregation': 'mean',
 'aggregation_norm': 100,
 'atom_constraints': [],
 'atom_descriptor_scaling': True,
 'atom_descriptors': None,
 'atom_descriptors_path': None,
 'atom_descriptors_size': 0,
 'atom_features_size': 0,
 'atom_messages': False,
 'atom_targets': [],
 'batch_size': 50,
 'bias': False,
 'bias_solvent': False,
 'bond_constraints': [],
 'bond_descriptor_scaling': True,
 'bond_descriptors': None,
 'bond_descriptors_path': None,
 'bond_descriptors_size': 0,
 'bond_features_size': 0,
 'bond_targets': [],
 'cache_cutoff': 10000,
 'checkpoint_dir': None,
 'checkpoint_frzn': None,
 'checkpoint_path': None,
 'checkpoint_paths': ['KSE_ML_model_files/model_0/model.pt',
                      'KSE_ML_model_files/model_1/model.pt',
                      'KSE_ML_model_files/model_2/model.pt',
                      'KSE_ML_model_files/model_3/model.pt',
                      'KSE_ML_model_files/model_4/model.pt',
                      'KSE_ML_model_files/model_5/model.pt',
                      'KSE_ML_model_files/model_6/model.pt',
                      'KSE_ML_model_files/model_7/model.pt',
                      'KSE_ML_model_files/model_8/model.pt',
                      'KSE_ML_model_files/model_9/model.pt',
                      'KSE_ML_model_files/model_10/model.pt',
                      'KSE_ML_model_files/model_11/model.pt',
                      'KSE_ML_model_files/model_12/model.pt',
                      'KSE_ML_model_files/model_13/model.pt',
                      'KSE_ML_model_files/model_14/model.pt',
                      'KSE_ML_model_files/model_15/model.pt',
                      'KSE_ML_model_files/model_16/model.pt',
                      'KSE_ML_model_files/model_17/model.pt',
                      'KSE_ML_model_files/model_18/model.pt',
                      'KSE_ML_model_files/model_19/model.pt',
                      'KSE_ML_model_files/model_20/model.pt',
                      'KSE_ML_model_files/model_21/model.pt',
                      'KSE_ML_model_files/model_22/model.pt',
                      'KSE_ML_model_files/model_23/model.pt',
                      'KSE_ML_model_files/model_24/model.pt'],
 'class_balance': False,
 'config_path': None,
 'constraints_path': None,
 'crossval_index_dir': None,
 'crossval_index_file': None,
 'crossval_index_sets': None,
 'cuda': False,
 'data_path': 'RxnSolvKSE_dataset_v1.1/finetuning_set/chosen_data/finetuning_rxn_solvent_ddGsolv_ddHsolv_chosen.csv',
 'data_weights_path': None,
 'dataset_type': 'regression',
 'depth': 3,
 'depth_solvent': 3,
 'device': device(type='cpu'),
 'dropout': 0.0,
 'empty_cache': True,
 'ensemble_size': 25,
 'epochs': 5,
 'evidential_regularization': 0,
 'explicit_h': False,
 'extra_metrics': [],
 'features_generator': None,
 'features_only': False,
 'features_path': None,
 'features_scaling': True,
 'features_size': None,
 'ffn_hidden_size': 300,
 'ffn_num_layers': 2,
 'final_lr': 0.0001,
 'folds_file': None,
 'freeze_first_only': False,
 'frzn_ffn_layers': 0,
 'gpu': None,
 'grad_clip': None,
 'hidden_size': 300,
 'hidden_size_solvent': 300,
 'ignore_columns': None,
 'ignore_nan_metrics': False,
 'init_lr': 0.0001,
 'is_atom_bond_targets': False,
 'keeping_atom_map': False,
 'log_frequency': 10,
 'loss_function': 'mse',
 'max_data_size': None,
 'max_lr': 0.001,
 'metric': 'rmse',
 'metrics': ['rmse'],
 'minimize_score': True,
 'mpn_shared': False,
 'multiclass_num_classes': 3,
 'no_adding_bond_types': False,
 'no_atom_descriptor_scaling': False,
 'no_bond_descriptor_scaling': False,
 'no_cache_mol': False,
 'no_cuda': False,
 'no_features_scaling': False,
 'no_shared_atom_bond_ffn': False,
 'num_folds': 1,
 'num_lrs': 1,
 'num_tasks': 1,
 'num_workers': 0,
 'number_of_molecules': 2,
 'overwrite_default_atom_features': False,
 'overwrite_default_bond_features': False,
 'phase_features_path': None,
 'pytorch_seed': 0,
 'quantile_loss_alpha': 0.1,
 'quantiles': [],
 'quiet': False,
 'reaction': False,
 'reaction_mode': 'reac_prod',
 'reaction_solvent': True,
 'resume_experiment': False,
 'save_dir': 'refinetuned_model',
 'save_preds': False,
 'save_smiles_splits': False,
 'seed': 0,
 'separate_test_atom_descriptors_path': None,
 'separate_test_bond_descriptors_path': None,
 'separate_test_constraints_path': None,
 'separate_test_features_path': None,
 'separate_test_path': None,
 'separate_test_phase_features_path': None,
 'separate_val_atom_descriptors_path': None,
 'separate_val_bond_descriptors_path': None,
 'separate_val_constraints_path': None,
 'separate_val_features_path': None,
 'separate_val_path': None,
 'separate_val_phase_features_path': None,
 'shared_atom_bond_ffn': True,
 'show_individual_scores': False,
 'smiles_columns': ['rxn_smiles', 'solvent_smiles'],
 'spectra_activation': 'exp',
 'spectra_phase_mask_path': None,
 'spectra_target_floor': 1e-08,
 'split_key_molecule': 0,
 'split_sizes': [0.8, 0.1, 0.1],
 'split_type': 'scaffold_balanced',
 'target_columns': ['ddGsolv'],
 'target_weights': None,
 'task_names': ['ddGsolv'],
 'test': False,
 'test_fold_index': None,
 'train_data_size': None,
 'undirected': False,
 'use_input_features': False,
 'val_fold_index': None,
 'warmup_epochs': 2.0,
 'weights_ffn_num_layers': 2}
Setting molecule featurization parameters to default.
Loading data
Number of tasks = 1
Fold 0
Splitting data with seed 0
Total scaffolds = 3 | train scaffolds = 2 | val scaffolds = 0 | test scaffolds = 1
Label averages per scaffold, in decreasing order of scaffold frequency,capped at 10 scaffolds and 20 labels:
Scaffold 0
Task 0: count = 45,772 | target average = -0.036027


Scaffold 1
Task 0: count = 175 | target average = -0.403029


Scaffold 2
Task 0: count = 175 | target average = 0.256914


Total size = 46,122 | train size = 350 | val size = 0 | test size = 45,772
Command line
python /Users/abdiwadud/miniconda3/envs/chemprop/lib/python3.8/site-packages/ipykernel_launcher.py --f=/Users/abdiwadud/Library/Jupyter/runtime/kernel-v3f082be861f2e409b3090fa4ffd707f12c4f9bf14.json
Args
{'activation': 'ReLU',
 'adding_bond_types': True,
 'adding_h': False,
 'aggregation': 'mean',
 'aggregation_norm': 100,
 'atom_constraints': [],
 'atom_descriptor_scaling': True,
 'atom_descriptors': None,
 'atom_descriptors_path': None,
 'atom_descriptors_size': 0,
 'atom_features_size': 0,
 'atom_messages': False,
 'atom_targets': [],
 'batch_size': 50,
 'bias': False,
 'bias_solvent': False,
 'bond_constraints': [],
 'bond_descriptor_scaling': True,
 'bond_descriptors': None,
 'bond_descriptors_path': None,
 'bond_descriptors_size': 0,
 'bond_features_size': 0,
 'bond_targets': [],
 'cache_cutoff': 10000,
 'checkpoint_dir': None,
 'checkpoint_frzn': None,
 'checkpoint_path': None,
 'checkpoint_paths': ['KSE_ML_model_files/model_0/model.pt',
                      'KSE_ML_model_files/model_1/model.pt',
                      'KSE_ML_model_files/model_2/model.pt',
                      'KSE_ML_model_files/model_3/model.pt',
                      'KSE_ML_model_files/model_4/model.pt',
                      'KSE_ML_model_files/model_5/model.pt',
                      'KSE_ML_model_files/model_6/model.pt',
                      'KSE_ML_model_files/model_7/model.pt',
                      'KSE_ML_model_files/model_8/model.pt',
                      'KSE_ML_model_files/model_9/model.pt',
                      'KSE_ML_model_files/model_10/model.pt',
                      'KSE_ML_model_files/model_11/model.pt',
                      'KSE_ML_model_files/model_12/model.pt',
                      'KSE_ML_model_files/model_13/model.pt',
                      'KSE_ML_model_files/model_14/model.pt',
                      'KSE_ML_model_files/model_15/model.pt',
                      'KSE_ML_model_files/model_16/model.pt',
                      'KSE_ML_model_files/model_17/model.pt',
                      'KSE_ML_model_files/model_18/model.pt',
                      'KSE_ML_model_files/model_19/model.pt',
                      'KSE_ML_model_files/model_20/model.pt',
                      'KSE_ML_model_files/model_21/model.pt',
                      'KSE_ML_model_files/model_22/model.pt',
                      'KSE_ML_model_files/model_23/model.pt',
                      'KSE_ML_model_files/model_24/model.pt'],
 'class_balance': False,
 'config_path': None,
 'constraints_path': None,
 'crossval_index_dir': None,
 'crossval_index_file': None,
 'crossval_index_sets': None,
 'cuda': False,
 'data_path': 'RxnSolvKSE_dataset_v1.1/finetuning_set/chosen_data/finetuning_rxn_solvent_ddGsolv_ddHsolv_chosen.csv',
 'data_weights_path': None,
 'dataset_type': 'regression',
 'depth': 3,
 'depth_solvent': 3,
 'device': device(type='cpu'),
 'dropout': 0.0,
 'empty_cache': True,
 'ensemble_size': 25,
 'epochs': 5,
 'evidential_regularization': 0,
 'explicit_h': False,
 'extra_metrics': [],
 'features_generator': None,
 'features_only': False,
 'features_path': None,
 'features_scaling': True,
 'features_size': None,
 'ffn_hidden_size': 300,
 'ffn_num_layers': 2,
 'final_lr': 0.0001,
 'folds_file': None,
 'freeze_first_only': False,
 'frzn_ffn_layers': 0,
 'gpu': None,
 'grad_clip': None,
 'hidden_size': 300,
 'hidden_size_solvent': 300,
 'ignore_columns': None,
 'ignore_nan_metrics': False,
 'init_lr': 0.0001,
 'is_atom_bond_targets': False,
 'keeping_atom_map': False,
 'log_frequency': 10,
 'loss_function': 'mse',
 'max_data_size': None,
 'max_lr': 0.001,
 'metric': 'rmse',
 'metrics': ['rmse'],
 'minimize_score': True,
 'mpn_shared': False,
 'multiclass_num_classes': 3,
 'no_adding_bond_types': False,
 'no_atom_descriptor_scaling': False,
 'no_bond_descriptor_scaling': False,
 'no_cache_mol': False,
 'no_cuda': False,
 'no_features_scaling': False,
 'no_shared_atom_bond_ffn': False,
 'num_folds': 1,
 'num_lrs': 1,
 'num_tasks': 2,
 'num_workers': 0,
 'number_of_molecules': 2,
 'overwrite_default_atom_features': False,
 'overwrite_default_bond_features': False,
 'phase_features_path': None,
 'pytorch_seed': 0,
 'quantile_loss_alpha': 0.1,
 'quantiles': [0.05, 0.95],
 'quiet': False,
 'reaction': False,
 'reaction_mode': 'reac_prod',
 'reaction_solvent': True,
 'resume_experiment': False,
 'save_dir': 'refinetuned_model',
 'save_preds': False,
 'save_smiles_splits': False,
 'seed': 0,
 'separate_test_atom_descriptors_path': None,
 'separate_test_bond_descriptors_path': None,
 'separate_test_constraints_path': None,
 'separate_test_features_path': None,
 'separate_test_path': None,
 'separate_test_phase_features_path': None,
 'separate_val_atom_descriptors_path': None,
 'separate_val_bond_descriptors_path': None,
 'separate_val_constraints_path': None,
 'separate_val_features_path': None,
 'separate_val_path': None,
 'separate_val_phase_features_path': None,
 'shared_atom_bond_ffn': True,
 'show_individual_scores': False,
 'smiles_columns': ['rxn_smiles', 'solvent_smiles'],
 'spectra_activation': 'exp',
 'spectra_phase_mask_path': None,
 'spectra_target_floor': 1e-08,
 'split_key_molecule': 0,
 'split_sizes': [0.8, 0.1, 0.1],
 'split_type': 'scaffold_balanced',
 'target_columns': ['ddGsolv', 'ddHsolv'],
 'target_weights': None,
 'task_names': ['ddGsolv', 'ddHsolv'],
 'test': False,
 'test_fold_index': None,
 'train_data_size': None,
 'undirected': False,
 'use_input_features': False,
 'val_fold_index': None,
 'warmup_epochs': 2.0,
 'weights_ffn_num_layers': 2}
Setting molecule featurization parameters to default.
Loading data
Number of tasks = 2
Fold 0
Splitting data with seed 0
Total scaffolds = 3 | train scaffolds = 2 | val scaffolds = 0 | test scaffolds = 1
Label averages per scaffold, in decreasing order of scaffold frequency,capped at 10 scaffolds and 20 labels:
Scaffold 0
Task 0: count = 45,772 | target average = -0.036027
Task 1: count = 45,772 | target average = 1.569519


Scaffold 1
Task 0: count = 175 | target average = -0.403029
Task 1: count = 175 | target average = 0.894629


Scaffold 2
Task 0: count = 175 | target average = 0.256914
Task 1: count = 175 | target average = 2.565543


Total size = 46,122 | train size = 350 | val size = 0 | test size = 45,772
Command line
python /Users/abdiwadud/miniconda3/envs/chemprop/lib/python3.8/site-packages/ipykernel_launcher.py --f=/Users/abdiwadud/Library/Jupyter/runtime/kernel-v3f082be861f2e409b3090fa4ffd707f12c4f9bf14.json
Args
{'activation': 'ReLU',
 'adding_bond_types': True,
 'adding_h': False,
 'aggregation': 'mean',
 'aggregation_norm': 100,
 'atom_constraints': [],
 'atom_descriptor_scaling': True,
 'atom_descriptors': None,
 'atom_descriptors_path': None,
 'atom_descriptors_size': 0,
 'atom_features_size': 0,
 'atom_messages': False,
 'atom_targets': [],
 'batch_size': 50,
 'bias': False,
 'bias_solvent': False,
 'bond_constraints': [],
 'bond_descriptor_scaling': True,
 'bond_descriptors': None,
 'bond_descriptors_path': None,
 'bond_descriptors_size': 0,
 'bond_features_size': 0,
 'bond_targets': [],
 'cache_cutoff': 10000,
 'checkpoint_dir': None,
 'checkpoint_frzn': None,
 'checkpoint_path': None,
 'checkpoint_paths': ['KSE_ML_model_files/model_0/model.pt',
                      'KSE_ML_model_files/model_1/model.pt',
                      'KSE_ML_model_files/model_2/model.pt',
                      'KSE_ML_model_files/model_3/model.pt',
                      'KSE_ML_model_files/model_4/model.pt',
                      'KSE_ML_model_files/model_5/model.pt',
                      'KSE_ML_model_files/model_6/model.pt',
                      'KSE_ML_model_files/model_7/model.pt',
                      'KSE_ML_model_files/model_8/model.pt',
                      'KSE_ML_model_files/model_9/model.pt',
                      'KSE_ML_model_files/model_10/model.pt',
                      'KSE_ML_model_files/model_11/model.pt',
                      'KSE_ML_model_files/model_12/model.pt',
                      'KSE_ML_model_files/model_13/model.pt',
                      'KSE_ML_model_files/model_14/model.pt',
                      'KSE_ML_model_files/model_15/model.pt',
                      'KSE_ML_model_files/model_16/model.pt',
                      'KSE_ML_model_files/model_17/model.pt',
                      'KSE_ML_model_files/model_18/model.pt',
                      'KSE_ML_model_files/model_19/model.pt',
                      'KSE_ML_model_files/model_20/model.pt',
                      'KSE_ML_model_files/model_21/model.pt',
                      'KSE_ML_model_files/model_22/model.pt',
                      'KSE_ML_model_files/model_23/model.pt',
                      'KSE_ML_model_files/model_24/model.pt'],
 'class_balance': False,
 'config_path': None,
 'constraints_path': None,
 'crossval_index_dir': None,
 'crossval_index_file': None,
 'crossval_index_sets': None,
 'cuda': False,
 'data_path': 'RxnSolvKSE_dataset_v1.1/finetuning_set/chosen_data/finetuning_rxn_solvent_ddGsolv_ddHsolv_chosen.csv',
 'data_weights_path': None,
 'dataset_type': 'regression',
 'depth': 3,
 'depth_solvent': 3,
 'device': device(type='cpu'),
 'dropout': 0.0,
 'empty_cache': True,
 'ensemble_size': 25,
 'epochs': 5,
 'evidential_regularization': 0,
 'explicit_h': False,
 'extra_metrics': [],
 'features_generator': None,
 'features_only': False,
 'features_path': None,
 'features_scaling': True,
 'features_size': None,
 'ffn_hidden_size': 300,
 'ffn_num_layers': 2,
 'final_lr': 0.0001,
 'folds_file': None,
 'freeze_first_only': False,
 'frzn_ffn_layers': 0,
 'gpu': None,
 'grad_clip': None,
 'hidden_size': 300,
 'hidden_size_solvent': 300,
 'ignore_columns': None,
 'ignore_nan_metrics': False,
 'init_lr': 0.0001,
 'is_atom_bond_targets': False,
 'keeping_atom_map': False,
 'log_frequency': 10,
 'loss_function': 'mse',
 'max_data_size': None,
 'max_lr': 0.001,
 'metric': 'rmse',
 'metrics': ['rmse'],
 'minimize_score': True,
 'mpn_shared': False,
 'multiclass_num_classes': 3,
 'no_adding_bond_types': False,
 'no_atom_descriptor_scaling': False,
 'no_bond_descriptor_scaling': False,
 'no_cache_mol': False,
 'no_cuda': False,
 'no_features_scaling': False,
 'no_shared_atom_bond_ffn': False,
 'num_folds': 1,
 'num_lrs': 1,
 'num_tasks': 1,
 'num_workers': 0,
 'number_of_molecules': 2,
 'overwrite_default_atom_features': False,
 'overwrite_default_bond_features': False,
 'phase_features_path': None,
 'pytorch_seed': 0,
 'quantile_loss_alpha': 0.1,
 'quantiles': [],
 'quiet': False,
 'reaction': False,
 'reaction_mode': 'reac_prod',
 'reaction_solvent': True,
 'resume_experiment': False,
 'save_dir': 'refinetuned_model',
 'save_preds': False,
 'save_smiles_splits': False,
 'seed': 0,
 'separate_test_atom_descriptors_path': None,
 'separate_test_bond_descriptors_path': None,
 'separate_test_constraints_path': None,
 'separate_test_features_path': None,
 'separate_test_path': None,
 'separate_test_phase_features_path': None,
 'separate_val_atom_descriptors_path': None,
 'separate_val_bond_descriptors_path': None,
 'separate_val_constraints_path': None,
 'separate_val_features_path': None,
 'separate_val_path': None,
 'separate_val_phase_features_path': None,
 'shared_atom_bond_ffn': True,
 'show_individual_scores': False,
 'smiles_columns': ['rxn_smiles', 'solvent_smiles'],
 'spectra_activation': 'exp',
 'spectra_phase_mask_path': None,
 'spectra_target_floor': 1e-08,
 'split_key_molecule': 0,
 'split_sizes': [0.72, 0.18, 0.1],
 'split_type': 'scaffold_balanced',
 'target_columns': ['ddGsolv'],
 'target_weights': None,
 'task_names': ['ddGsolv'],
 'test': False,
 'test_fold_index': None,
 'train_data_size': None,
 'undirected': False,
 'use_input_features': False,
 'val_fold_index': None,
 'warmup_epochs': 2.0,
 'weights_ffn_num_layers': 2}
Setting molecule featurization parameters to default.
Loading data
Number of tasks = 1
Fold 0
Splitting data with seed 0
Total scaffolds = 3 | train scaffolds = 2 | val scaffolds = 0 | test scaffolds = 1
Label averages per scaffold, in decreasing order of scaffold frequency,capped at 10 scaffolds and 20 labels:
Scaffold 0
Task 0: count = 45,772 | target average = -0.036027


Scaffold 1
Task 0: count = 175 | target average = -0.403029


Scaffold 2
Task 0: count = 175 | target average = 0.256914


Total size = 46,122 | train size = 350 | val size = 0 | test size = 45,772
Command line
python /Users/abdiwadud/miniconda3/envs/chemprop/lib/python3.8/site-packages/ipykernel_launcher.py --f=/Users/abdiwadud/Library/Jupyter/runtime/kernel-v3f082be861f2e409b3090fa4ffd707f12c4f9bf14.json
Args
{'activation': 'ReLU',
 'adding_bond_types': True,
 'adding_h': False,
 'aggregation': 'mean',
 'aggregation_norm': 100,
 'atom_constraints': [],
 'atom_descriptor_scaling': True,
 'atom_descriptors': None,
 'atom_descriptors_path': None,
 'atom_descriptors_size': 0,
 'atom_features_size': 0,
 'atom_messages': False,
 'atom_targets': [],
 'batch_size': 50,
 'bias': False,
 'bias_solvent': False,
 'bond_constraints': [],
 'bond_descriptor_scaling': True,
 'bond_descriptors': None,
 'bond_descriptors_path': None,
 'bond_descriptors_size': 0,
 'bond_features_size': 0,
 'bond_targets': [],
 'cache_cutoff': 10000,
 'checkpoint_dir': None,
 'checkpoint_frzn': None,
 'checkpoint_path': None,
 'checkpoint_paths': ['KSE_ML_model_files/model_0/model.pt',
                      'KSE_ML_model_files/model_1/model.pt',
                      'KSE_ML_model_files/model_2/model.pt',
                      'KSE_ML_model_files/model_3/model.pt',
                      'KSE_ML_model_files/model_4/model.pt',
                      'KSE_ML_model_files/model_5/model.pt',
                      'KSE_ML_model_files/model_6/model.pt',
                      'KSE_ML_model_files/model_7/model.pt',
                      'KSE_ML_model_files/model_8/model.pt',
                      'KSE_ML_model_files/model_9/model.pt',
                      'KSE_ML_model_files/model_10/model.pt',
                      'KSE_ML_model_files/model_11/model.pt',
                      'KSE_ML_model_files/model_12/model.pt',
                      'KSE_ML_model_files/model_13/model.pt',
                      'KSE_ML_model_files/model_14/model.pt',
                      'KSE_ML_model_files/model_15/model.pt',
                      'KSE_ML_model_files/model_16/model.pt',
                      'KSE_ML_model_files/model_17/model.pt',
                      'KSE_ML_model_files/model_18/model.pt',
                      'KSE_ML_model_files/model_19/model.pt',
                      'KSE_ML_model_files/model_20/model.pt',
                      'KSE_ML_model_files/model_21/model.pt',
                      'KSE_ML_model_files/model_22/model.pt',
                      'KSE_ML_model_files/model_23/model.pt',
                      'KSE_ML_model_files/model_24/model.pt'],
 'class_balance': False,
 'config_path': None,
 'constraints_path': None,
 'crossval_index_dir': None,
 'crossval_index_file': None,
 'crossval_index_sets': None,
 'cuda': False,
 'data_path': 'RxnSolvKSE_dataset_v1.1/finetuning_set/chosen_data/finetuning_rxn_solvent_ddGsolv_ddHsolv_chosen.csv',
 'data_weights_path': None,
 'dataset_type': 'regression',
 'depth': 3,
 'depth_solvent': 3,
 'device': device(type='cpu'),
 'dropout': 0.0,
 'empty_cache': True,
 'ensemble_size': 25,
 'epochs': 5,
 'evidential_regularization': 0,
 'explicit_h': False,
 'extra_metrics': [],
 'features_generator': None,
 'features_only': False,
 'features_path': None,
 'features_scaling': True,
 'features_size': None,
 'ffn_hidden_size': 300,
 'ffn_num_layers': 2,
 'final_lr': 0.0001,
 'folds_file': None,
 'freeze_first_only': False,
 'frzn_ffn_layers': 0,
 'gpu': None,
 'grad_clip': None,
 'hidden_size': 300,
 'hidden_size_solvent': 300,
 'ignore_columns': None,
 'ignore_nan_metrics': False,
 'init_lr': 0.0001,
 'is_atom_bond_targets': False,
 'keeping_atom_map': False,
 'log_frequency': 10,
 'loss_function': 'mse',
 'max_data_size': None,
 'max_lr': 0.001,
 'metric': 'rmse',
 'metrics': ['rmse'],
 'minimize_score': True,
 'mpn_shared': False,
 'multiclass_num_classes': 3,
 'no_adding_bond_types': False,
 'no_atom_descriptor_scaling': False,
 'no_bond_descriptor_scaling': False,
 'no_cache_mol': False,
 'no_cuda': False,
 'no_features_scaling': False,
 'no_shared_atom_bond_ffn': False,
 'num_folds': 1,
 'num_lrs': 1,
 'num_tasks': 1,
 'num_workers': 0,
 'number_of_molecules': 2,
 'overwrite_default_atom_features': False,
 'overwrite_default_bond_features': False,
 'phase_features_path': None,
 'pytorch_seed': 0,
 'quantile_loss_alpha': 0.1,
 'quantiles': [],
 'quiet': False,
 'reaction': False,
 'reaction_mode': 'reac_prod',
 'reaction_solvent': True,
 'resume_experiment': False,
 'save_dir': 'refinetuned_model',
 'save_preds': False,
 'save_smiles_splits': False,
 'seed': 0,
 'separate_test_atom_descriptors_path': None,
 'separate_test_bond_descriptors_path': None,
 'separate_test_constraints_path': None,
 'separate_test_features_path': None,
 'separate_test_path': None,
 'separate_test_phase_features_path': None,
 'separate_val_atom_descriptors_path': None,
 'separate_val_bond_descriptors_path': None,
 'separate_val_constraints_path': None,
 'separate_val_features_path': None,
 'separate_val_path': None,
 'separate_val_phase_features_path': None,
 'shared_atom_bond_ffn': True,
 'show_individual_scores': False,
 'smiles_columns': ['rxn_smiles', 'solvent_smiles'],
 'spectra_activation': 'exp',
 'spectra_phase_mask_path': None,
 'spectra_target_floor': 1e-08,
 'split_key_molecule': 0,
 'split_sizes': [0.8, 0.1, 0.1],
 'split_type': 'scaffold_balanced',
 'target_columns': ['ddGsolv'],
 'target_weights': None,
 'task_names': ['ddGsolv'],
 'test': False,
 'test_fold_index': None,
 'train_data_size': None,
 'undirected': False,
 'use_input_features': False,
 'val_fold_index': None,
 'warmup_epochs': 2.0,
 'weights_ffn_num_layers': 2}
Setting molecule featurization parameters to default.
Loading data
Number of tasks = 1
Fold 0
Splitting data with seed 0
Total scaffolds = 3 | train scaffolds = 2 | val scaffolds = 0 | test scaffolds = 1
Label averages per scaffold, in decreasing order of scaffold frequency,capped at 10 scaffolds and 20 labels:
Scaffold 0
Task 0: count = 45,772 | target average = -0.036027


Scaffold 1
Task 0: count = 175 | target average = -0.403029


Scaffold 2
Task 0: count = 175 | target average = 0.256914


Total size = 46,122 | train size = 350 | val size = 0 | test size = 45,772
Command line
python /Users/abdiwadud/miniconda3/envs/chemprop/lib/python3.8/site-packages/ipykernel_launcher.py --f=/Users/abdiwadud/Library/Jupyter/runtime/kernel-v3f082be861f2e409b3090fa4ffd707f12c4f9bf14.json
Args
{'activation': 'ReLU',
 'adding_bond_types': True,
 'adding_h': False,
 'aggregation': 'mean',
 'aggregation_norm': 100,
 'atom_constraints': [],
 'atom_descriptor_scaling': True,
 'atom_descriptors': None,
 'atom_descriptors_path': None,
 'atom_descriptors_size': 0,
 'atom_features_size': 0,
 'atom_messages': False,
 'atom_targets': [],
 'batch_size': 50,
 'bias': False,
 'bias_solvent': False,
 'bond_constraints': [],
 'bond_descriptor_scaling': True,
 'bond_descriptors': None,
 'bond_descriptors_path': None,
 'bond_descriptors_size': 0,
 'bond_features_size': 0,
 'bond_targets': [],
 'cache_cutoff': 10000,
 'checkpoint_dir': None,
 'checkpoint_frzn': None,
 'checkpoint_path': None,
 'checkpoint_paths': ['KSE_ML_model_files/model_0/model.pt',
                      'KSE_ML_model_files/model_1/model.pt',
                      'KSE_ML_model_files/model_2/model.pt',
                      'KSE_ML_model_files/model_3/model.pt',
                      'KSE_ML_model_files/model_4/model.pt',
                      'KSE_ML_model_files/model_5/model.pt',
                      'KSE_ML_model_files/model_6/model.pt',
                      'KSE_ML_model_files/model_7/model.pt',
                      'KSE_ML_model_files/model_8/model.pt',
                      'KSE_ML_model_files/model_9/model.pt',
                      'KSE_ML_model_files/model_10/model.pt',
                      'KSE_ML_model_files/model_11/model.pt',
                      'KSE_ML_model_files/model_12/model.pt',
                      'KSE_ML_model_files/model_13/model.pt',
                      'KSE_ML_model_files/model_14/model.pt',
                      'KSE_ML_model_files/model_15/model.pt',
                      'KSE_ML_model_files/model_16/model.pt',
                      'KSE_ML_model_files/model_17/model.pt',
                      'KSE_ML_model_files/model_18/model.pt',
                      'KSE_ML_model_files/model_19/model.pt',
                      'KSE_ML_model_files/model_20/model.pt',
                      'KSE_ML_model_files/model_21/model.pt',
                      'KSE_ML_model_files/model_22/model.pt',
                      'KSE_ML_model_files/model_23/model.pt',
                      'KSE_ML_model_files/model_24/model.pt'],
 'class_balance': False,
 'config_path': None,
 'constraints_path': None,
 'crossval_index_dir': None,
 'crossval_index_file': None,
 'crossval_index_sets': None,
 'cuda': False,
 'data_path': 'RxnSolvKSE_dataset_v1.1/finetuning_set/chosen_data/finetuning_rxn_solvent_ddGsolv_ddHsolv_chosen.csv',
 'data_weights_path': None,
 'dataset_type': 'regression',
 'depth': 3,
 'depth_solvent': 3,
 'device': device(type='cpu'),
 'dropout': 0.0,
 'empty_cache': True,
 'ensemble_size': 25,
 'epochs': 5,
 'evidential_regularization': 0,
 'explicit_h': False,
 'extra_metrics': [],
 'features_generator': None,
 'features_only': False,
 'features_path': None,
 'features_scaling': True,
 'features_size': None,
 'ffn_hidden_size': 300,
 'ffn_num_layers': 2,
 'final_lr': 0.0001,
 'folds_file': None,
 'freeze_first_only': False,
 'frzn_ffn_layers': 0,
 'gpu': None,
 'grad_clip': None,
 'hidden_size': 300,
 'hidden_size_solvent': 300,
 'ignore_columns': None,
 'ignore_nan_metrics': False,
 'init_lr': 0.0001,
 'is_atom_bond_targets': False,
 'keeping_atom_map': False,
 'log_frequency': 10,
 'loss_function': 'mse',
 'max_data_size': None,
 'max_lr': 0.001,
 'metric': 'rmse',
 'metrics': ['rmse'],
 'minimize_score': True,
 'mpn_shared': False,
 'multiclass_num_classes': 3,
 'no_adding_bond_types': False,
 'no_atom_descriptor_scaling': False,
 'no_bond_descriptor_scaling': False,
 'no_cache_mol': False,
 'no_cuda': False,
 'no_features_scaling': False,
 'no_shared_atom_bond_ffn': False,
 'num_folds': 1,
 'num_lrs': 1,
 'num_tasks': 2,
 'num_workers': 0,
 'number_of_molecules': 2,
 'overwrite_default_atom_features': False,
 'overwrite_default_bond_features': False,
 'phase_features_path': None,
 'pytorch_seed': 0,
 'quantile_loss_alpha': 0.1,
 'quantiles': [0.05, 0.95],
 'quiet': False,
 'reaction': False,
 'reaction_mode': 'reac_prod',
 'reaction_solvent': True,
 'resume_experiment': False,
 'save_dir': 'refinetuned_model',
 'save_preds': False,
 'save_smiles_splits': False,
 'seed': 0,
 'separate_test_atom_descriptors_path': None,
 'separate_test_bond_descriptors_path': None,
 'separate_test_constraints_path': None,
 'separate_test_features_path': None,
 'separate_test_path': None,
 'separate_test_phase_features_path': None,
 'separate_val_atom_descriptors_path': None,
 'separate_val_bond_descriptors_path': None,
 'separate_val_constraints_path': None,
 'separate_val_features_path': None,
 'separate_val_path': None,
 'separate_val_phase_features_path': None,
 'shared_atom_bond_ffn': True,
 'show_individual_scores': False,
 'smiles_columns': ['rxn_smiles', 'solvent_smiles'],
 'spectra_activation': 'exp',
 'spectra_phase_mask_path': None,
 'spectra_target_floor': 1e-08,
 'split_key_molecule': 0,
 'split_sizes': [0.8, 0.1, 0.1],
 'split_type': 'scaffold_balanced',
 'target_columns': ['ddHsolv', 'ddGsolv'],
 'target_weights': None,
 'task_names': ['ddHsolv', 'ddGsolv'],
 'test': False,
 'test_fold_index': None,
 'train_data_size': None,
 'undirected': False,
 'use_input_features': False,
 'val_fold_index': None,
 'warmup_epochs': 2.0,
 'weights_ffn_num_layers': 2}
Setting molecule featurization parameters to default.
Loading data
Number of tasks = 2
Fold 0
Splitting data with seed 0
Total scaffolds = 3 | train scaffolds = 2 | val scaffolds = 0 | test scaffolds = 1
Label averages per scaffold, in decreasing order of scaffold frequency,capped at 10 scaffolds and 20 labels:
Scaffold 0
Task 0: count = 45,772 | target average = 1.569519
Task 1: count = 45,772 | target average = -0.036027


Scaffold 1
Task 0: count = 175 | target average = 0.894629
Task 1: count = 175 | target average = -0.403029


Scaffold 2
Task 0: count = 175 | target average = 2.565543
Task 1: count = 175 | target average = 0.256914


Total size = 46,122 | train size = 350 | val size = 0 | test size = 45,772
Command line
python /Users/abdiwadud/miniconda3/envs/chemprop/lib/python3.8/site-packages/ipykernel_launcher.py --f=/Users/abdiwadud/Library/Jupyter/runtime/kernel-v31d620cc0e8d418bd56c3339a027235abc7b84447.json
Args
{'activation': 'ReLU',
 'adding_bond_types': True,
 'adding_h': False,
 'aggregation': 'mean',
 'aggregation_norm': 100,
 'atom_constraints': [],
 'atom_descriptor_scaling': True,
 'atom_descriptors': None,
 'atom_descriptors_path': None,
 'atom_descriptors_size': 0,
 'atom_features_size': 0,
 'atom_messages': False,
 'atom_targets': [],
 'batch_size': 50,
 'bias': False,
 'bias_solvent': False,
 'bond_constraints': [],
 'bond_descriptor_scaling': True,
 'bond_descriptors': None,
 'bond_descriptors_path': None,
 'bond_descriptors_size': 0,
 'bond_features_size': 0,
 'bond_targets': [],
 'cache_cutoff': 10000,
 'checkpoint_dir': None,
 'checkpoint_frzn': None,
 'checkpoint_path': None,
 'checkpoint_paths': ['KSE_ML_model_files/model_0/model.pt',
                      'KSE_ML_model_files/model_1/model.pt',
                      'KSE_ML_model_files/model_2/model.pt',
                      'KSE_ML_model_files/model_3/model.pt',
                      'KSE_ML_model_files/model_4/model.pt',
                      'KSE_ML_model_files/model_5/model.pt',
                      'KSE_ML_model_files/model_6/model.pt',
                      'KSE_ML_model_files/model_7/model.pt',
                      'KSE_ML_model_files/model_8/model.pt',
                      'KSE_ML_model_files/model_9/model.pt',
                      'KSE_ML_model_files/model_10/model.pt',
                      'KSE_ML_model_files/model_11/model.pt',
                      'KSE_ML_model_files/model_12/model.pt',
                      'KSE_ML_model_files/model_13/model.pt',
                      'KSE_ML_model_files/model_14/model.pt',
                      'KSE_ML_model_files/model_15/model.pt',
                      'KSE_ML_model_files/model_16/model.pt',
                      'KSE_ML_model_files/model_17/model.pt',
                      'KSE_ML_model_files/model_18/model.pt',
                      'KSE_ML_model_files/model_19/model.pt',
                      'KSE_ML_model_files/model_20/model.pt',
                      'KSE_ML_model_files/model_21/model.pt',
                      'KSE_ML_model_files/model_22/model.pt',
                      'KSE_ML_model_files/model_23/model.pt',
                      'KSE_ML_model_files/model_24/model.pt'],
 'class_balance': False,
 'config_path': None,
 'constraints_path': None,
 'crossval_index_dir': None,
 'crossval_index_file': None,
 'crossval_index_sets': None,
 'cuda': False,
 'data_path': 'RxnSolvKSE_dataset_v1.1/finetuning_set/chosen_data/finetuning_rxn_solvent_ddGsolv_ddHsolv_chosen.csv',
 'data_weights_path': None,
 'dataset_type': 'regression',
 'depth': 3,
 'depth_solvent': 3,
 'device': device(type='cpu'),
 'dropout': 0.0,
 'empty_cache': True,
 'ensemble_size': 25,
 'epochs': 5,
 'evidential_regularization': 0,
 'explicit_h': False,
 'extra_metrics': [],
 'features_generator': None,
 'features_only': False,
 'features_path': None,
 'features_scaling': True,
 'features_size': None,
 'ffn_hidden_size': 300,
 'ffn_num_layers': 2,
 'final_lr': 0.0001,
 'folds_file': None,
 'freeze_first_only': False,
 'frzn_ffn_layers': 0,
 'gpu': None,
 'grad_clip': None,
 'hidden_size': 300,
 'hidden_size_solvent': 300,
 'ignore_columns': None,
 'ignore_nan_metrics': False,
 'init_lr': 0.0001,
 'is_atom_bond_targets': False,
 'keeping_atom_map': False,
 'log_frequency': 10,
 'loss_function': 'mse',
 'max_data_size': None,
 'max_lr': 0.001,
 'metric': 'rmse',
 'metrics': ['rmse'],
 'minimize_score': True,
 'mpn_shared': False,
 'multiclass_num_classes': 3,
 'no_adding_bond_types': False,
 'no_atom_descriptor_scaling': False,
 'no_bond_descriptor_scaling': False,
 'no_cache_mol': False,
 'no_cuda': False,
 'no_features_scaling': False,
 'no_shared_atom_bond_ffn': False,
 'num_folds': 1,
 'num_lrs': 1,
 'num_tasks': 2,
 'num_workers': 0,
 'number_of_molecules': 2,
 'overwrite_default_atom_features': False,
 'overwrite_default_bond_features': False,
 'phase_features_path': None,
 'pytorch_seed': 0,
 'quantile_loss_alpha': 0.1,
 'quantiles': [0.05, 0.95],
 'quiet': False,
 'reaction': False,
 'reaction_mode': 'reac_prod',
 'reaction_solvent': True,
 'resume_experiment': False,
 'save_dir': 'refinetuned_model',
 'save_preds': False,
 'save_smiles_splits': False,
 'seed': 0,
 'separate_test_atom_descriptors_path': None,
 'separate_test_bond_descriptors_path': None,
 'separate_test_constraints_path': None,
 'separate_test_features_path': None,
 'separate_test_path': None,
 'separate_test_phase_features_path': None,
 'separate_val_atom_descriptors_path': None,
 'separate_val_bond_descriptors_path': None,
 'separate_val_constraints_path': None,
 'separate_val_features_path': None,
 'separate_val_path': None,
 'separate_val_phase_features_path': None,
 'shared_atom_bond_ffn': True,
 'show_individual_scores': False,
 'smiles_columns': ['rxn_smiles', 'solvent_smiles'],
 'spectra_activation': 'exp',
 'spectra_phase_mask_path': None,
 'spectra_target_floor': 1e-08,
 'split_key_molecule': 0,
 'split_sizes': [0.8, 0.1, 0.1],
 'split_type': 'scaffold_balanced',
 'target_columns': ['ddHsolv', 'ddGsolv'],
 'target_weights': None,
 'task_names': ['ddHsolv', 'ddGsolv'],
 'test': False,
 'test_fold_index': None,
 'train_data_size': None,
 'undirected': False,
 'use_input_features': False,
 'val_fold_index': None,
 'warmup_epochs': 2.0,
 'weights_ffn_num_layers': 2}
Setting molecule featurization parameters to default.
Loading data
Number of tasks = 2
Fold 0
Splitting data with seed 0
Total scaffolds = 3 | train scaffolds = 2 | val scaffolds = 0 | test scaffolds = 1
Label averages per scaffold, in decreasing order of scaffold frequency,capped at 10 scaffolds and 20 labels:
Scaffold 0
Task 0: count = 45,772 | target average = 1.569519
Task 1: count = 45,772 | target average = -0.036027


Scaffold 1
Task 0: count = 175 | target average = 0.894629
Task 1: count = 175 | target average = -0.403029


Scaffold 2
Task 0: count = 175 | target average = 2.565543
Task 1: count = 175 | target average = 0.256914


Total size = 46,122 | train size = 350 | val size = 0 | test size = 45,772
Command line
python /Users/abdiwadud/miniconda3/envs/chemprop/lib/python3.8/site-packages/ipykernel_launcher.py --f=/Users/abdiwadud/Library/Jupyter/runtime/kernel-v31d620cc0e8d418bd56c3339a027235abc7b84447.json
Args
{'activation': 'ReLU',
 'adding_bond_types': True,
 'adding_h': False,
 'aggregation': 'mean',
 'aggregation_norm': 100,
 'atom_constraints': [],
 'atom_descriptor_scaling': True,
 'atom_descriptors': None,
 'atom_descriptors_path': None,
 'atom_descriptors_size': 0,
 'atom_features_size': 0,
 'atom_messages': False,
 'atom_targets': [],
 'batch_size': 50,
 'bias': False,
 'bias_solvent': False,
 'bond_constraints': [],
 'bond_descriptor_scaling': True,
 'bond_descriptors': None,
 'bond_descriptors_path': None,
 'bond_descriptors_size': 0,
 'bond_features_size': 0,
 'bond_targets': [],
 'cache_cutoff': 10000,
 'checkpoint_dir': None,
 'checkpoint_frzn': None,
 'checkpoint_path': None,
 'checkpoint_paths': ['KSE_ML_model_files/model_0/model.pt',
                      'KSE_ML_model_files/model_1/model.pt',
                      'KSE_ML_model_files/model_2/model.pt',
                      'KSE_ML_model_files/model_3/model.pt',
                      'KSE_ML_model_files/model_4/model.pt',
                      'KSE_ML_model_files/model_5/model.pt',
                      'KSE_ML_model_files/model_6/model.pt',
                      'KSE_ML_model_files/model_7/model.pt',
                      'KSE_ML_model_files/model_8/model.pt',
                      'KSE_ML_model_files/model_9/model.pt',
                      'KSE_ML_model_files/model_10/model.pt',
                      'KSE_ML_model_files/model_11/model.pt',
                      'KSE_ML_model_files/model_12/model.pt',
                      'KSE_ML_model_files/model_13/model.pt',
                      'KSE_ML_model_files/model_14/model.pt',
                      'KSE_ML_model_files/model_15/model.pt',
                      'KSE_ML_model_files/model_16/model.pt',
                      'KSE_ML_model_files/model_17/model.pt',
                      'KSE_ML_model_files/model_18/model.pt',
                      'KSE_ML_model_files/model_19/model.pt',
                      'KSE_ML_model_files/model_20/model.pt',
                      'KSE_ML_model_files/model_21/model.pt',
                      'KSE_ML_model_files/model_22/model.pt',
                      'KSE_ML_model_files/model_23/model.pt',
                      'KSE_ML_model_files/model_24/model.pt'],
 'class_balance': False,
 'config_path': None,
 'constraints_path': None,
 'crossval_index_dir': None,
 'crossval_index_file': None,
 'crossval_index_sets': None,
 'cuda': False,
 'data_path': 'RxnSolvKSE_dataset_v1.1/finetuning_set/chosen_data/finetuning_rxn_solvent_ddGsolv_ddHsolv_chosen.csv',
 'data_weights_path': None,
 'dataset_type': 'regression',
 'depth': 3,
 'depth_solvent': 3,
 'device': device(type='cpu'),
 'dropout': 0.0,
 'empty_cache': True,
 'ensemble_size': 25,
 'epochs': 10,
 'evidential_regularization': 0,
 'explicit_h': False,
 'extra_metrics': [],
 'features_generator': None,
 'features_only': False,
 'features_path': None,
 'features_scaling': True,
 'features_size': None,
 'ffn_hidden_size': 300,
 'ffn_num_layers': 2,
 'final_lr': 0.0001,
 'folds_file': None,
 'freeze_first_only': False,
 'frzn_ffn_layers': 0,
 'gpu': None,
 'grad_clip': None,
 'hidden_size': 300,
 'hidden_size_solvent': 300,
 'ignore_columns': None,
 'ignore_nan_metrics': False,
 'init_lr': 0.0001,
 'is_atom_bond_targets': False,
 'keeping_atom_map': False,
 'log_frequency': 10,
 'loss_function': 'mse',
 'max_data_size': None,
 'max_lr': 0.001,
 'metric': 'rmse',
 'metrics': ['rmse'],
 'minimize_score': True,
 'mpn_shared': False,
 'multiclass_num_classes': 3,
 'no_adding_bond_types': False,
 'no_atom_descriptor_scaling': False,
 'no_bond_descriptor_scaling': False,
 'no_cache_mol': False,
 'no_cuda': False,
 'no_features_scaling': False,
 'no_shared_atom_bond_ffn': False,
 'num_folds': 1,
 'num_lrs': 1,
 'num_tasks': 2,
 'num_workers': 0,
 'number_of_molecules': 2,
 'overwrite_default_atom_features': False,
 'overwrite_default_bond_features': False,
 'phase_features_path': None,
 'pytorch_seed': 0,
 'quantile_loss_alpha': 0.1,
 'quantiles': [0.05, 0.95],
 'quiet': False,
 'reaction': False,
 'reaction_mode': 'reac_prod',
 'reaction_solvent': True,
 'resume_experiment': False,
 'save_dir': 'refinetuned_model',
 'save_preds': False,
 'save_smiles_splits': False,
 'seed': 0,
 'separate_test_atom_descriptors_path': None,
 'separate_test_bond_descriptors_path': None,
 'separate_test_constraints_path': None,
 'separate_test_features_path': None,
 'separate_test_path': None,
 'separate_test_phase_features_path': None,
 'separate_val_atom_descriptors_path': None,
 'separate_val_bond_descriptors_path': None,
 'separate_val_constraints_path': None,
 'separate_val_features_path': None,
 'separate_val_path': None,
 'separate_val_phase_features_path': None,
 'shared_atom_bond_ffn': True,
 'show_individual_scores': False,
 'smiles_columns': ['rxn_smiles', 'solvent_smiles'],
 'spectra_activation': 'exp',
 'spectra_phase_mask_path': None,
 'spectra_target_floor': 1e-08,
 'split_key_molecule': 0,
 'split_sizes': [0.8, 0.1, 0.1],
 'split_type': 'scaffold_balanced',
 'target_columns': ['ddHsolv', 'ddGsolv'],
 'target_weights': None,
 'task_names': ['ddHsolv', 'ddGsolv'],
 'test': False,
 'test_fold_index': None,
 'train_data_size': None,
 'undirected': False,
 'use_input_features': False,
 'val_fold_index': None,
 'warmup_epochs': 2.0,
 'weights_ffn_num_layers': 2}
Setting molecule featurization parameters to default.
Loading data
Number of tasks = 2
Fold 0
Splitting data with seed 0
Total scaffolds = 3 | train scaffolds = 2 | val scaffolds = 0 | test scaffolds = 1
Label averages per scaffold, in decreasing order of scaffold frequency,capped at 10 scaffolds and 20 labels:
Scaffold 0
Task 0: count = 45,772 | target average = 1.569519
Task 1: count = 45,772 | target average = -0.036027


Scaffold 1
Task 0: count = 175 | target average = 0.894629
Task 1: count = 175 | target average = -0.403029


Scaffold 2
Task 0: count = 175 | target average = 2.565543
Task 1: count = 175 | target average = 0.256914


Total size = 46,122 | train size = 350 | val size = 0 | test size = 45,772
Command line
python /Users/abdiwadud/miniconda3/envs/chemprop/lib/python3.8/site-packages/ipykernel_launcher.py --f=/Users/abdiwadud/Library/Jupyter/runtime/kernel-v31d620cc0e8d418bd56c3339a027235abc7b84447.json
Args
{'activation': 'ReLU',
 'adding_bond_types': True,
 'adding_h': False,
 'aggregation': 'mean',
 'aggregation_norm': 100,
 'atom_constraints': [],
 'atom_descriptor_scaling': True,
 'atom_descriptors': None,
 'atom_descriptors_path': None,
 'atom_descriptors_size': 0,
 'atom_features_size': 0,
 'atom_messages': False,
 'atom_targets': [],
 'batch_size': 50,
 'bias': False,
 'bias_solvent': False,
 'bond_constraints': [],
 'bond_descriptor_scaling': True,
 'bond_descriptors': None,
 'bond_descriptors_path': None,
 'bond_descriptors_size': 0,
 'bond_features_size': 0,
 'bond_targets': [],
 'cache_cutoff': 10000,
 'checkpoint_dir': None,
 'checkpoint_frzn': None,
 'checkpoint_path': None,
 'checkpoint_paths': ['KSE_ML_model_files/model_0/model.pt',
                      'KSE_ML_model_files/model_1/model.pt',
                      'KSE_ML_model_files/model_2/model.pt',
                      'KSE_ML_model_files/model_3/model.pt',
                      'KSE_ML_model_files/model_4/model.pt',
                      'KSE_ML_model_files/model_5/model.pt',
                      'KSE_ML_model_files/model_6/model.pt',
                      'KSE_ML_model_files/model_7/model.pt',
                      'KSE_ML_model_files/model_8/model.pt',
                      'KSE_ML_model_files/model_9/model.pt',
                      'KSE_ML_model_files/model_10/model.pt',
                      'KSE_ML_model_files/model_11/model.pt',
                      'KSE_ML_model_files/model_12/model.pt',
                      'KSE_ML_model_files/model_13/model.pt',
                      'KSE_ML_model_files/model_14/model.pt',
                      'KSE_ML_model_files/model_15/model.pt',
                      'KSE_ML_model_files/model_16/model.pt',
                      'KSE_ML_model_files/model_17/model.pt',
                      'KSE_ML_model_files/model_18/model.pt',
                      'KSE_ML_model_files/model_19/model.pt',
                      'KSE_ML_model_files/model_20/model.pt',
                      'KSE_ML_model_files/model_21/model.pt',
                      'KSE_ML_model_files/model_22/model.pt',
                      'KSE_ML_model_files/model_23/model.pt',
                      'KSE_ML_model_files/model_24/model.pt'],
 'class_balance': False,
 'config_path': None,
 'constraints_path': None,
 'crossval_index_dir': None,
 'crossval_index_file': None,
 'crossval_index_sets': None,
 'cuda': False,
 'data_path': 'RxnSolvKSE_dataset_v1.1/finetuning_set/chosen_data/finetuning_rxn_solvent_ddGsolv_ddHsolv_chosen.csv',
 'data_weights_path': None,
 'dataset_type': 'regression',
 'depth': 3,
 'depth_solvent': 3,
 'device': device(type='cpu'),
 'dropout': 0.0,
 'empty_cache': True,
 'ensemble_size': 25,
 'epochs': 5,
 'evidential_regularization': 0,
 'explicit_h': False,
 'extra_metrics': [],
 'features_generator': None,
 'features_only': False,
 'features_path': None,
 'features_scaling': True,
 'features_size': None,
 'ffn_hidden_size': 300,
 'ffn_num_layers': 2,
 'final_lr': 0.0001,
 'folds_file': None,
 'freeze_first_only': False,
 'frzn_ffn_layers': 0,
 'gpu': None,
 'grad_clip': None,
 'hidden_size': 300,
 'hidden_size_solvent': 300,
 'ignore_columns': None,
 'ignore_nan_metrics': False,
 'init_lr': 0.0001,
 'is_atom_bond_targets': False,
 'keeping_atom_map': False,
 'log_frequency': 10,
 'loss_function': 'mse',
 'max_data_size': None,
 'max_lr': 0.001,
 'metric': 'rmse',
 'metrics': ['rmse'],
 'minimize_score': True,
 'mpn_shared': False,
 'multiclass_num_classes': 3,
 'no_adding_bond_types': False,
 'no_atom_descriptor_scaling': False,
 'no_bond_descriptor_scaling': False,
 'no_cache_mol': False,
 'no_cuda': False,
 'no_features_scaling': False,
 'no_shared_atom_bond_ffn': False,
 'num_folds': 1,
 'num_lrs': 1,
 'num_tasks': 2,
 'num_workers': 0,
 'number_of_molecules': 2,
 'overwrite_default_atom_features': False,
 'overwrite_default_bond_features': False,
 'phase_features_path': None,
 'pytorch_seed': 0,
 'quantile_loss_alpha': 0.1,
 'quantiles': [0.05, 0.95],
 'quiet': False,
 'reaction': False,
 'reaction_mode': 'reac_prod',
 'reaction_solvent': True,
 'resume_experiment': False,
 'save_dir': 'refinetuned_model',
 'save_preds': False,
 'save_smiles_splits': False,
 'seed': 0,
 'separate_test_atom_descriptors_path': None,
 'separate_test_bond_descriptors_path': None,
 'separate_test_constraints_path': None,
 'separate_test_features_path': None,
 'separate_test_path': None,
 'separate_test_phase_features_path': None,
 'separate_val_atom_descriptors_path': None,
 'separate_val_bond_descriptors_path': None,
 'separate_val_constraints_path': None,
 'separate_val_features_path': None,
 'separate_val_path': None,
 'separate_val_phase_features_path': None,
 'shared_atom_bond_ffn': True,
 'show_individual_scores': False,
 'smiles_columns': ['rxn_smiles', 'solvent_smiles'],
 'spectra_activation': 'exp',
 'spectra_phase_mask_path': None,
 'spectra_target_floor': 1e-08,
 'split_key_molecule': 0,
 'split_sizes': [0.8, 0.1, 0.1],
 'split_type': 'random',
 'target_columns': ['ddHsolv', 'ddGsolv'],
 'target_weights': None,
 'task_names': ['ddHsolv', 'ddGsolv'],
 'test': False,
 'test_fold_index': None,
 'train_data_size': None,
 'undirected': False,
 'use_input_features': False,
 'val_fold_index': None,
 'warmup_epochs': 2.0,
 'weights_ffn_num_layers': 2}
Setting molecule featurization parameters to default.
Loading data
Number of tasks = 2
Fold 0
Splitting data with seed 0
Total size = 46,122 | train size = 36,897 | val size = 4,612 | test size = 4,613
Fitting scaler
Loading model 0 from KSE_ML_model_files/model_0/model.pt
Loading pretrained parameter "encoder.encoder.cached_zero_vector".
Loading pretrained parameter "encoder.encoder.W_i.weight".
Loading pretrained parameter "encoder.encoder.W_h.weight".
Loading pretrained parameter "encoder.encoder.W_o.weight".
Loading pretrained parameter "encoder.encoder.W_o.bias".
Loading pretrained parameter "encoder.encoder_solvent.cached_zero_vector".
Loading pretrained parameter "encoder.encoder_solvent.W_i.weight".
Loading pretrained parameter "encoder.encoder_solvent.W_h.weight".
Loading pretrained parameter "encoder.encoder_solvent.W_o.weight".
Loading pretrained parameter "encoder.encoder_solvent.W_o.bias".
Loading pretrained parameter "ffn.1.weight".
Loading pretrained parameter "ffn.1.bias".
Loading pretrained parameter "ffn.4.weight".
Loading pretrained parameter "ffn.4.bias".
Loading pretrained parameter "ffn.7.weight".
Loading pretrained parameter "ffn.7.bias".
Loading pretrained parameter "ffn.10.weight".
Loading pretrained parameter "ffn.10.bias".
Loading pretrained parameter "ffn.13.weight".
Loading pretrained parameter "ffn.13.bias".
Loading pretrained parameter "ffn.16.weight".
Loading pretrained parameter "ffn.16.bias".
MoleculeModel(
  (encoder): MPN(
    (encoder): MPNEncoder(
      (dropout): Dropout(p=0.0, inplace=False)
      (act_func): ReLU()
      (W_i): Linear(in_features=193, out_features=900, bias=False)
      (W_h): Linear(in_features=900, out_features=900, bias=False)
      (W_o): Linear(in_features=1065, out_features=900, bias=True)
    )
    (encoder_solvent): MPNEncoder(
      (dropout): Dropout(p=0.0, inplace=False)
      (act_func): ReLU()
      (W_i): Linear(in_features=147, out_features=200, bias=False)
      (W_h): Linear(in_features=200, out_features=200, bias=False)
      (W_o): Linear(in_features=333, out_features=200, bias=True)
    )
  )
  (readout): Sequential(
    (0): Dropout(p=0.0, inplace=False)
    (1): Linear(in_features=1100, out_features=400, bias=True)
    (2): ReLU()
    (3): Dropout(p=0.0, inplace=False)
    (4): Linear(in_features=400, out_features=400, bias=True)
    (5): ReLU()
    (6): Dropout(p=0.0, inplace=False)
    (7): Linear(in_features=400, out_features=400, bias=True)
    (8): ReLU()
    (9): Dropout(p=0.0, inplace=False)
    (10): Linear(in_features=400, out_features=400, bias=True)
    (11): ReLU()
    (12): Dropout(p=0.0, inplace=False)
    (13): Linear(in_features=400, out_features=400, bias=True)
    (14): ReLU()
    (15): Dropout(p=0.0, inplace=False)
    (16): Linear(in_features=400, out_features=2, bias=True)
  )
)
Number of parameters = 3,163,202
Epoch 0
Loss = 9.0593e-01, PNorm = 213.5980, GNorm = 1.9707, lr_0 = 1.0672e-04
Loss = 7.4265e-01, PNorm = 213.5989, GNorm = 2.1107, lr_0 = 1.1282e-04
Loss = 6.0384e-01, PNorm = 213.6002, GNorm = 2.1722, lr_0 = 1.1893e-04
Loss = 5.2654e-01, PNorm = 213.6015, GNorm = 2.5078, lr_0 = 1.2503e-04
Loss = 5.2400e-01, PNorm = 213.6024, GNorm = 1.6098, lr_0 = 1.3114e-04
Command line
python /Users/abdiwadud/miniconda3/envs/chemprop/lib/python3.8/site-packages/ipykernel_launcher.py --f=/Users/abdiwadud/Library/Jupyter/runtime/kernel-v31d620cc0e8d418bd56c3339a027235abc7b84447.json
Args
{'activation': 'ReLU',
 'adding_bond_types': True,
 'adding_h': False,
 'aggregation': 'mean',
 'aggregation_norm': 100,
 'atom_constraints': [],
 'atom_descriptor_scaling': True,
 'atom_descriptors': None,
 'atom_descriptors_path': None,
 'atom_descriptors_size': 0,
 'atom_features_size': 0,
 'atom_messages': False,
 'atom_targets': [],
 'batch_size': 50,
 'bias': False,
 'bias_solvent': False,
 'bond_constraints': [],
 'bond_descriptor_scaling': True,
 'bond_descriptors': None,
 'bond_descriptors_path': None,
 'bond_descriptors_size': 0,
 'bond_features_size': 0,
 'bond_targets': [],
 'cache_cutoff': 10000,
 'checkpoint_dir': None,
 'checkpoint_frzn': None,
 'checkpoint_path': None,
 'checkpoint_paths': ['KSE_ML_model_files/model_0/model.pt',
                      'KSE_ML_model_files/model_1/model.pt',
                      'KSE_ML_model_files/model_2/model.pt',
                      'KSE_ML_model_files/model_3/model.pt',
                      'KSE_ML_model_files/model_4/model.pt',
                      'KSE_ML_model_files/model_5/model.pt',
                      'KSE_ML_model_files/model_6/model.pt',
                      'KSE_ML_model_files/model_7/model.pt',
                      'KSE_ML_model_files/model_8/model.pt',
                      'KSE_ML_model_files/model_9/model.pt',
                      'KSE_ML_model_files/model_10/model.pt',
                      'KSE_ML_model_files/model_11/model.pt',
                      'KSE_ML_model_files/model_12/model.pt',
                      'KSE_ML_model_files/model_13/model.pt',
                      'KSE_ML_model_files/model_14/model.pt',
                      'KSE_ML_model_files/model_15/model.pt',
                      'KSE_ML_model_files/model_16/model.pt',
                      'KSE_ML_model_files/model_17/model.pt',
                      'KSE_ML_model_files/model_18/model.pt',
                      'KSE_ML_model_files/model_19/model.pt',
                      'KSE_ML_model_files/model_20/model.pt',
                      'KSE_ML_model_files/model_21/model.pt',
                      'KSE_ML_model_files/model_22/model.pt',
                      'KSE_ML_model_files/model_23/model.pt',
                      'KSE_ML_model_files/model_24/model.pt'],
 'class_balance': False,
 'config_path': None,
 'constraints_path': None,
 'crossval_index_dir': None,
 'crossval_index_file': None,
 'crossval_index_sets': None,
 'cuda': False,
 'data_path': 'RxnSolvKSE_dataset_v1.1/finetuning_set/chosen_data/finetuning_rxn_solvent_ddGsolv_ddHsolv_chosen.csv',
 'data_weights_path': None,
 'dataset_type': 'regression',
 'depth': 3,
 'depth_solvent': 3,
 'device': device(type='cpu'),
 'dropout': 0.0,
 'empty_cache': True,
 'ensemble_size': 25,
 'epochs': 5,
 'evidential_regularization': 0,
 'explicit_h': False,
 'extra_metrics': [],
 'features_generator': None,
 'features_only': False,
 'features_path': None,
 'features_scaling': True,
 'features_size': None,
 'ffn_hidden_size': 300,
 'ffn_num_layers': 2,
 'final_lr': 0.0001,
 'folds_file': None,
 'freeze_first_only': False,
 'frzn_ffn_layers': 0,
 'gpu': None,
 'grad_clip': None,
 'hidden_size': 300,
 'hidden_size_solvent': 300,
 'ignore_columns': None,
 'ignore_nan_metrics': False,
 'init_lr': 0.0001,
 'is_atom_bond_targets': False,
 'keeping_atom_map': False,
 'log_frequency': 10,
 'loss_function': 'mse',
 'max_data_size': None,
 'max_lr': 0.001,
 'metric': 'rmse',
 'metrics': ['rmse'],
 'minimize_score': True,
 'mpn_shared': False,
 'multiclass_num_classes': 3,
 'no_adding_bond_types': False,
 'no_atom_descriptor_scaling': False,
 'no_bond_descriptor_scaling': False,
 'no_cache_mol': False,
 'no_cuda': False,
 'no_features_scaling': False,
 'no_shared_atom_bond_ffn': False,
 'num_folds': 1,
 'num_lrs': 1,
 'num_tasks': 2,
 'num_workers': 0,
 'number_of_molecules': 2,
 'overwrite_default_atom_features': False,
 'overwrite_default_bond_features': False,
 'phase_features_path': None,
 'pytorch_seed': 0,
 'quantile_loss_alpha': 0.1,
 'quantiles': [0.05, 0.95],
 'quiet': False,
 'reaction': False,
 'reaction_mode': 'reac_prod',
 'reaction_solvent': True,
 'resume_experiment': False,
 'save_dir': 'refinetuned_model',
 'save_preds': False,
 'save_smiles_splits': False,
 'seed': 0,
 'separate_test_atom_descriptors_path': None,
 'separate_test_bond_descriptors_path': None,
 'separate_test_constraints_path': None,
 'separate_test_features_path': None,
 'separate_test_path': None,
 'separate_test_phase_features_path': None,
 'separate_val_atom_descriptors_path': None,
 'separate_val_bond_descriptors_path': None,
 'separate_val_constraints_path': None,
 'separate_val_features_path': None,
 'separate_val_path': None,
 'separate_val_phase_features_path': None,
 'shared_atom_bond_ffn': True,
 'show_individual_scores': False,
 'smiles_columns': ['rxn_smiles', 'solvent_smiles'],
 'spectra_activation': 'exp',
 'spectra_phase_mask_path': None,
 'spectra_target_floor': 1e-08,
 'split_key_molecule': 0,
 'split_sizes': [0.8, 0.1, 0.1],
 'split_type': 'scaffold_balanced',
 'target_columns': ['ddHsolv', 'ddGsolv'],
 'target_weights': None,
 'task_names': ['ddHsolv', 'ddGsolv'],
 'test': False,
 'test_fold_index': None,
 'train_data_size': None,
 'undirected': False,
 'use_input_features': False,
 'val_fold_index': None,
 'warmup_epochs': 2.0,
 'weights_ffn_num_layers': 2}
Setting molecule featurization parameters to default.
Loading data
Number of tasks = 2
Fold 0
Splitting data with seed 0
Total scaffolds = 3 | train scaffolds = 2 | val scaffolds = 0 | test scaffolds = 1
Label averages per scaffold, in decreasing order of scaffold frequency,capped at 10 scaffolds and 20 labels:
Scaffold 0
Task 0: count = 45,772 | target average = 1.569519
Task 1: count = 45,772 | target average = -0.036027


Scaffold 1
Task 0: count = 175 | target average = 0.894629
Task 1: count = 175 | target average = -0.403029


Scaffold 2
Task 0: count = 175 | target average = 2.565543
Task 1: count = 175 | target average = 0.256914


Total size = 46,122 | train size = 350 | val size = 0 | test size = 45,772
Command line
python /Users/abdiwadud/miniconda3/envs/chemprop/lib/python3.8/site-packages/ipykernel_launcher.py --f=/Users/abdiwadud/Library/Jupyter/runtime/kernel-v31d620cc0e8d418bd56c3339a027235abc7b84447.json
Args
{'activation': 'ReLU',
 'adding_bond_types': True,
 'adding_h': False,
 'aggregation': 'mean',
 'aggregation_norm': 100,
 'atom_constraints': [],
 'atom_descriptor_scaling': True,
 'atom_descriptors': None,
 'atom_descriptors_path': None,
 'atom_descriptors_size': 0,
 'atom_features_size': 0,
 'atom_messages': False,
 'atom_targets': [],
 'batch_size': 50,
 'bias': False,
 'bias_solvent': False,
 'bond_constraints': [],
 'bond_descriptor_scaling': True,
 'bond_descriptors': None,
 'bond_descriptors_path': None,
 'bond_descriptors_size': 0,
 'bond_features_size': 0,
 'bond_targets': [],
 'cache_cutoff': 10000,
 'checkpoint_dir': None,
 'checkpoint_frzn': None,
 'checkpoint_path': None,
 'checkpoint_paths': ['KSE_ML_model_files/model_0/model.pt',
                      'KSE_ML_model_files/model_1/model.pt',
                      'KSE_ML_model_files/model_2/model.pt',
                      'KSE_ML_model_files/model_3/model.pt',
                      'KSE_ML_model_files/model_4/model.pt',
                      'KSE_ML_model_files/model_5/model.pt',
                      'KSE_ML_model_files/model_6/model.pt',
                      'KSE_ML_model_files/model_7/model.pt',
                      'KSE_ML_model_files/model_8/model.pt',
                      'KSE_ML_model_files/model_9/model.pt',
                      'KSE_ML_model_files/model_10/model.pt',
                      'KSE_ML_model_files/model_11/model.pt',
                      'KSE_ML_model_files/model_12/model.pt',
                      'KSE_ML_model_files/model_13/model.pt',
                      'KSE_ML_model_files/model_14/model.pt',
                      'KSE_ML_model_files/model_15/model.pt',
                      'KSE_ML_model_files/model_16/model.pt',
                      'KSE_ML_model_files/model_17/model.pt',
                      'KSE_ML_model_files/model_18/model.pt',
                      'KSE_ML_model_files/model_19/model.pt',
                      'KSE_ML_model_files/model_20/model.pt',
                      'KSE_ML_model_files/model_21/model.pt',
                      'KSE_ML_model_files/model_22/model.pt',
                      'KSE_ML_model_files/model_23/model.pt',
                      'KSE_ML_model_files/model_24/model.pt'],
 'class_balance': False,
 'config_path': None,
 'constraints_path': None,
 'crossval_index_dir': None,
 'crossval_index_file': None,
 'crossval_index_sets': None,
 'cuda': False,
 'data_path': 'RxnSolvKSE_dataset_v1.1/finetuning_set/chosen_data/finetuning_rxn_solvent_ddGsolv_ddHsolv_chosen.csv',
 'data_weights_path': None,
 'dataset_type': 'regression',
 'depth': 3,
 'depth_solvent': 3,
 'device': device(type='cpu'),
 'dropout': 0.0,
 'empty_cache': True,
 'ensemble_size': 25,
 'epochs': 5,
 'evidential_regularization': 0,
 'explicit_h': False,
 'extra_metrics': [],
 'features_generator': None,
 'features_only': False,
 'features_path': None,
 'features_scaling': True,
 'features_size': None,
 'ffn_hidden_size': 300,
 'ffn_num_layers': 2,
 'final_lr': 0.0001,
 'folds_file': None,
 'freeze_first_only': False,
 'frzn_ffn_layers': 0,
 'gpu': None,
 'grad_clip': None,
 'hidden_size': 300,
 'hidden_size_solvent': 300,
 'ignore_columns': None,
 'ignore_nan_metrics': False,
 'init_lr': 0.0001,
 'is_atom_bond_targets': False,
 'keeping_atom_map': False,
 'log_frequency': 10,
 'loss_function': 'mse',
 'max_data_size': None,
 'max_lr': 0.001,
 'metric': 'rmse',
 'metrics': ['rmse'],
 'minimize_score': True,
 'mpn_shared': False,
 'multiclass_num_classes': 3,
 'no_adding_bond_types': False,
 'no_atom_descriptor_scaling': False,
 'no_bond_descriptor_scaling': False,
 'no_cache_mol': False,
 'no_cuda': False,
 'no_features_scaling': False,
 'no_shared_atom_bond_ffn': False,
 'num_folds': 1,
 'num_lrs': 1,
 'num_tasks': 2,
 'num_workers': 0,
 'number_of_molecules': 2,
 'overwrite_default_atom_features': False,
 'overwrite_default_bond_features': False,
 'phase_features_path': None,
 'pytorch_seed': 0,
 'quantile_loss_alpha': 0.1,
 'quantiles': [0.05, 0.95],
 'quiet': False,
 'reaction': False,
 'reaction_mode': 'reac_prod',
 'reaction_solvent': True,
 'resume_experiment': False,
 'save_dir': 'refinetuned_models',
 'save_preds': False,
 'save_smiles_splits': False,
 'seed': 0,
 'separate_test_atom_descriptors_path': None,
 'separate_test_bond_descriptors_path': None,
 'separate_test_constraints_path': None,
 'separate_test_features_path': None,
 'separate_test_path': None,
 'separate_test_phase_features_path': None,
 'separate_val_atom_descriptors_path': None,
 'separate_val_bond_descriptors_path': None,
 'separate_val_constraints_path': None,
 'separate_val_features_path': None,
 'separate_val_path': None,
 'separate_val_phase_features_path': None,
 'shared_atom_bond_ffn': True,
 'show_individual_scores': False,
 'smiles_columns': ['rxn_smiles', 'solvent_smiles'],
 'spectra_activation': 'exp',
 'spectra_phase_mask_path': None,
 'spectra_target_floor': 1e-08,
 'split_key_molecule': 0,
 'split_sizes': [0.8, 0.1, 0.1],
 'split_type': 'scaffold_balanced',
 'target_columns': ['ddHsolv', 'ddGsolv'],
 'target_weights': None,
 'task_names': ['ddHsolv', 'ddGsolv'],
 'test': False,
 'test_fold_index': None,
 'train_data_size': None,
 'undirected': False,
 'use_input_features': False,
 'val_fold_index': None,
 'warmup_epochs': 2.0,
 'weights_ffn_num_layers': 2}
Setting molecule featurization parameters to default.
Loading data
Number of tasks = 2
Fold 0
Splitting data with seed 0
Total scaffolds = 3 | train scaffolds = 2 | val scaffolds = 0 | test scaffolds = 1
Label averages per scaffold, in decreasing order of scaffold frequency,capped at 10 scaffolds and 20 labels:
Scaffold 0
Task 0: count = 45,772 | target average = 1.569519
Task 1: count = 45,772 | target average = -0.036027


Scaffold 1
Task 0: count = 175 | target average = 0.894629
Task 1: count = 175 | target average = -0.403029


Scaffold 2
Task 0: count = 175 | target average = 2.565543
Task 1: count = 175 | target average = 0.256914


Total size = 46,122 | train size = 350 | val size = 0 | test size = 45,772
Command line
python /Users/abdiwadud/miniconda3/envs/chemprop/lib/python3.8/site-packages/ipykernel_launcher.py --f=/Users/abdiwadud/Library/Jupyter/runtime/kernel-v31d620cc0e8d418bd56c3339a027235abc7b84447.json
Args
{'activation': 'ReLU',
 'adding_bond_types': True,
 'adding_h': False,
 'aggregation': 'mean',
 'aggregation_norm': 100,
 'atom_constraints': [],
 'atom_descriptor_scaling': True,
 'atom_descriptors': None,
 'atom_descriptors_path': None,
 'atom_descriptors_size': 0,
 'atom_features_size': 0,
 'atom_messages': False,
 'atom_targets': [],
 'batch_size': 50,
 'bias': False,
 'bias_solvent': False,
 'bond_constraints': [],
 'bond_descriptor_scaling': True,
 'bond_descriptors': None,
 'bond_descriptors_path': None,
 'bond_descriptors_size': 0,
 'bond_features_size': 0,
 'bond_targets': [],
 'cache_cutoff': 10000,
 'checkpoint_dir': None,
 'checkpoint_frzn': None,
 'checkpoint_path': None,
 'checkpoint_paths': ['KSE_ML_model_files/model_0/model.pt',
                      'KSE_ML_model_files/model_1/model.pt',
                      'KSE_ML_model_files/model_2/model.pt',
                      'KSE_ML_model_files/model_3/model.pt',
                      'KSE_ML_model_files/model_4/model.pt',
                      'KSE_ML_model_files/model_5/model.pt',
                      'KSE_ML_model_files/model_6/model.pt',
                      'KSE_ML_model_files/model_7/model.pt',
                      'KSE_ML_model_files/model_8/model.pt',
                      'KSE_ML_model_files/model_9/model.pt',
                      'KSE_ML_model_files/model_10/model.pt',
                      'KSE_ML_model_files/model_11/model.pt',
                      'KSE_ML_model_files/model_12/model.pt',
                      'KSE_ML_model_files/model_13/model.pt',
                      'KSE_ML_model_files/model_14/model.pt',
                      'KSE_ML_model_files/model_15/model.pt',
                      'KSE_ML_model_files/model_16/model.pt',
                      'KSE_ML_model_files/model_17/model.pt',
                      'KSE_ML_model_files/model_18/model.pt',
                      'KSE_ML_model_files/model_19/model.pt',
                      'KSE_ML_model_files/model_20/model.pt',
                      'KSE_ML_model_files/model_21/model.pt',
                      'KSE_ML_model_files/model_22/model.pt',
                      'KSE_ML_model_files/model_23/model.pt',
                      'KSE_ML_model_files/model_24/model.pt'],
 'class_balance': False,
 'config_path': None,
 'constraints_path': None,
 'crossval_index_dir': None,
 'crossval_index_file': None,
 'crossval_index_sets': None,
 'cuda': False,
 'data_path': 'RxnSolvKSE_dataset_v1.1/finetuning_set/chosen_data/finetuning_rxn_solvent_ddGsolv_ddHsolv_chosen.csv',
 'data_weights_path': None,
 'dataset_type': 'regression',
 'depth': 3,
 'depth_solvent': 3,
 'device': device(type='cpu'),
 'dropout': 0.0,
 'empty_cache': True,
 'ensemble_size': 25,
 'epochs': 5,
 'evidential_regularization': 0,
 'explicit_h': False,
 'extra_metrics': [],
 'features_generator': None,
 'features_only': False,
 'features_path': None,
 'features_scaling': True,
 'features_size': None,
 'ffn_hidden_size': 300,
 'ffn_num_layers': 2,
 'final_lr': 0.0001,
 'folds_file': None,
 'freeze_first_only': False,
 'frzn_ffn_layers': 0,
 'gpu': None,
 'grad_clip': None,
 'hidden_size': 300,
 'hidden_size_solvent': 300,
 'ignore_columns': None,
 'ignore_nan_metrics': False,
 'init_lr': 0.0001,
 'is_atom_bond_targets': False,
 'keeping_atom_map': False,
 'log_frequency': 10,
 'loss_function': 'mse',
 'max_data_size': None,
 'max_lr': 0.001,
 'metric': 'rmse',
 'metrics': ['rmse'],
 'minimize_score': True,
 'mpn_shared': False,
 'multiclass_num_classes': 3,
 'no_adding_bond_types': False,
 'no_atom_descriptor_scaling': False,
 'no_bond_descriptor_scaling': False,
 'no_cache_mol': False,
 'no_cuda': False,
 'no_features_scaling': False,
 'no_shared_atom_bond_ffn': False,
 'num_folds': 1,
 'num_lrs': 1,
 'num_tasks': 2,
 'num_workers': 0,
 'number_of_molecules': 2,
 'overwrite_default_atom_features': False,
 'overwrite_default_bond_features': False,
 'phase_features_path': None,
 'pytorch_seed': 0,
 'quantile_loss_alpha': 0.1,
 'quantiles': [0.05, 0.95],
 'quiet': False,
 'reaction': False,
 'reaction_mode': 'reac_prod',
 'reaction_solvent': True,
 'resume_experiment': False,
 'save_dir': 'refinetuned_models',
 'save_preds': False,
 'save_smiles_splits': False,
 'seed': 0,
 'separate_test_atom_descriptors_path': None,
 'separate_test_bond_descriptors_path': None,
 'separate_test_constraints_path': None,
 'separate_test_features_path': None,
 'separate_test_path': None,
 'separate_test_phase_features_path': None,
 'separate_val_atom_descriptors_path': None,
 'separate_val_bond_descriptors_path': None,
 'separate_val_constraints_path': None,
 'separate_val_features_path': None,
 'separate_val_path': None,
 'separate_val_phase_features_path': None,
 'shared_atom_bond_ffn': True,
 'show_individual_scores': False,
 'smiles_columns': ['rxn_smiles', 'solvent_smiles'],
 'spectra_activation': 'exp',
 'spectra_phase_mask_path': None,
 'spectra_target_floor': 1e-08,
 'split_key_molecule': 0,
 'split_sizes': [0.7, 0.15, 0.15],
 'split_type': 'scaffold_balanced',
 'target_columns': ['ddHsolv', 'ddGsolv'],
 'target_weights': None,
 'task_names': ['ddHsolv', 'ddGsolv'],
 'test': False,
 'test_fold_index': None,
 'train_data_size': None,
 'undirected': False,
 'use_input_features': False,
 'val_fold_index': None,
 'warmup_epochs': 2.0,
 'weights_ffn_num_layers': 2}
Setting molecule featurization parameters to default.
Loading data
Number of tasks = 2
Fold 0
Splitting data with seed 0
Total scaffolds = 3 | train scaffolds = 2 | val scaffolds = 0 | test scaffolds = 1
Label averages per scaffold, in decreasing order of scaffold frequency,capped at 10 scaffolds and 20 labels:
Scaffold 0
Task 0: count = 45,772 | target average = 1.569519
Task 1: count = 45,772 | target average = -0.036027


Scaffold 1
Task 0: count = 175 | target average = 0.894629
Task 1: count = 175 | target average = -0.403029


Scaffold 2
Task 0: count = 175 | target average = 2.565543
Task 1: count = 175 | target average = 0.256914


Total size = 46,122 | train size = 350 | val size = 0 | test size = 45,772
Command line
python /Users/abdiwadud/miniconda3/envs/chemprop/lib/python3.8/site-packages/ipykernel_launcher.py --f=/Users/abdiwadud/Library/Jupyter/runtime/kernel-v31d620cc0e8d418bd56c3339a027235abc7b84447.json
Args
{'activation': 'ReLU',
 'adding_bond_types': True,
 'adding_h': False,
 'aggregation': 'mean',
 'aggregation_norm': 100,
 'atom_constraints': [],
 'atom_descriptor_scaling': True,
 'atom_descriptors': None,
 'atom_descriptors_path': None,
 'atom_descriptors_size': 0,
 'atom_features_size': 0,
 'atom_messages': False,
 'atom_targets': [],
 'batch_size': 50,
 'bias': False,
 'bias_solvent': False,
 'bond_constraints': [],
 'bond_descriptor_scaling': True,
 'bond_descriptors': None,
 'bond_descriptors_path': None,
 'bond_descriptors_size': 0,
 'bond_features_size': 0,
 'bond_targets': [],
 'cache_cutoff': 10000,
 'checkpoint_dir': None,
 'checkpoint_frzn': None,
 'checkpoint_path': None,
 'checkpoint_paths': ['KSE_ML_model_files/model_0/model.pt',
                      'KSE_ML_model_files/model_1/model.pt',
                      'KSE_ML_model_files/model_2/model.pt',
                      'KSE_ML_model_files/model_3/model.pt',
                      'KSE_ML_model_files/model_4/model.pt',
                      'KSE_ML_model_files/model_5/model.pt',
                      'KSE_ML_model_files/model_6/model.pt',
                      'KSE_ML_model_files/model_7/model.pt',
                      'KSE_ML_model_files/model_8/model.pt',
                      'KSE_ML_model_files/model_9/model.pt',
                      'KSE_ML_model_files/model_10/model.pt',
                      'KSE_ML_model_files/model_11/model.pt',
                      'KSE_ML_model_files/model_12/model.pt',
                      'KSE_ML_model_files/model_13/model.pt',
                      'KSE_ML_model_files/model_14/model.pt',
                      'KSE_ML_model_files/model_15/model.pt',
                      'KSE_ML_model_files/model_16/model.pt',
                      'KSE_ML_model_files/model_17/model.pt',
                      'KSE_ML_model_files/model_18/model.pt',
                      'KSE_ML_model_files/model_19/model.pt',
                      'KSE_ML_model_files/model_20/model.pt',
                      'KSE_ML_model_files/model_21/model.pt',
                      'KSE_ML_model_files/model_22/model.pt',
                      'KSE_ML_model_files/model_23/model.pt',
                      'KSE_ML_model_files/model_24/model.pt'],
 'class_balance': False,
 'config_path': None,
 'constraints_path': None,
 'crossval_index_dir': None,
 'crossval_index_file': None,
 'crossval_index_sets': None,
 'cuda': False,
 'data_path': 'RxnSolvKSE_dataset_v1.1/finetuning_set/chosen_data/finetuning_rxn_solvent_ddGsolv_ddHsolv_chosen.csv',
 'data_weights_path': None,
 'dataset_type': 'regression',
 'depth': 3,
 'depth_solvent': 3,
 'device': device(type='cpu'),
 'dropout': 0.0,
 'empty_cache': True,
 'ensemble_size': 25,
 'epochs': 5,
 'evidential_regularization': 0,
 'explicit_h': False,
 'extra_metrics': [],
 'features_generator': None,
 'features_only': False,
 'features_path': None,
 'features_scaling': True,
 'features_size': None,
 'ffn_hidden_size': 300,
 'ffn_num_layers': 2,
 'final_lr': 0.0001,
 'folds_file': None,
 'freeze_first_only': False,
 'frzn_ffn_layers': 0,
 'gpu': None,
 'grad_clip': None,
 'hidden_size': 300,
 'hidden_size_solvent': 300,
 'ignore_columns': None,
 'ignore_nan_metrics': False,
 'init_lr': 0.0001,
 'is_atom_bond_targets': False,
 'keeping_atom_map': False,
 'log_frequency': 10,
 'loss_function': 'mse',
 'max_data_size': None,
 'max_lr': 0.001,
 'metric': 'rmse',
 'metrics': ['rmse'],
 'minimize_score': True,
 'mpn_shared': False,
 'multiclass_num_classes': 3,
 'no_adding_bond_types': False,
 'no_atom_descriptor_scaling': False,
 'no_bond_descriptor_scaling': False,
 'no_cache_mol': False,
 'no_cuda': False,
 'no_features_scaling': False,
 'no_shared_atom_bond_ffn': False,
 'num_folds': 1,
 'num_lrs': 1,
 'num_tasks': 2,
 'num_workers': 0,
 'number_of_molecules': 2,
 'overwrite_default_atom_features': False,
 'overwrite_default_bond_features': False,
 'phase_features_path': None,
 'pytorch_seed': 0,
 'quantile_loss_alpha': 0.1,
 'quantiles': [0.05, 0.95],
 'quiet': False,
 'reaction': False,
 'reaction_mode': 'reac_prod',
 'reaction_solvent': True,
 'resume_experiment': False,
 'save_dir': 'refinetuned_models',
 'save_preds': False,
 'save_smiles_splits': False,
 'seed': 0,
 'separate_test_atom_descriptors_path': None,
 'separate_test_bond_descriptors_path': None,
 'separate_test_constraints_path': None,
 'separate_test_features_path': None,
 'separate_test_path': None,
 'separate_test_phase_features_path': None,
 'separate_val_atom_descriptors_path': None,
 'separate_val_bond_descriptors_path': None,
 'separate_val_constraints_path': None,
 'separate_val_features_path': None,
 'separate_val_path': None,
 'separate_val_phase_features_path': None,
 'shared_atom_bond_ffn': True,
 'show_individual_scores': False,
 'smiles_columns': ['rxn_smiles', 'solvent_smiles'],
 'spectra_activation': 'exp',
 'spectra_phase_mask_path': None,
 'spectra_target_floor': 1e-08,
 'split_key_molecule': 0,
 'split_sizes': [0.8, 0.1, 0.1],
 'split_type': 'scaffold_balanced',
 'target_columns': ['ddHsolv', 'ddGsolv'],
 'target_weights': None,
 'task_names': ['ddHsolv', 'ddGsolv'],
 'test': False,
 'test_fold_index': None,
 'train_data_size': None,
 'undirected': False,
 'use_input_features': False,
 'val_fold_index': None,
 'warmup_epochs': 2.0,
 'weights_ffn_num_layers': 2}
Setting molecule featurization parameters to default.
Loading data
Number of tasks = 2
Fold 0
Splitting data with seed 0
Total scaffolds = 3 | train scaffolds = 2 | val scaffolds = 0 | test scaffolds = 1
Label averages per scaffold, in decreasing order of scaffold frequency,capped at 10 scaffolds and 20 labels:
Scaffold 0
Task 0: count = 45,772 | target average = 1.569519
Task 1: count = 45,772 | target average = -0.036027


Scaffold 1
Task 0: count = 175 | target average = 0.894629
Task 1: count = 175 | target average = -0.403029


Scaffold 2
Task 0: count = 175 | target average = 2.565543
Task 1: count = 175 | target average = 0.256914


Total size = 46,122 | train size = 350 | val size = 0 | test size = 45,772
