Command line
python /Users/abdiwadud/miniconda3/envs/chemprop/lib/python3.8/site-packages/ipykernel_launcher.py --f=/Users/abdiwadud/Library/Jupyter/runtime/kernel-v36ac185d4b3aa7b92082aec9a3cf198eac6020286.json
Args
{'activation': 'ReLU',
 'adding_bond_types': True,
 'adding_h': False,
 'aggregation': 'mean',
 'aggregation_norm': 100,
 'atom_constraints': [],
 'atom_descriptor_scaling': True,
 'atom_descriptors': None,
 'atom_descriptors_path': None,
 'atom_descriptors_size': 0,
 'atom_features_size': 0,
 'atom_messages': False,
 'atom_targets': [],
 'batch_size': 50,
 'bias': False,
 'bias_solvent': False,
 'bond_constraints': [],
 'bond_descriptor_scaling': True,
 'bond_descriptors': None,
 'bond_descriptors_path': None,
 'bond_descriptors_size': 0,
 'bond_features_size': 0,
 'bond_targets': [],
 'cache_cutoff': 10000,
 'checkpoint_dir': None,
 'checkpoint_frzn': None,
 'checkpoint_path': None,
 'checkpoint_paths': ['KSE_ML_model_files/model_0/model.pt',
                      'KSE_ML_model_files/model_1/model.pt',
                      'KSE_ML_model_files/model_2/model.pt',
                      'KSE_ML_model_files/model_3/model.pt',
                      'KSE_ML_model_files/model_4/model.pt',
                      'KSE_ML_model_files/model_5/model.pt',
                      'KSE_ML_model_files/model_6/model.pt',
                      'KSE_ML_model_files/model_7/model.pt',
                      'KSE_ML_model_files/model_8/model.pt',
                      'KSE_ML_model_files/model_9/model.pt',
                      'KSE_ML_model_files/model_10/model.pt',
                      'KSE_ML_model_files/model_11/model.pt',
                      'KSE_ML_model_files/model_12/model.pt',
                      'KSE_ML_model_files/model_13/model.pt',
                      'KSE_ML_model_files/model_14/model.pt',
                      'KSE_ML_model_files/model_15/model.pt',
                      'KSE_ML_model_files/model_16/model.pt',
                      'KSE_ML_model_files/model_17/model.pt',
                      'KSE_ML_model_files/model_18/model.pt',
                      'KSE_ML_model_files/model_19/model.pt',
                      'KSE_ML_model_files/model_20/model.pt',
                      'KSE_ML_model_files/model_21/model.pt',
                      'KSE_ML_model_files/model_22/model.pt',
                      'KSE_ML_model_files/model_23/model.pt',
                      'KSE_ML_model_files/model_24/model.pt'],
 'class_balance': False,
 'config_path': None,
 'constraints_path': None,
 'crossval_index_dir': None,
 'crossval_index_file': None,
 'crossval_index_sets': None,
 'cuda': False,
 'data_path': 'amide_lnk_data_final.csv',
 'data_weights_path': None,
 'dataset_type': 'regression',
 'depth': 3,
 'depth_solvent': 3,
 'device': device(type='cpu'),
 'dropout': 0.0,
 'empty_cache': True,
 'ensemble_size': 25,
 'epochs': 5,
 'evidential_regularization': 0,
 'explicit_h': False,
 'extra_metrics': [],
 'features_generator': None,
 'features_only': False,
 'features_path': None,
 'features_scaling': True,
 'features_size': None,
 'ffn_hidden_size': 300,
 'ffn_num_layers': 2,
 'final_lr': 0.0001,
 'folds_file': None,
 'freeze_first_only': False,
 'frzn_ffn_layers': 0,
 'gpu': None,
 'grad_clip': None,
 'hidden_size': 300,
 'hidden_size_solvent': 300,
 'ignore_columns': None,
 'ignore_nan_metrics': False,
 'init_lr': 0.0001,
 'is_atom_bond_targets': False,
 'keeping_atom_map': False,
 'log_frequency': 10,
 'loss_function': 'mse',
 'max_data_size': None,
 'max_lr': 0.001,
 'metric': 'rmse',
 'metrics': ['rmse'],
 'minimize_score': True,
 'mpn_shared': False,
 'multiclass_num_classes': 3,
 'no_adding_bond_types': False,
 'no_atom_descriptor_scaling': False,
 'no_bond_descriptor_scaling': False,
 'no_cache_mol': False,
 'no_cuda': False,
 'no_features_scaling': False,
 'no_shared_atom_bond_ffn': False,
 'num_folds': 1,
 'num_lrs': 1,
 'num_tasks': 1,
 'num_workers': 0,
 'number_of_molecules': 2,
 'overwrite_default_atom_features': False,
 'overwrite_default_bond_features': False,
 'phase_features_path': None,
 'pytorch_seed': 0,
 'quantile_loss_alpha': 0.1,
 'quantiles': [],
 'quiet': False,
 'reaction': False,
 'reaction_mode': 'reac_prod',
 'reaction_solvent': True,
 'resume_experiment': False,
 'save_dir': 'haas_model',
 'save_preds': False,
 'save_smiles_splits': False,
 'seed': 0,
 'separate_test_atom_descriptors_path': None,
 'separate_test_bond_descriptors_path': None,
 'separate_test_constraints_path': None,
 'separate_test_features_path': None,
 'separate_test_path': None,
 'separate_test_phase_features_path': None,
 'separate_val_atom_descriptors_path': None,
 'separate_val_bond_descriptors_path': None,
 'separate_val_constraints_path': None,
 'separate_val_features_path': None,
 'separate_val_path': None,
 'separate_val_phase_features_path': None,
 'shared_atom_bond_ffn': True,
 'show_individual_scores': False,
 'smiles_columns': ['ReactionSMILES', 'SolventSMILES'],
 'spectra_activation': 'exp',
 'spectra_phase_mask_path': None,
 'spectra_target_floor': 1e-08,
 'split_key_molecule': 0,
 'split_sizes': [0.8, 0.1, 0.1],
 'split_type': 'random',
 'target_columns': ['GIBBS'],
 'target_weights': None,
 'task_names': ['GIBBS'],
 'test': False,
 'test_fold_index': None,
 'train_data_size': None,
 'undirected': False,
 'use_input_features': False,
 'val_fold_index': None,
 'warmup_epochs': 2.0,
 'weights_ffn_num_layers': 2}
Setting molecule featurization parameters to default.
Loading data
Number of tasks = 1
Fold 0
Splitting data with seed 0
Total size = 352 | train size = 281 | val size = 35 | test size = 36
Fitting scaler
Loading model 0 from KSE_ML_model_files/model_0/model.pt
Loading pretrained parameter "encoder.encoder.cached_zero_vector".
Loading pretrained parameter "encoder.encoder.W_i.weight".
Loading pretrained parameter "encoder.encoder.W_h.weight".
Loading pretrained parameter "encoder.encoder.W_o.weight".
Loading pretrained parameter "encoder.encoder.W_o.bias".
Loading pretrained parameter "encoder.encoder_solvent.cached_zero_vector".
Loading pretrained parameter "encoder.encoder_solvent.W_i.weight".
Loading pretrained parameter "encoder.encoder_solvent.W_h.weight".
Loading pretrained parameter "encoder.encoder_solvent.W_o.weight".
Loading pretrained parameter "encoder.encoder_solvent.W_o.bias".
Loading pretrained parameter "ffn.1.weight".
Loading pretrained parameter "ffn.1.bias".
Loading pretrained parameter "ffn.4.weight".
Loading pretrained parameter "ffn.4.bias".
Loading pretrained parameter "ffn.7.weight".
Loading pretrained parameter "ffn.7.bias".
Loading pretrained parameter "ffn.10.weight".
Loading pretrained parameter "ffn.10.bias".
Loading pretrained parameter "ffn.13.weight".
Loading pretrained parameter "ffn.13.bias".
Loading pretrained parameter "ffn.16.weight".
Loading pretrained parameter "ffn.16.bias".
MoleculeModel(
  (encoder): MPN(
    (encoder): MPNEncoder(
      (dropout): Dropout(p=0.0, inplace=False)
      (act_func): ReLU()
      (W_i): Linear(in_features=193, out_features=900, bias=False)
      (W_h): Linear(in_features=900, out_features=900, bias=False)
      (W_o): Linear(in_features=1065, out_features=900, bias=True)
    )
    (encoder_solvent): MPNEncoder(
      (dropout): Dropout(p=0.0, inplace=False)
      (act_func): ReLU()
      (W_i): Linear(in_features=147, out_features=200, bias=False)
      (W_h): Linear(in_features=200, out_features=200, bias=False)
      (W_o): Linear(in_features=333, out_features=200, bias=True)
    )
  )
  (readout): Sequential(
    (0): Dropout(p=0.0, inplace=False)
    (1): Linear(in_features=1100, out_features=400, bias=True)
    (2): ReLU()
    (3): Dropout(p=0.0, inplace=False)
    (4): Linear(in_features=400, out_features=400, bias=True)
    (5): ReLU()
    (6): Dropout(p=0.0, inplace=False)
    (7): Linear(in_features=400, out_features=400, bias=True)
    (8): ReLU()
    (9): Dropout(p=0.0, inplace=False)
    (10): Linear(in_features=400, out_features=400, bias=True)
    (11): ReLU()
    (12): Dropout(p=0.0, inplace=False)
    (13): Linear(in_features=400, out_features=400, bias=True)
    (14): ReLU()
    (15): Dropout(p=0.0, inplace=False)
    (16): Linear(in_features=400, out_features=2, bias=True)
  )
)
Number of parameters = 3,163,202
Epoch 0
Validation rmse = 1.452013
Epoch 1
Loss = 1.3505e+00, PNorm = 213.6228, GNorm = 13.7169, lr_0 = 7.3564e-04
Validation rmse = 1.227949
Epoch 2
Validation rmse = 1.180217
Epoch 3
Loss = 8.0119e-01, PNorm = 213.6433, GNorm = 2.5624, lr_0 = 1.3594e-04
Validation rmse = 1.273544
Epoch 4
Validation rmse = 1.199276
Model 0 best validation rmse = 1.180217 on epoch 2
Warning: Pretrained parameter "encoder.encoder.cached_zero_vector" of shape torch.Size([900]) does not match corresponding model parameter of shape torch.Size([300]).
Warning: Pretrained parameter "encoder.encoder.W_i.weight" of shape torch.Size([900, 193]) does not match corresponding model parameter of shape torch.Size([300, 193]).
Warning: Pretrained parameter "encoder.encoder.W_h.weight" of shape torch.Size([900, 900]) does not match corresponding model parameter of shape torch.Size([300, 300]).
Warning: Pretrained parameter "encoder.encoder.W_o.weight" of shape torch.Size([900, 1065]) does not match corresponding model parameter of shape torch.Size([300, 465]).
Warning: Pretrained parameter "encoder.encoder.W_o.bias" of shape torch.Size([900]) does not match corresponding model parameter of shape torch.Size([300]).
Warning: Pretrained parameter "encoder.encoder_solvent.cached_zero_vector" of shape torch.Size([200]) does not match corresponding model parameter of shape torch.Size([300]).
Warning: Pretrained parameter "encoder.encoder_solvent.W_i.weight" of shape torch.Size([200, 147]) does not match corresponding model parameter of shape torch.Size([300, 147]).
Warning: Pretrained parameter "encoder.encoder_solvent.W_h.weight" of shape torch.Size([200, 200]) does not match corresponding model parameter of shape torch.Size([300, 300]).
Warning: Pretrained parameter "encoder.encoder_solvent.W_o.weight" of shape torch.Size([200, 333]) does not match corresponding model parameter of shape torch.Size([300, 433]).
Warning: Pretrained parameter "encoder.encoder_solvent.W_o.bias" of shape torch.Size([200]) does not match corresponding model parameter of shape torch.Size([300]).
Warning: Pretrained parameter "readout.1.weight" of shape torch.Size([400, 1100]) does not match corresponding model parameter of shape torch.Size([300, 600]).
Warning: Pretrained parameter "readout.1.bias" of shape torch.Size([400]) does not match corresponding model parameter of shape torch.Size([300]).
Warning: Pretrained parameter "readout.4.weight" of shape torch.Size([400, 400]) does not match corresponding model parameter of shape torch.Size([1, 300]).
Warning: Pretrained parameter "readout.4.bias" of shape torch.Size([400]) does not match corresponding model parameter of shape torch.Size([1]).
Warning: Pretrained parameter "readout.7.weight" cannot be found in model parameters.
Warning: Pretrained parameter "readout.7.bias" cannot be found in model parameters.
Warning: Pretrained parameter "readout.10.weight" cannot be found in model parameters.
Warning: Pretrained parameter "readout.10.bias" cannot be found in model parameters.
Warning: Pretrained parameter "readout.13.weight" cannot be found in model parameters.
Warning: Pretrained parameter "readout.13.bias" cannot be found in model parameters.
Warning: Pretrained parameter "readout.16.weight" cannot be found in model parameters.
Warning: Pretrained parameter "readout.16.bias" cannot be found in model parameters.
Model 0 test rmse = 1.302174
Loading model 1 from KSE_ML_model_files/model_1/model.pt
Loading pretrained parameter "encoder.encoder.cached_zero_vector".
Loading pretrained parameter "encoder.encoder.W_i.weight".
Loading pretrained parameter "encoder.encoder.W_h.weight".
Loading pretrained parameter "encoder.encoder.W_o.weight".
Loading pretrained parameter "encoder.encoder.W_o.bias".
Loading pretrained parameter "encoder.encoder_solvent.cached_zero_vector".
Loading pretrained parameter "encoder.encoder_solvent.W_i.weight".
Loading pretrained parameter "encoder.encoder_solvent.W_h.weight".
Loading pretrained parameter "encoder.encoder_solvent.W_o.weight".
Loading pretrained parameter "encoder.encoder_solvent.W_o.bias".
Loading pretrained parameter "ffn.1.weight".
Loading pretrained parameter "ffn.1.bias".
Loading pretrained parameter "ffn.4.weight".
Loading pretrained parameter "ffn.4.bias".
Loading pretrained parameter "ffn.7.weight".
Loading pretrained parameter "ffn.7.bias".
Loading pretrained parameter "ffn.10.weight".
Loading pretrained parameter "ffn.10.bias".
Loading pretrained parameter "ffn.13.weight".
Loading pretrained parameter "ffn.13.bias".
Loading pretrained parameter "ffn.16.weight".
Loading pretrained parameter "ffn.16.bias".
MoleculeModel(
  (encoder): MPN(
    (encoder): MPNEncoder(
      (dropout): Dropout(p=0.0, inplace=False)
      (act_func): ReLU()
      (W_i): Linear(in_features=193, out_features=900, bias=False)
      (W_h): Linear(in_features=900, out_features=900, bias=False)
      (W_o): Linear(in_features=1065, out_features=900, bias=True)
    )
    (encoder_solvent): MPNEncoder(
      (dropout): Dropout(p=0.0, inplace=False)
      (act_func): ReLU()
      (W_i): Linear(in_features=147, out_features=200, bias=False)
      (W_h): Linear(in_features=200, out_features=200, bias=False)
      (W_o): Linear(in_features=333, out_features=200, bias=True)
    )
  )
  (readout): Sequential(
    (0): Dropout(p=0.0, inplace=False)
    (1): Linear(in_features=1100, out_features=400, bias=True)
    (2): ReLU()
    (3): Dropout(p=0.0, inplace=False)
    (4): Linear(in_features=400, out_features=400, bias=True)
    (5): ReLU()
    (6): Dropout(p=0.0, inplace=False)
    (7): Linear(in_features=400, out_features=400, bias=True)
    (8): ReLU()
    (9): Dropout(p=0.0, inplace=False)
    (10): Linear(in_features=400, out_features=400, bias=True)
    (11): ReLU()
    (12): Dropout(p=0.0, inplace=False)
    (13): Linear(in_features=400, out_features=400, bias=True)
    (14): ReLU()
    (15): Dropout(p=0.0, inplace=False)
    (16): Linear(in_features=400, out_features=2, bias=True)
  )
)
Number of parameters = 3,163,202
Epoch 0
Validation rmse = 1.348959
Epoch 1
Loss = 1.4389e+00, PNorm = 212.7189, GNorm = 7.9083, lr_0 = 7.3564e-04
Validation rmse = 1.225690
Epoch 2
Validation rmse = 1.168458
Epoch 3
Loss = 6.9244e-01, PNorm = 212.7383, GNorm = 3.1873, lr_0 = 1.3594e-04
Validation rmse = 1.157927
Epoch 4
Validation rmse = 1.176867
Model 1 best validation rmse = 1.157927 on epoch 3
Warning: Pretrained parameter "encoder.encoder.cached_zero_vector" of shape torch.Size([900]) does not match corresponding model parameter of shape torch.Size([300]).
Warning: Pretrained parameter "encoder.encoder.W_i.weight" of shape torch.Size([900, 193]) does not match corresponding model parameter of shape torch.Size([300, 193]).
Warning: Pretrained parameter "encoder.encoder.W_h.weight" of shape torch.Size([900, 900]) does not match corresponding model parameter of shape torch.Size([300, 300]).
Warning: Pretrained parameter "encoder.encoder.W_o.weight" of shape torch.Size([900, 1065]) does not match corresponding model parameter of shape torch.Size([300, 465]).
Warning: Pretrained parameter "encoder.encoder.W_o.bias" of shape torch.Size([900]) does not match corresponding model parameter of shape torch.Size([300]).
Warning: Pretrained parameter "encoder.encoder_solvent.cached_zero_vector" of shape torch.Size([200]) does not match corresponding model parameter of shape torch.Size([300]).
Warning: Pretrained parameter "encoder.encoder_solvent.W_i.weight" of shape torch.Size([200, 147]) does not match corresponding model parameter of shape torch.Size([300, 147]).
Warning: Pretrained parameter "encoder.encoder_solvent.W_h.weight" of shape torch.Size([200, 200]) does not match corresponding model parameter of shape torch.Size([300, 300]).
Warning: Pretrained parameter "encoder.encoder_solvent.W_o.weight" of shape torch.Size([200, 333]) does not match corresponding model parameter of shape torch.Size([300, 433]).
Warning: Pretrained parameter "encoder.encoder_solvent.W_o.bias" of shape torch.Size([200]) does not match corresponding model parameter of shape torch.Size([300]).
Warning: Pretrained parameter "readout.1.weight" of shape torch.Size([400, 1100]) does not match corresponding model parameter of shape torch.Size([300, 600]).
Warning: Pretrained parameter "readout.1.bias" of shape torch.Size([400]) does not match corresponding model parameter of shape torch.Size([300]).
Warning: Pretrained parameter "readout.4.weight" of shape torch.Size([400, 400]) does not match corresponding model parameter of shape torch.Size([1, 300]).
Warning: Pretrained parameter "readout.4.bias" of shape torch.Size([400]) does not match corresponding model parameter of shape torch.Size([1]).
Warning: Pretrained parameter "readout.7.weight" cannot be found in model parameters.
Warning: Pretrained parameter "readout.7.bias" cannot be found in model parameters.
Warning: Pretrained parameter "readout.10.weight" cannot be found in model parameters.
Warning: Pretrained parameter "readout.10.bias" cannot be found in model parameters.
Warning: Pretrained parameter "readout.13.weight" cannot be found in model parameters.
Warning: Pretrained parameter "readout.13.bias" cannot be found in model parameters.
Warning: Pretrained parameter "readout.16.weight" cannot be found in model parameters.
Warning: Pretrained parameter "readout.16.bias" cannot be found in model parameters.
Model 1 test rmse = 1.220636
Loading model 2 from KSE_ML_model_files/model_2/model.pt
Loading pretrained parameter "encoder.encoder.cached_zero_vector".
Loading pretrained parameter "encoder.encoder.W_i.weight".
Loading pretrained parameter "encoder.encoder.W_h.weight".
Loading pretrained parameter "encoder.encoder.W_o.weight".
Loading pretrained parameter "encoder.encoder.W_o.bias".
Loading pretrained parameter "encoder.encoder_solvent.cached_zero_vector".
Loading pretrained parameter "encoder.encoder_solvent.W_i.weight".
Loading pretrained parameter "encoder.encoder_solvent.W_h.weight".
Loading pretrained parameter "encoder.encoder_solvent.W_o.weight".
Loading pretrained parameter "encoder.encoder_solvent.W_o.bias".
Loading pretrained parameter "ffn.1.weight".
Loading pretrained parameter "ffn.1.bias".
Loading pretrained parameter "ffn.4.weight".
Loading pretrained parameter "ffn.4.bias".
Loading pretrained parameter "ffn.7.weight".
Loading pretrained parameter "ffn.7.bias".
Loading pretrained parameter "ffn.10.weight".
Loading pretrained parameter "ffn.10.bias".
Loading pretrained parameter "ffn.13.weight".
Loading pretrained parameter "ffn.13.bias".
Loading pretrained parameter "ffn.16.weight".
Loading pretrained parameter "ffn.16.bias".
MoleculeModel(
  (encoder): MPN(
    (encoder): MPNEncoder(
      (dropout): Dropout(p=0.0, inplace=False)
      (act_func): ReLU()
      (W_i): Linear(in_features=193, out_features=900, bias=False)
      (W_h): Linear(in_features=900, out_features=900, bias=False)
      (W_o): Linear(in_features=1065, out_features=900, bias=True)
    )
    (encoder_solvent): MPNEncoder(
      (dropout): Dropout(p=0.0, inplace=False)
      (act_func): ReLU()
      (W_i): Linear(in_features=147, out_features=200, bias=False)
      (W_h): Linear(in_features=200, out_features=200, bias=False)
      (W_o): Linear(in_features=333, out_features=200, bias=True)
    )
  )
  (readout): Sequential(
    (0): Dropout(p=0.0, inplace=False)
    (1): Linear(in_features=1100, out_features=400, bias=True)
    (2): ReLU()
    (3): Dropout(p=0.0, inplace=False)
    (4): Linear(in_features=400, out_features=400, bias=True)
    (5): ReLU()
    (6): Dropout(p=0.0, inplace=False)
    (7): Linear(in_features=400, out_features=400, bias=True)
    (8): ReLU()
    (9): Dropout(p=0.0, inplace=False)
    (10): Linear(in_features=400, out_features=400, bias=True)
    (11): ReLU()
    (12): Dropout(p=0.0, inplace=False)
    (13): Linear(in_features=400, out_features=400, bias=True)
    (14): ReLU()
    (15): Dropout(p=0.0, inplace=False)
    (16): Linear(in_features=400, out_features=2, bias=True)
  )
)
Number of parameters = 3,163,202
Epoch 0
Validation rmse = 1.381232
Epoch 1
Loss = 1.2560e+00, PNorm = 213.4850, GNorm = 17.6256, lr_0 = 7.3564e-04
Validation rmse = 1.268533
Epoch 2
Validation rmse = 1.382695
Epoch 3
Loss = 8.6428e-01, PNorm = 213.5065, GNorm = 5.9712, lr_0 = 1.3594e-04
Validation rmse = 1.258226
Epoch 4
Validation rmse = 1.244171
Model 2 best validation rmse = 1.244171 on epoch 4
Warning: Pretrained parameter "encoder.encoder.cached_zero_vector" of shape torch.Size([900]) does not match corresponding model parameter of shape torch.Size([300]).
Warning: Pretrained parameter "encoder.encoder.W_i.weight" of shape torch.Size([900, 193]) does not match corresponding model parameter of shape torch.Size([300, 193]).
Warning: Pretrained parameter "encoder.encoder.W_h.weight" of shape torch.Size([900, 900]) does not match corresponding model parameter of shape torch.Size([300, 300]).
Warning: Pretrained parameter "encoder.encoder.W_o.weight" of shape torch.Size([900, 1065]) does not match corresponding model parameter of shape torch.Size([300, 465]).
Warning: Pretrained parameter "encoder.encoder.W_o.bias" of shape torch.Size([900]) does not match corresponding model parameter of shape torch.Size([300]).
Warning: Pretrained parameter "encoder.encoder_solvent.cached_zero_vector" of shape torch.Size([200]) does not match corresponding model parameter of shape torch.Size([300]).
Warning: Pretrained parameter "encoder.encoder_solvent.W_i.weight" of shape torch.Size([200, 147]) does not match corresponding model parameter of shape torch.Size([300, 147]).
Warning: Pretrained parameter "encoder.encoder_solvent.W_h.weight" of shape torch.Size([200, 200]) does not match corresponding model parameter of shape torch.Size([300, 300]).
Warning: Pretrained parameter "encoder.encoder_solvent.W_o.weight" of shape torch.Size([200, 333]) does not match corresponding model parameter of shape torch.Size([300, 433]).
Warning: Pretrained parameter "encoder.encoder_solvent.W_o.bias" of shape torch.Size([200]) does not match corresponding model parameter of shape torch.Size([300]).
Warning: Pretrained parameter "readout.1.weight" of shape torch.Size([400, 1100]) does not match corresponding model parameter of shape torch.Size([300, 600]).
Warning: Pretrained parameter "readout.1.bias" of shape torch.Size([400]) does not match corresponding model parameter of shape torch.Size([300]).
Warning: Pretrained parameter "readout.4.weight" of shape torch.Size([400, 400]) does not match corresponding model parameter of shape torch.Size([1, 300]).
Warning: Pretrained parameter "readout.4.bias" of shape torch.Size([400]) does not match corresponding model parameter of shape torch.Size([1]).
Warning: Pretrained parameter "readout.7.weight" cannot be found in model parameters.
Warning: Pretrained parameter "readout.7.bias" cannot be found in model parameters.
Warning: Pretrained parameter "readout.10.weight" cannot be found in model parameters.
Warning: Pretrained parameter "readout.10.bias" cannot be found in model parameters.
Warning: Pretrained parameter "readout.13.weight" cannot be found in model parameters.
Warning: Pretrained parameter "readout.13.bias" cannot be found in model parameters.
Warning: Pretrained parameter "readout.16.weight" cannot be found in model parameters.
Warning: Pretrained parameter "readout.16.bias" cannot be found in model parameters.
Model 2 test rmse = 1.244548
Loading model 3 from KSE_ML_model_files/model_3/model.pt
Loading pretrained parameter "encoder.encoder.cached_zero_vector".
Loading pretrained parameter "encoder.encoder.W_i.weight".
Loading pretrained parameter "encoder.encoder.W_h.weight".
Loading pretrained parameter "encoder.encoder.W_o.weight".
Loading pretrained parameter "encoder.encoder.W_o.bias".
Loading pretrained parameter "encoder.encoder_solvent.cached_zero_vector".
Loading pretrained parameter "encoder.encoder_solvent.W_i.weight".
Loading pretrained parameter "encoder.encoder_solvent.W_h.weight".
Loading pretrained parameter "encoder.encoder_solvent.W_o.weight".
Loading pretrained parameter "encoder.encoder_solvent.W_o.bias".
Loading pretrained parameter "ffn.1.weight".
Loading pretrained parameter "ffn.1.bias".
Loading pretrained parameter "ffn.4.weight".
Loading pretrained parameter "ffn.4.bias".
Loading pretrained parameter "ffn.7.weight".
Loading pretrained parameter "ffn.7.bias".
Loading pretrained parameter "ffn.10.weight".
Loading pretrained parameter "ffn.10.bias".
Loading pretrained parameter "ffn.13.weight".
Loading pretrained parameter "ffn.13.bias".
Loading pretrained parameter "ffn.16.weight".
Loading pretrained parameter "ffn.16.bias".
MoleculeModel(
  (encoder): MPN(
    (encoder): MPNEncoder(
      (dropout): Dropout(p=0.0, inplace=False)
      (act_func): ReLU()
      (W_i): Linear(in_features=193, out_features=900, bias=False)
      (W_h): Linear(in_features=900, out_features=900, bias=False)
      (W_o): Linear(in_features=1065, out_features=900, bias=True)
    )
    (encoder_solvent): MPNEncoder(
      (dropout): Dropout(p=0.0, inplace=False)
      (act_func): ReLU()
      (W_i): Linear(in_features=147, out_features=200, bias=False)
      (W_h): Linear(in_features=200, out_features=200, bias=False)
      (W_o): Linear(in_features=333, out_features=200, bias=True)
    )
  )
  (readout): Sequential(
    (0): Dropout(p=0.0, inplace=False)
    (1): Linear(in_features=1100, out_features=400, bias=True)
    (2): ReLU()
    (3): Dropout(p=0.0, inplace=False)
    (4): Linear(in_features=400, out_features=400, bias=True)
    (5): ReLU()
    (6): Dropout(p=0.0, inplace=False)
    (7): Linear(in_features=400, out_features=400, bias=True)
    (8): ReLU()
    (9): Dropout(p=0.0, inplace=False)
    (10): Linear(in_features=400, out_features=400, bias=True)
    (11): ReLU()
    (12): Dropout(p=0.0, inplace=False)
    (13): Linear(in_features=400, out_features=400, bias=True)
    (14): ReLU()
    (15): Dropout(p=0.0, inplace=False)
    (16): Linear(in_features=400, out_features=2, bias=True)
  )
)
Number of parameters = 3,163,202
Epoch 0
Validation rmse = 1.536589
Epoch 1
Loss = 1.4817e+00, PNorm = 211.9172, GNorm = 11.4308, lr_0 = 7.3564e-04
Validation rmse = 1.256354
Epoch 2
Validation rmse = 1.140755
Epoch 3
Loss = 8.4204e-01, PNorm = 211.9388, GNorm = 13.7322, lr_0 = 1.3594e-04
Validation rmse = 1.241375
Epoch 4
Validation rmse = 1.186432
Model 3 best validation rmse = 1.140755 on epoch 2
Warning: Pretrained parameter "encoder.encoder.cached_zero_vector" of shape torch.Size([900]) does not match corresponding model parameter of shape torch.Size([300]).
Warning: Pretrained parameter "encoder.encoder.W_i.weight" of shape torch.Size([900, 193]) does not match corresponding model parameter of shape torch.Size([300, 193]).
Warning: Pretrained parameter "encoder.encoder.W_h.weight" of shape torch.Size([900, 900]) does not match corresponding model parameter of shape torch.Size([300, 300]).
Warning: Pretrained parameter "encoder.encoder.W_o.weight" of shape torch.Size([900, 1065]) does not match corresponding model parameter of shape torch.Size([300, 465]).
Warning: Pretrained parameter "encoder.encoder.W_o.bias" of shape torch.Size([900]) does not match corresponding model parameter of shape torch.Size([300]).
Warning: Pretrained parameter "encoder.encoder_solvent.cached_zero_vector" of shape torch.Size([200]) does not match corresponding model parameter of shape torch.Size([300]).
Warning: Pretrained parameter "encoder.encoder_solvent.W_i.weight" of shape torch.Size([200, 147]) does not match corresponding model parameter of shape torch.Size([300, 147]).
Warning: Pretrained parameter "encoder.encoder_solvent.W_h.weight" of shape torch.Size([200, 200]) does not match corresponding model parameter of shape torch.Size([300, 300]).
Warning: Pretrained parameter "encoder.encoder_solvent.W_o.weight" of shape torch.Size([200, 333]) does not match corresponding model parameter of shape torch.Size([300, 433]).
Warning: Pretrained parameter "encoder.encoder_solvent.W_o.bias" of shape torch.Size([200]) does not match corresponding model parameter of shape torch.Size([300]).
Warning: Pretrained parameter "readout.1.weight" of shape torch.Size([400, 1100]) does not match corresponding model parameter of shape torch.Size([300, 600]).
Warning: Pretrained parameter "readout.1.bias" of shape torch.Size([400]) does not match corresponding model parameter of shape torch.Size([300]).
Warning: Pretrained parameter "readout.4.weight" of shape torch.Size([400, 400]) does not match corresponding model parameter of shape torch.Size([1, 300]).
Warning: Pretrained parameter "readout.4.bias" of shape torch.Size([400]) does not match corresponding model parameter of shape torch.Size([1]).
Warning: Pretrained parameter "readout.7.weight" cannot be found in model parameters.
Warning: Pretrained parameter "readout.7.bias" cannot be found in model parameters.
Warning: Pretrained parameter "readout.10.weight" cannot be found in model parameters.
Warning: Pretrained parameter "readout.10.bias" cannot be found in model parameters.
Warning: Pretrained parameter "readout.13.weight" cannot be found in model parameters.
Warning: Pretrained parameter "readout.13.bias" cannot be found in model parameters.
Warning: Pretrained parameter "readout.16.weight" cannot be found in model parameters.
Warning: Pretrained parameter "readout.16.bias" cannot be found in model parameters.
Model 3 test rmse = 1.547264
Loading model 4 from KSE_ML_model_files/model_4/model.pt
Loading pretrained parameter "encoder.encoder.cached_zero_vector".
Loading pretrained parameter "encoder.encoder.W_i.weight".
Loading pretrained parameter "encoder.encoder.W_h.weight".
Loading pretrained parameter "encoder.encoder.W_o.weight".
Loading pretrained parameter "encoder.encoder.W_o.bias".
Loading pretrained parameter "encoder.encoder_solvent.cached_zero_vector".
Loading pretrained parameter "encoder.encoder_solvent.W_i.weight".
Loading pretrained parameter "encoder.encoder_solvent.W_h.weight".
Loading pretrained parameter "encoder.encoder_solvent.W_o.weight".
Loading pretrained parameter "encoder.encoder_solvent.W_o.bias".
Loading pretrained parameter "ffn.1.weight".
Loading pretrained parameter "ffn.1.bias".
Loading pretrained parameter "ffn.4.weight".
Loading pretrained parameter "ffn.4.bias".
Loading pretrained parameter "ffn.7.weight".
Loading pretrained parameter "ffn.7.bias".
Loading pretrained parameter "ffn.10.weight".
Loading pretrained parameter "ffn.10.bias".
Loading pretrained parameter "ffn.13.weight".
Loading pretrained parameter "ffn.13.bias".
Loading pretrained parameter "ffn.16.weight".
Loading pretrained parameter "ffn.16.bias".
MoleculeModel(
  (encoder): MPN(
    (encoder): MPNEncoder(
      (dropout): Dropout(p=0.0, inplace=False)
      (act_func): ReLU()
      (W_i): Linear(in_features=193, out_features=900, bias=False)
      (W_h): Linear(in_features=900, out_features=900, bias=False)
      (W_o): Linear(in_features=1065, out_features=900, bias=True)
    )
    (encoder_solvent): MPNEncoder(
      (dropout): Dropout(p=0.0, inplace=False)
      (act_func): ReLU()
      (W_i): Linear(in_features=147, out_features=200, bias=False)
      (W_h): Linear(in_features=200, out_features=200, bias=False)
      (W_o): Linear(in_features=333, out_features=200, bias=True)
    )
  )
  (readout): Sequential(
    (0): Dropout(p=0.0, inplace=False)
    (1): Linear(in_features=1100, out_features=400, bias=True)
    (2): ReLU()
    (3): Dropout(p=0.0, inplace=False)
    (4): Linear(in_features=400, out_features=400, bias=True)
    (5): ReLU()
    (6): Dropout(p=0.0, inplace=False)
    (7): Linear(in_features=400, out_features=400, bias=True)
    (8): ReLU()
    (9): Dropout(p=0.0, inplace=False)
    (10): Linear(in_features=400, out_features=400, bias=True)
    (11): ReLU()
    (12): Dropout(p=0.0, inplace=False)
    (13): Linear(in_features=400, out_features=400, bias=True)
    (14): ReLU()
    (15): Dropout(p=0.0, inplace=False)
    (16): Linear(in_features=400, out_features=2, bias=True)
  )
)
Number of parameters = 3,163,202
Epoch 0
Validation rmse = 1.457269
Epoch 1
Loss = 1.4970e+00, PNorm = 212.8568, GNorm = 3.3663, lr_0 = 7.3564e-04
Validation rmse = 1.228874
Epoch 2
Validation rmse = 1.265542
Epoch 3
Loss = 8.7752e-01, PNorm = 212.8808, GNorm = 3.5008, lr_0 = 1.3594e-04
Validation rmse = 1.188188
Epoch 4
Validation rmse = 1.163331
Model 4 best validation rmse = 1.163331 on epoch 4
Warning: Pretrained parameter "encoder.encoder.cached_zero_vector" of shape torch.Size([900]) does not match corresponding model parameter of shape torch.Size([300]).
Warning: Pretrained parameter "encoder.encoder.W_i.weight" of shape torch.Size([900, 193]) does not match corresponding model parameter of shape torch.Size([300, 193]).
Warning: Pretrained parameter "encoder.encoder.W_h.weight" of shape torch.Size([900, 900]) does not match corresponding model parameter of shape torch.Size([300, 300]).
Warning: Pretrained parameter "encoder.encoder.W_o.weight" of shape torch.Size([900, 1065]) does not match corresponding model parameter of shape torch.Size([300, 465]).
Warning: Pretrained parameter "encoder.encoder.W_o.bias" of shape torch.Size([900]) does not match corresponding model parameter of shape torch.Size([300]).
Warning: Pretrained parameter "encoder.encoder_solvent.cached_zero_vector" of shape torch.Size([200]) does not match corresponding model parameter of shape torch.Size([300]).
Warning: Pretrained parameter "encoder.encoder_solvent.W_i.weight" of shape torch.Size([200, 147]) does not match corresponding model parameter of shape torch.Size([300, 147]).
Warning: Pretrained parameter "encoder.encoder_solvent.W_h.weight" of shape torch.Size([200, 200]) does not match corresponding model parameter of shape torch.Size([300, 300]).
Warning: Pretrained parameter "encoder.encoder_solvent.W_o.weight" of shape torch.Size([200, 333]) does not match corresponding model parameter of shape torch.Size([300, 433]).
Warning: Pretrained parameter "encoder.encoder_solvent.W_o.bias" of shape torch.Size([200]) does not match corresponding model parameter of shape torch.Size([300]).
Warning: Pretrained parameter "readout.1.weight" of shape torch.Size([400, 1100]) does not match corresponding model parameter of shape torch.Size([300, 600]).
Warning: Pretrained parameter "readout.1.bias" of shape torch.Size([400]) does not match corresponding model parameter of shape torch.Size([300]).
Warning: Pretrained parameter "readout.4.weight" of shape torch.Size([400, 400]) does not match corresponding model parameter of shape torch.Size([1, 300]).
Warning: Pretrained parameter "readout.4.bias" of shape torch.Size([400]) does not match corresponding model parameter of shape torch.Size([1]).
Warning: Pretrained parameter "readout.7.weight" cannot be found in model parameters.
Warning: Pretrained parameter "readout.7.bias" cannot be found in model parameters.
Warning: Pretrained parameter "readout.10.weight" cannot be found in model parameters.
Warning: Pretrained parameter "readout.10.bias" cannot be found in model parameters.
Warning: Pretrained parameter "readout.13.weight" cannot be found in model parameters.
Warning: Pretrained parameter "readout.13.bias" cannot be found in model parameters.
Warning: Pretrained parameter "readout.16.weight" cannot be found in model parameters.
Warning: Pretrained parameter "readout.16.bias" cannot be found in model parameters.
Model 4 test rmse = 1.234776
Loading model 5 from KSE_ML_model_files/model_5/model.pt
Loading pretrained parameter "encoder.encoder.cached_zero_vector".
Loading pretrained parameter "encoder.encoder.W_i.weight".
Loading pretrained parameter "encoder.encoder.W_h.weight".
Loading pretrained parameter "encoder.encoder.W_o.weight".
Loading pretrained parameter "encoder.encoder.W_o.bias".
Loading pretrained parameter "encoder.encoder_solvent.cached_zero_vector".
Loading pretrained parameter "encoder.encoder_solvent.W_i.weight".
Loading pretrained parameter "encoder.encoder_solvent.W_h.weight".
Loading pretrained parameter "encoder.encoder_solvent.W_o.weight".
Loading pretrained parameter "encoder.encoder_solvent.W_o.bias".
Loading pretrained parameter "ffn.1.weight".
Loading pretrained parameter "ffn.1.bias".
Loading pretrained parameter "ffn.4.weight".
Loading pretrained parameter "ffn.4.bias".
Loading pretrained parameter "ffn.7.weight".
Loading pretrained parameter "ffn.7.bias".
Loading pretrained parameter "ffn.10.weight".
Loading pretrained parameter "ffn.10.bias".
Loading pretrained parameter "ffn.13.weight".
Loading pretrained parameter "ffn.13.bias".
Loading pretrained parameter "ffn.16.weight".
Loading pretrained parameter "ffn.16.bias".
MoleculeModel(
  (encoder): MPN(
    (encoder): MPNEncoder(
      (dropout): Dropout(p=0.0, inplace=False)
      (act_func): ReLU()
      (W_i): Linear(in_features=193, out_features=900, bias=False)
      (W_h): Linear(in_features=900, out_features=900, bias=False)
      (W_o): Linear(in_features=1065, out_features=900, bias=True)
    )
    (encoder_solvent): MPNEncoder(
      (dropout): Dropout(p=0.0, inplace=False)
      (act_func): ReLU()
      (W_i): Linear(in_features=147, out_features=200, bias=False)
      (W_h): Linear(in_features=200, out_features=200, bias=False)
      (W_o): Linear(in_features=333, out_features=200, bias=True)
    )
  )
  (readout): Sequential(
    (0): Dropout(p=0.0, inplace=False)
    (1): Linear(in_features=1100, out_features=400, bias=True)
    (2): ReLU()
    (3): Dropout(p=0.0, inplace=False)
    (4): Linear(in_features=400, out_features=400, bias=True)
    (5): ReLU()
    (6): Dropout(p=0.0, inplace=False)
    (7): Linear(in_features=400, out_features=400, bias=True)
    (8): ReLU()
    (9): Dropout(p=0.0, inplace=False)
    (10): Linear(in_features=400, out_features=400, bias=True)
    (11): ReLU()
    (12): Dropout(p=0.0, inplace=False)
    (13): Linear(in_features=400, out_features=400, bias=True)
    (14): ReLU()
    (15): Dropout(p=0.0, inplace=False)
    (16): Linear(in_features=400, out_features=2, bias=True)
  )
)
Number of parameters = 3,163,202
Epoch 0
Validation rmse = 1.457246
Epoch 1
Loss = 1.1549e+00, PNorm = 213.1958, GNorm = 7.1998, lr_0 = 7.3564e-04
Validation rmse = 1.159280
Epoch 2
Validation rmse = 1.214723
Epoch 3
Loss = 7.8093e-01, PNorm = 213.2109, GNorm = 5.2651, lr_0 = 1.3594e-04
Validation rmse = 1.210374
Epoch 4
Validation rmse = 1.179081
Model 5 best validation rmse = 1.159280 on epoch 1
Warning: Pretrained parameter "encoder.encoder.cached_zero_vector" of shape torch.Size([900]) does not match corresponding model parameter of shape torch.Size([300]).
Warning: Pretrained parameter "encoder.encoder.W_i.weight" of shape torch.Size([900, 193]) does not match corresponding model parameter of shape torch.Size([300, 193]).
Warning: Pretrained parameter "encoder.encoder.W_h.weight" of shape torch.Size([900, 900]) does not match corresponding model parameter of shape torch.Size([300, 300]).
Warning: Pretrained parameter "encoder.encoder.W_o.weight" of shape torch.Size([900, 1065]) does not match corresponding model parameter of shape torch.Size([300, 465]).
Warning: Pretrained parameter "encoder.encoder.W_o.bias" of shape torch.Size([900]) does not match corresponding model parameter of shape torch.Size([300]).
Warning: Pretrained parameter "encoder.encoder_solvent.cached_zero_vector" of shape torch.Size([200]) does not match corresponding model parameter of shape torch.Size([300]).
Warning: Pretrained parameter "encoder.encoder_solvent.W_i.weight" of shape torch.Size([200, 147]) does not match corresponding model parameter of shape torch.Size([300, 147]).
Warning: Pretrained parameter "encoder.encoder_solvent.W_h.weight" of shape torch.Size([200, 200]) does not match corresponding model parameter of shape torch.Size([300, 300]).
Warning: Pretrained parameter "encoder.encoder_solvent.W_o.weight" of shape torch.Size([200, 333]) does not match corresponding model parameter of shape torch.Size([300, 433]).
Warning: Pretrained parameter "encoder.encoder_solvent.W_o.bias" of shape torch.Size([200]) does not match corresponding model parameter of shape torch.Size([300]).
Warning: Pretrained parameter "readout.1.weight" of shape torch.Size([400, 1100]) does not match corresponding model parameter of shape torch.Size([300, 600]).
Warning: Pretrained parameter "readout.1.bias" of shape torch.Size([400]) does not match corresponding model parameter of shape torch.Size([300]).
Warning: Pretrained parameter "readout.4.weight" of shape torch.Size([400, 400]) does not match corresponding model parameter of shape torch.Size([1, 300]).
Warning: Pretrained parameter "readout.4.bias" of shape torch.Size([400]) does not match corresponding model parameter of shape torch.Size([1]).
Warning: Pretrained parameter "readout.7.weight" cannot be found in model parameters.
Warning: Pretrained parameter "readout.7.bias" cannot be found in model parameters.
Warning: Pretrained parameter "readout.10.weight" cannot be found in model parameters.
Warning: Pretrained parameter "readout.10.bias" cannot be found in model parameters.
Warning: Pretrained parameter "readout.13.weight" cannot be found in model parameters.
Warning: Pretrained parameter "readout.13.bias" cannot be found in model parameters.
Warning: Pretrained parameter "readout.16.weight" cannot be found in model parameters.
Warning: Pretrained parameter "readout.16.bias" cannot be found in model parameters.
Model 5 test rmse = 1.280740
Loading model 6 from KSE_ML_model_files/model_6/model.pt
Loading pretrained parameter "encoder.encoder.cached_zero_vector".
Loading pretrained parameter "encoder.encoder.W_i.weight".
Loading pretrained parameter "encoder.encoder.W_h.weight".
Loading pretrained parameter "encoder.encoder.W_o.weight".
Loading pretrained parameter "encoder.encoder.W_o.bias".
Loading pretrained parameter "encoder.encoder_solvent.cached_zero_vector".
Loading pretrained parameter "encoder.encoder_solvent.W_i.weight".
Loading pretrained parameter "encoder.encoder_solvent.W_h.weight".
Loading pretrained parameter "encoder.encoder_solvent.W_o.weight".
Loading pretrained parameter "encoder.encoder_solvent.W_o.bias".
Loading pretrained parameter "ffn.1.weight".
Loading pretrained parameter "ffn.1.bias".
Loading pretrained parameter "ffn.4.weight".
Loading pretrained parameter "ffn.4.bias".
Loading pretrained parameter "ffn.7.weight".
Loading pretrained parameter "ffn.7.bias".
Loading pretrained parameter "ffn.10.weight".
Loading pretrained parameter "ffn.10.bias".
Loading pretrained parameter "ffn.13.weight".
Loading pretrained parameter "ffn.13.bias".
Loading pretrained parameter "ffn.16.weight".
Loading pretrained parameter "ffn.16.bias".
MoleculeModel(
  (encoder): MPN(
    (encoder): MPNEncoder(
      (dropout): Dropout(p=0.0, inplace=False)
      (act_func): ReLU()
      (W_i): Linear(in_features=193, out_features=900, bias=False)
      (W_h): Linear(in_features=900, out_features=900, bias=False)
      (W_o): Linear(in_features=1065, out_features=900, bias=True)
    )
    (encoder_solvent): MPNEncoder(
      (dropout): Dropout(p=0.0, inplace=False)
      (act_func): ReLU()
      (W_i): Linear(in_features=147, out_features=200, bias=False)
      (W_h): Linear(in_features=200, out_features=200, bias=False)
      (W_o): Linear(in_features=333, out_features=200, bias=True)
    )
  )
  (readout): Sequential(
    (0): Dropout(p=0.0, inplace=False)
    (1): Linear(in_features=1100, out_features=400, bias=True)
    (2): ReLU()
    (3): Dropout(p=0.0, inplace=False)
    (4): Linear(in_features=400, out_features=400, bias=True)
    (5): ReLU()
    (6): Dropout(p=0.0, inplace=False)
    (7): Linear(in_features=400, out_features=400, bias=True)
    (8): ReLU()
    (9): Dropout(p=0.0, inplace=False)
    (10): Linear(in_features=400, out_features=400, bias=True)
    (11): ReLU()
    (12): Dropout(p=0.0, inplace=False)
    (13): Linear(in_features=400, out_features=400, bias=True)
    (14): ReLU()
    (15): Dropout(p=0.0, inplace=False)
    (16): Linear(in_features=400, out_features=2, bias=True)
  )
)
Number of parameters = 3,163,202
Epoch 0
Validation rmse = 1.930845
Epoch 1
Loss = 1.7466e+00, PNorm = 213.8434, GNorm = 4.4843, lr_0 = 7.3564e-04
Validation rmse = 1.435617
Epoch 2
Validation rmse = 1.378095
Epoch 3
Loss = 9.8114e-01, PNorm = 213.8672, GNorm = 3.1215, lr_0 = 1.3594e-04
Validation rmse = 1.317686
Epoch 4
Validation rmse = 1.292244
Model 6 best validation rmse = 1.292244 on epoch 4
Warning: Pretrained parameter "encoder.encoder.cached_zero_vector" of shape torch.Size([900]) does not match corresponding model parameter of shape torch.Size([300]).
Warning: Pretrained parameter "encoder.encoder.W_i.weight" of shape torch.Size([900, 193]) does not match corresponding model parameter of shape torch.Size([300, 193]).
Warning: Pretrained parameter "encoder.encoder.W_h.weight" of shape torch.Size([900, 900]) does not match corresponding model parameter of shape torch.Size([300, 300]).
Warning: Pretrained parameter "encoder.encoder.W_o.weight" of shape torch.Size([900, 1065]) does not match corresponding model parameter of shape torch.Size([300, 465]).
Warning: Pretrained parameter "encoder.encoder.W_o.bias" of shape torch.Size([900]) does not match corresponding model parameter of shape torch.Size([300]).
Warning: Pretrained parameter "encoder.encoder_solvent.cached_zero_vector" of shape torch.Size([200]) does not match corresponding model parameter of shape torch.Size([300]).
Warning: Pretrained parameter "encoder.encoder_solvent.W_i.weight" of shape torch.Size([200, 147]) does not match corresponding model parameter of shape torch.Size([300, 147]).
Warning: Pretrained parameter "encoder.encoder_solvent.W_h.weight" of shape torch.Size([200, 200]) does not match corresponding model parameter of shape torch.Size([300, 300]).
Warning: Pretrained parameter "encoder.encoder_solvent.W_o.weight" of shape torch.Size([200, 333]) does not match corresponding model parameter of shape torch.Size([300, 433]).
Warning: Pretrained parameter "encoder.encoder_solvent.W_o.bias" of shape torch.Size([200]) does not match corresponding model parameter of shape torch.Size([300]).
Warning: Pretrained parameter "readout.1.weight" of shape torch.Size([400, 1100]) does not match corresponding model parameter of shape torch.Size([300, 600]).
Warning: Pretrained parameter "readout.1.bias" of shape torch.Size([400]) does not match corresponding model parameter of shape torch.Size([300]).
Warning: Pretrained parameter "readout.4.weight" of shape torch.Size([400, 400]) does not match corresponding model parameter of shape torch.Size([1, 300]).
Warning: Pretrained parameter "readout.4.bias" of shape torch.Size([400]) does not match corresponding model parameter of shape torch.Size([1]).
Warning: Pretrained parameter "readout.7.weight" cannot be found in model parameters.
Warning: Pretrained parameter "readout.7.bias" cannot be found in model parameters.
Warning: Pretrained parameter "readout.10.weight" cannot be found in model parameters.
Warning: Pretrained parameter "readout.10.bias" cannot be found in model parameters.
Warning: Pretrained parameter "readout.13.weight" cannot be found in model parameters.
Warning: Pretrained parameter "readout.13.bias" cannot be found in model parameters.
Warning: Pretrained parameter "readout.16.weight" cannot be found in model parameters.
Warning: Pretrained parameter "readout.16.bias" cannot be found in model parameters.
Model 6 test rmse = 1.427090
Loading model 7 from KSE_ML_model_files/model_7/model.pt
Loading pretrained parameter "encoder.encoder.cached_zero_vector".
Loading pretrained parameter "encoder.encoder.W_i.weight".
Loading pretrained parameter "encoder.encoder.W_h.weight".
Loading pretrained parameter "encoder.encoder.W_o.weight".
Loading pretrained parameter "encoder.encoder.W_o.bias".
Loading pretrained parameter "encoder.encoder_solvent.cached_zero_vector".
Loading pretrained parameter "encoder.encoder_solvent.W_i.weight".
Loading pretrained parameter "encoder.encoder_solvent.W_h.weight".
Loading pretrained parameter "encoder.encoder_solvent.W_o.weight".
Loading pretrained parameter "encoder.encoder_solvent.W_o.bias".
Loading pretrained parameter "ffn.1.weight".
Loading pretrained parameter "ffn.1.bias".
Loading pretrained parameter "ffn.4.weight".
Loading pretrained parameter "ffn.4.bias".
Loading pretrained parameter "ffn.7.weight".
Loading pretrained parameter "ffn.7.bias".
Loading pretrained parameter "ffn.10.weight".
Loading pretrained parameter "ffn.10.bias".
Loading pretrained parameter "ffn.13.weight".
Loading pretrained parameter "ffn.13.bias".
Loading pretrained parameter "ffn.16.weight".
Loading pretrained parameter "ffn.16.bias".
MoleculeModel(
  (encoder): MPN(
    (encoder): MPNEncoder(
      (dropout): Dropout(p=0.0, inplace=False)
      (act_func): ReLU()
      (W_i): Linear(in_features=193, out_features=900, bias=False)
      (W_h): Linear(in_features=900, out_features=900, bias=False)
      (W_o): Linear(in_features=1065, out_features=900, bias=True)
    )
    (encoder_solvent): MPNEncoder(
      (dropout): Dropout(p=0.0, inplace=False)
      (act_func): ReLU()
      (W_i): Linear(in_features=147, out_features=200, bias=False)
      (W_h): Linear(in_features=200, out_features=200, bias=False)
      (W_o): Linear(in_features=333, out_features=200, bias=True)
    )
  )
  (readout): Sequential(
    (0): Dropout(p=0.0, inplace=False)
    (1): Linear(in_features=1100, out_features=400, bias=True)
    (2): ReLU()
    (3): Dropout(p=0.0, inplace=False)
    (4): Linear(in_features=400, out_features=400, bias=True)
    (5): ReLU()
    (6): Dropout(p=0.0, inplace=False)
    (7): Linear(in_features=400, out_features=400, bias=True)
    (8): ReLU()
    (9): Dropout(p=0.0, inplace=False)
    (10): Linear(in_features=400, out_features=400, bias=True)
    (11): ReLU()
    (12): Dropout(p=0.0, inplace=False)
    (13): Linear(in_features=400, out_features=400, bias=True)
    (14): ReLU()
    (15): Dropout(p=0.0, inplace=False)
    (16): Linear(in_features=400, out_features=2, bias=True)
  )
)
Number of parameters = 3,163,202
Epoch 0
Validation rmse = 1.533481
Epoch 1
Loss = 1.6041e+00, PNorm = 213.6464, GNorm = 5.1143, lr_0 = 7.3564e-04
Validation rmse = 1.537767
Epoch 2
Validation rmse = 1.232560
Epoch 3
Loss = 1.0500e+00, PNorm = 213.6726, GNorm = 3.9486, lr_0 = 1.3594e-04
Validation rmse = 1.262784
Epoch 4
Validation rmse = 1.295659
Model 7 best validation rmse = 1.232560 on epoch 2
Warning: Pretrained parameter "encoder.encoder.cached_zero_vector" of shape torch.Size([900]) does not match corresponding model parameter of shape torch.Size([300]).
Warning: Pretrained parameter "encoder.encoder.W_i.weight" of shape torch.Size([900, 193]) does not match corresponding model parameter of shape torch.Size([300, 193]).
Warning: Pretrained parameter "encoder.encoder.W_h.weight" of shape torch.Size([900, 900]) does not match corresponding model parameter of shape torch.Size([300, 300]).
Warning: Pretrained parameter "encoder.encoder.W_o.weight" of shape torch.Size([900, 1065]) does not match corresponding model parameter of shape torch.Size([300, 465]).
Warning: Pretrained parameter "encoder.encoder.W_o.bias" of shape torch.Size([900]) does not match corresponding model parameter of shape torch.Size([300]).
Warning: Pretrained parameter "encoder.encoder_solvent.cached_zero_vector" of shape torch.Size([200]) does not match corresponding model parameter of shape torch.Size([300]).
Warning: Pretrained parameter "encoder.encoder_solvent.W_i.weight" of shape torch.Size([200, 147]) does not match corresponding model parameter of shape torch.Size([300, 147]).
Warning: Pretrained parameter "encoder.encoder_solvent.W_h.weight" of shape torch.Size([200, 200]) does not match corresponding model parameter of shape torch.Size([300, 300]).
Warning: Pretrained parameter "encoder.encoder_solvent.W_o.weight" of shape torch.Size([200, 333]) does not match corresponding model parameter of shape torch.Size([300, 433]).
Warning: Pretrained parameter "encoder.encoder_solvent.W_o.bias" of shape torch.Size([200]) does not match corresponding model parameter of shape torch.Size([300]).
Warning: Pretrained parameter "readout.1.weight" of shape torch.Size([400, 1100]) does not match corresponding model parameter of shape torch.Size([300, 600]).
Warning: Pretrained parameter "readout.1.bias" of shape torch.Size([400]) does not match corresponding model parameter of shape torch.Size([300]).
Warning: Pretrained parameter "readout.4.weight" of shape torch.Size([400, 400]) does not match corresponding model parameter of shape torch.Size([1, 300]).
Warning: Pretrained parameter "readout.4.bias" of shape torch.Size([400]) does not match corresponding model parameter of shape torch.Size([1]).
Warning: Pretrained parameter "readout.7.weight" cannot be found in model parameters.
Warning: Pretrained parameter "readout.7.bias" cannot be found in model parameters.
Warning: Pretrained parameter "readout.10.weight" cannot be found in model parameters.
Warning: Pretrained parameter "readout.10.bias" cannot be found in model parameters.
Warning: Pretrained parameter "readout.13.weight" cannot be found in model parameters.
Warning: Pretrained parameter "readout.13.bias" cannot be found in model parameters.
Warning: Pretrained parameter "readout.16.weight" cannot be found in model parameters.
Warning: Pretrained parameter "readout.16.bias" cannot be found in model parameters.
Model 7 test rmse = 1.243345
Loading model 8 from KSE_ML_model_files/model_8/model.pt
Loading pretrained parameter "encoder.encoder.cached_zero_vector".
Loading pretrained parameter "encoder.encoder.W_i.weight".
Loading pretrained parameter "encoder.encoder.W_h.weight".
Loading pretrained parameter "encoder.encoder.W_o.weight".
Loading pretrained parameter "encoder.encoder.W_o.bias".
Loading pretrained parameter "encoder.encoder_solvent.cached_zero_vector".
Loading pretrained parameter "encoder.encoder_solvent.W_i.weight".
Loading pretrained parameter "encoder.encoder_solvent.W_h.weight".
Loading pretrained parameter "encoder.encoder_solvent.W_o.weight".
Loading pretrained parameter "encoder.encoder_solvent.W_o.bias".
Loading pretrained parameter "ffn.1.weight".
Loading pretrained parameter "ffn.1.bias".
Loading pretrained parameter "ffn.4.weight".
Loading pretrained parameter "ffn.4.bias".
Loading pretrained parameter "ffn.7.weight".
Loading pretrained parameter "ffn.7.bias".
Loading pretrained parameter "ffn.10.weight".
Loading pretrained parameter "ffn.10.bias".
Loading pretrained parameter "ffn.13.weight".
Loading pretrained parameter "ffn.13.bias".
Loading pretrained parameter "ffn.16.weight".
Loading pretrained parameter "ffn.16.bias".
MoleculeModel(
  (encoder): MPN(
    (encoder): MPNEncoder(
      (dropout): Dropout(p=0.0, inplace=False)
      (act_func): ReLU()
      (W_i): Linear(in_features=193, out_features=900, bias=False)
      (W_h): Linear(in_features=900, out_features=900, bias=False)
      (W_o): Linear(in_features=1065, out_features=900, bias=True)
    )
    (encoder_solvent): MPNEncoder(
      (dropout): Dropout(p=0.0, inplace=False)
      (act_func): ReLU()
      (W_i): Linear(in_features=147, out_features=200, bias=False)
      (W_h): Linear(in_features=200, out_features=200, bias=False)
      (W_o): Linear(in_features=333, out_features=200, bias=True)
    )
  )
  (readout): Sequential(
    (0): Dropout(p=0.0, inplace=False)
    (1): Linear(in_features=1100, out_features=400, bias=True)
    (2): ReLU()
    (3): Dropout(p=0.0, inplace=False)
    (4): Linear(in_features=400, out_features=400, bias=True)
    (5): ReLU()
    (6): Dropout(p=0.0, inplace=False)
    (7): Linear(in_features=400, out_features=400, bias=True)
    (8): ReLU()
    (9): Dropout(p=0.0, inplace=False)
    (10): Linear(in_features=400, out_features=400, bias=True)
    (11): ReLU()
    (12): Dropout(p=0.0, inplace=False)
    (13): Linear(in_features=400, out_features=400, bias=True)
    (14): ReLU()
    (15): Dropout(p=0.0, inplace=False)
    (16): Linear(in_features=400, out_features=2, bias=True)
  )
)
Number of parameters = 3,163,202
Epoch 0
Validation rmse = 2.205412
Epoch 1
Loss = 2.0683e+00, PNorm = 214.0245, GNorm = 3.3620, lr_0 = 7.3564e-04
Validation rmse = 1.366684
Epoch 2
Validation rmse = 1.310805
Epoch 3
Loss = 1.2811e+00, PNorm = 214.0423, GNorm = 15.6332, lr_0 = 1.3594e-04
Validation rmse = 1.331518
Epoch 4
Validation rmse = 1.268774
Model 8 best validation rmse = 1.268774 on epoch 4
Warning: Pretrained parameter "encoder.encoder.cached_zero_vector" of shape torch.Size([900]) does not match corresponding model parameter of shape torch.Size([300]).
Warning: Pretrained parameter "encoder.encoder.W_i.weight" of shape torch.Size([900, 193]) does not match corresponding model parameter of shape torch.Size([300, 193]).
Warning: Pretrained parameter "encoder.encoder.W_h.weight" of shape torch.Size([900, 900]) does not match corresponding model parameter of shape torch.Size([300, 300]).
Warning: Pretrained parameter "encoder.encoder.W_o.weight" of shape torch.Size([900, 1065]) does not match corresponding model parameter of shape torch.Size([300, 465]).
Warning: Pretrained parameter "encoder.encoder.W_o.bias" of shape torch.Size([900]) does not match corresponding model parameter of shape torch.Size([300]).
Warning: Pretrained parameter "encoder.encoder_solvent.cached_zero_vector" of shape torch.Size([200]) does not match corresponding model parameter of shape torch.Size([300]).
Warning: Pretrained parameter "encoder.encoder_solvent.W_i.weight" of shape torch.Size([200, 147]) does not match corresponding model parameter of shape torch.Size([300, 147]).
Warning: Pretrained parameter "encoder.encoder_solvent.W_h.weight" of shape torch.Size([200, 200]) does not match corresponding model parameter of shape torch.Size([300, 300]).
Warning: Pretrained parameter "encoder.encoder_solvent.W_o.weight" of shape torch.Size([200, 333]) does not match corresponding model parameter of shape torch.Size([300, 433]).
Warning: Pretrained parameter "encoder.encoder_solvent.W_o.bias" of shape torch.Size([200]) does not match corresponding model parameter of shape torch.Size([300]).
Warning: Pretrained parameter "readout.1.weight" of shape torch.Size([400, 1100]) does not match corresponding model parameter of shape torch.Size([300, 600]).
Warning: Pretrained parameter "readout.1.bias" of shape torch.Size([400]) does not match corresponding model parameter of shape torch.Size([300]).
Warning: Pretrained parameter "readout.4.weight" of shape torch.Size([400, 400]) does not match corresponding model parameter of shape torch.Size([1, 300]).
Warning: Pretrained parameter "readout.4.bias" of shape torch.Size([400]) does not match corresponding model parameter of shape torch.Size([1]).
Warning: Pretrained parameter "readout.7.weight" cannot be found in model parameters.
Warning: Pretrained parameter "readout.7.bias" cannot be found in model parameters.
Warning: Pretrained parameter "readout.10.weight" cannot be found in model parameters.
Warning: Pretrained parameter "readout.10.bias" cannot be found in model parameters.
Warning: Pretrained parameter "readout.13.weight" cannot be found in model parameters.
Warning: Pretrained parameter "readout.13.bias" cannot be found in model parameters.
Warning: Pretrained parameter "readout.16.weight" cannot be found in model parameters.
Warning: Pretrained parameter "readout.16.bias" cannot be found in model parameters.
Model 8 test rmse = 1.300761
Loading model 9 from KSE_ML_model_files/model_9/model.pt
Loading pretrained parameter "encoder.encoder.cached_zero_vector".
Loading pretrained parameter "encoder.encoder.W_i.weight".
Loading pretrained parameter "encoder.encoder.W_h.weight".
Loading pretrained parameter "encoder.encoder.W_o.weight".
Loading pretrained parameter "encoder.encoder.W_o.bias".
Loading pretrained parameter "encoder.encoder_solvent.cached_zero_vector".
Loading pretrained parameter "encoder.encoder_solvent.W_i.weight".
Loading pretrained parameter "encoder.encoder_solvent.W_h.weight".
Loading pretrained parameter "encoder.encoder_solvent.W_o.weight".
Loading pretrained parameter "encoder.encoder_solvent.W_o.bias".
Loading pretrained parameter "ffn.1.weight".
Loading pretrained parameter "ffn.1.bias".
Loading pretrained parameter "ffn.4.weight".
Loading pretrained parameter "ffn.4.bias".
Loading pretrained parameter "ffn.7.weight".
Loading pretrained parameter "ffn.7.bias".
Loading pretrained parameter "ffn.10.weight".
Loading pretrained parameter "ffn.10.bias".
Loading pretrained parameter "ffn.13.weight".
Loading pretrained parameter "ffn.13.bias".
Loading pretrained parameter "ffn.16.weight".
Loading pretrained parameter "ffn.16.bias".
MoleculeModel(
  (encoder): MPN(
    (encoder): MPNEncoder(
      (dropout): Dropout(p=0.0, inplace=False)
      (act_func): ReLU()
      (W_i): Linear(in_features=193, out_features=900, bias=False)
      (W_h): Linear(in_features=900, out_features=900, bias=False)
      (W_o): Linear(in_features=1065, out_features=900, bias=True)
    )
    (encoder_solvent): MPNEncoder(
      (dropout): Dropout(p=0.0, inplace=False)
      (act_func): ReLU()
      (W_i): Linear(in_features=147, out_features=200, bias=False)
      (W_h): Linear(in_features=200, out_features=200, bias=False)
      (W_o): Linear(in_features=333, out_features=200, bias=True)
    )
  )
  (readout): Sequential(
    (0): Dropout(p=0.0, inplace=False)
    (1): Linear(in_features=1100, out_features=400, bias=True)
    (2): ReLU()
    (3): Dropout(p=0.0, inplace=False)
    (4): Linear(in_features=400, out_features=400, bias=True)
    (5): ReLU()
    (6): Dropout(p=0.0, inplace=False)
    (7): Linear(in_features=400, out_features=400, bias=True)
    (8): ReLU()
    (9): Dropout(p=0.0, inplace=False)
    (10): Linear(in_features=400, out_features=400, bias=True)
    (11): ReLU()
    (12): Dropout(p=0.0, inplace=False)
    (13): Linear(in_features=400, out_features=400, bias=True)
    (14): ReLU()
    (15): Dropout(p=0.0, inplace=False)
    (16): Linear(in_features=400, out_features=2, bias=True)
  )
)
Number of parameters = 3,163,202
Epoch 0
Validation rmse = 1.584157
Epoch 1
Loss = 1.9178e+00, PNorm = 213.2820, GNorm = 3.4069, lr_0 = 7.3564e-04
Validation rmse = 1.360674
Epoch 2
Validation rmse = 1.394354
Epoch 3
Loss = 1.3096e+00, PNorm = 213.3021, GNorm = 2.8614, lr_0 = 1.3594e-04
Validation rmse = 1.336155
Epoch 4
Validation rmse = 1.242764
Model 9 best validation rmse = 1.242764 on epoch 4
Warning: Pretrained parameter "encoder.encoder.cached_zero_vector" of shape torch.Size([900]) does not match corresponding model parameter of shape torch.Size([300]).
Warning: Pretrained parameter "encoder.encoder.W_i.weight" of shape torch.Size([900, 193]) does not match corresponding model parameter of shape torch.Size([300, 193]).
Warning: Pretrained parameter "encoder.encoder.W_h.weight" of shape torch.Size([900, 900]) does not match corresponding model parameter of shape torch.Size([300, 300]).
Warning: Pretrained parameter "encoder.encoder.W_o.weight" of shape torch.Size([900, 1065]) does not match corresponding model parameter of shape torch.Size([300, 465]).
Warning: Pretrained parameter "encoder.encoder.W_o.bias" of shape torch.Size([900]) does not match corresponding model parameter of shape torch.Size([300]).
Warning: Pretrained parameter "encoder.encoder_solvent.cached_zero_vector" of shape torch.Size([200]) does not match corresponding model parameter of shape torch.Size([300]).
Warning: Pretrained parameter "encoder.encoder_solvent.W_i.weight" of shape torch.Size([200, 147]) does not match corresponding model parameter of shape torch.Size([300, 147]).
Warning: Pretrained parameter "encoder.encoder_solvent.W_h.weight" of shape torch.Size([200, 200]) does not match corresponding model parameter of shape torch.Size([300, 300]).
Warning: Pretrained parameter "encoder.encoder_solvent.W_o.weight" of shape torch.Size([200, 333]) does not match corresponding model parameter of shape torch.Size([300, 433]).
Warning: Pretrained parameter "encoder.encoder_solvent.W_o.bias" of shape torch.Size([200]) does not match corresponding model parameter of shape torch.Size([300]).
Warning: Pretrained parameter "readout.1.weight" of shape torch.Size([400, 1100]) does not match corresponding model parameter of shape torch.Size([300, 600]).
Warning: Pretrained parameter "readout.1.bias" of shape torch.Size([400]) does not match corresponding model parameter of shape torch.Size([300]).
Warning: Pretrained parameter "readout.4.weight" of shape torch.Size([400, 400]) does not match corresponding model parameter of shape torch.Size([1, 300]).
Warning: Pretrained parameter "readout.4.bias" of shape torch.Size([400]) does not match corresponding model parameter of shape torch.Size([1]).
Warning: Pretrained parameter "readout.7.weight" cannot be found in model parameters.
Warning: Pretrained parameter "readout.7.bias" cannot be found in model parameters.
Warning: Pretrained parameter "readout.10.weight" cannot be found in model parameters.
Warning: Pretrained parameter "readout.10.bias" cannot be found in model parameters.
Warning: Pretrained parameter "readout.13.weight" cannot be found in model parameters.
Warning: Pretrained parameter "readout.13.bias" cannot be found in model parameters.
Warning: Pretrained parameter "readout.16.weight" cannot be found in model parameters.
Warning: Pretrained parameter "readout.16.bias" cannot be found in model parameters.
Model 9 test rmse = 1.268657
Loading model 10 from KSE_ML_model_files/model_10/model.pt
Loading pretrained parameter "encoder.encoder.cached_zero_vector".
Loading pretrained parameter "encoder.encoder.W_i.weight".
Loading pretrained parameter "encoder.encoder.W_h.weight".
Loading pretrained parameter "encoder.encoder.W_o.weight".
Loading pretrained parameter "encoder.encoder.W_o.bias".
Loading pretrained parameter "encoder.encoder_solvent.cached_zero_vector".
Loading pretrained parameter "encoder.encoder_solvent.W_i.weight".
Loading pretrained parameter "encoder.encoder_solvent.W_h.weight".
Loading pretrained parameter "encoder.encoder_solvent.W_o.weight".
Loading pretrained parameter "encoder.encoder_solvent.W_o.bias".
Loading pretrained parameter "ffn.1.weight".
Loading pretrained parameter "ffn.1.bias".
Loading pretrained parameter "ffn.4.weight".
Loading pretrained parameter "ffn.4.bias".
Loading pretrained parameter "ffn.7.weight".
Loading pretrained parameter "ffn.7.bias".
Loading pretrained parameter "ffn.10.weight".
Loading pretrained parameter "ffn.10.bias".
Loading pretrained parameter "ffn.13.weight".
Loading pretrained parameter "ffn.13.bias".
Loading pretrained parameter "ffn.16.weight".
Loading pretrained parameter "ffn.16.bias".
MoleculeModel(
  (encoder): MPN(
    (encoder): MPNEncoder(
      (dropout): Dropout(p=0.0, inplace=False)
      (act_func): ReLU()
      (W_i): Linear(in_features=193, out_features=900, bias=False)
      (W_h): Linear(in_features=900, out_features=900, bias=False)
      (W_o): Linear(in_features=1065, out_features=900, bias=True)
    )
    (encoder_solvent): MPNEncoder(
      (dropout): Dropout(p=0.0, inplace=False)
      (act_func): ReLU()
      (W_i): Linear(in_features=147, out_features=200, bias=False)
      (W_h): Linear(in_features=200, out_features=200, bias=False)
      (W_o): Linear(in_features=333, out_features=200, bias=True)
    )
  )
  (readout): Sequential(
    (0): Dropout(p=0.0, inplace=False)
    (1): Linear(in_features=1100, out_features=400, bias=True)
    (2): ReLU()
    (3): Dropout(p=0.0, inplace=False)
    (4): Linear(in_features=400, out_features=400, bias=True)
    (5): ReLU()
    (6): Dropout(p=0.0, inplace=False)
    (7): Linear(in_features=400, out_features=400, bias=True)
    (8): ReLU()
    (9): Dropout(p=0.0, inplace=False)
    (10): Linear(in_features=400, out_features=400, bias=True)
    (11): ReLU()
    (12): Dropout(p=0.0, inplace=False)
    (13): Linear(in_features=400, out_features=400, bias=True)
    (14): ReLU()
    (15): Dropout(p=0.0, inplace=False)
    (16): Linear(in_features=400, out_features=2, bias=True)
  )
)
Number of parameters = 3,163,202
Epoch 0
Validation rmse = 1.483610
Epoch 1
Loss = 1.5583e+00, PNorm = 213.5122, GNorm = 5.2523, lr_0 = 7.3564e-04
Validation rmse = 1.366364
Epoch 2
Validation rmse = 1.285374
Epoch 3
Loss = 1.0354e+00, PNorm = 213.5349, GNorm = 8.5189, lr_0 = 1.3594e-04
Validation rmse = 1.274912
Epoch 4
Validation rmse = 1.223198
Model 10 best validation rmse = 1.223198 on epoch 4
Warning: Pretrained parameter "encoder.encoder.cached_zero_vector" of shape torch.Size([900]) does not match corresponding model parameter of shape torch.Size([300]).
Warning: Pretrained parameter "encoder.encoder.W_i.weight" of shape torch.Size([900, 193]) does not match corresponding model parameter of shape torch.Size([300, 193]).
Warning: Pretrained parameter "encoder.encoder.W_h.weight" of shape torch.Size([900, 900]) does not match corresponding model parameter of shape torch.Size([300, 300]).
Warning: Pretrained parameter "encoder.encoder.W_o.weight" of shape torch.Size([900, 1065]) does not match corresponding model parameter of shape torch.Size([300, 465]).
Warning: Pretrained parameter "encoder.encoder.W_o.bias" of shape torch.Size([900]) does not match corresponding model parameter of shape torch.Size([300]).
Warning: Pretrained parameter "encoder.encoder_solvent.cached_zero_vector" of shape torch.Size([200]) does not match corresponding model parameter of shape torch.Size([300]).
Warning: Pretrained parameter "encoder.encoder_solvent.W_i.weight" of shape torch.Size([200, 147]) does not match corresponding model parameter of shape torch.Size([300, 147]).
Warning: Pretrained parameter "encoder.encoder_solvent.W_h.weight" of shape torch.Size([200, 200]) does not match corresponding model parameter of shape torch.Size([300, 300]).
Warning: Pretrained parameter "encoder.encoder_solvent.W_o.weight" of shape torch.Size([200, 333]) does not match corresponding model parameter of shape torch.Size([300, 433]).
Warning: Pretrained parameter "encoder.encoder_solvent.W_o.bias" of shape torch.Size([200]) does not match corresponding model parameter of shape torch.Size([300]).
Warning: Pretrained parameter "readout.1.weight" of shape torch.Size([400, 1100]) does not match corresponding model parameter of shape torch.Size([300, 600]).
Warning: Pretrained parameter "readout.1.bias" of shape torch.Size([400]) does not match corresponding model parameter of shape torch.Size([300]).
Warning: Pretrained parameter "readout.4.weight" of shape torch.Size([400, 400]) does not match corresponding model parameter of shape torch.Size([1, 300]).
Warning: Pretrained parameter "readout.4.bias" of shape torch.Size([400]) does not match corresponding model parameter of shape torch.Size([1]).
Warning: Pretrained parameter "readout.7.weight" cannot be found in model parameters.
Warning: Pretrained parameter "readout.7.bias" cannot be found in model parameters.
Warning: Pretrained parameter "readout.10.weight" cannot be found in model parameters.
Warning: Pretrained parameter "readout.10.bias" cannot be found in model parameters.
Warning: Pretrained parameter "readout.13.weight" cannot be found in model parameters.
Warning: Pretrained parameter "readout.13.bias" cannot be found in model parameters.
Warning: Pretrained parameter "readout.16.weight" cannot be found in model parameters.
Warning: Pretrained parameter "readout.16.bias" cannot be found in model parameters.
Model 10 test rmse = 1.210699
Loading model 11 from KSE_ML_model_files/model_11/model.pt
Loading pretrained parameter "encoder.encoder.cached_zero_vector".
Loading pretrained parameter "encoder.encoder.W_i.weight".
Loading pretrained parameter "encoder.encoder.W_h.weight".
Loading pretrained parameter "encoder.encoder.W_o.weight".
Loading pretrained parameter "encoder.encoder.W_o.bias".
Loading pretrained parameter "encoder.encoder_solvent.cached_zero_vector".
Loading pretrained parameter "encoder.encoder_solvent.W_i.weight".
Loading pretrained parameter "encoder.encoder_solvent.W_h.weight".
Loading pretrained parameter "encoder.encoder_solvent.W_o.weight".
Loading pretrained parameter "encoder.encoder_solvent.W_o.bias".
Loading pretrained parameter "ffn.1.weight".
Loading pretrained parameter "ffn.1.bias".
Loading pretrained parameter "ffn.4.weight".
Loading pretrained parameter "ffn.4.bias".
Loading pretrained parameter "ffn.7.weight".
Loading pretrained parameter "ffn.7.bias".
Loading pretrained parameter "ffn.10.weight".
Loading pretrained parameter "ffn.10.bias".
Loading pretrained parameter "ffn.13.weight".
Loading pretrained parameter "ffn.13.bias".
Loading pretrained parameter "ffn.16.weight".
Loading pretrained parameter "ffn.16.bias".
MoleculeModel(
  (encoder): MPN(
    (encoder): MPNEncoder(
      (dropout): Dropout(p=0.0, inplace=False)
      (act_func): ReLU()
      (W_i): Linear(in_features=193, out_features=900, bias=False)
      (W_h): Linear(in_features=900, out_features=900, bias=False)
      (W_o): Linear(in_features=1065, out_features=900, bias=True)
    )
    (encoder_solvent): MPNEncoder(
      (dropout): Dropout(p=0.0, inplace=False)
      (act_func): ReLU()
      (W_i): Linear(in_features=147, out_features=200, bias=False)
      (W_h): Linear(in_features=200, out_features=200, bias=False)
      (W_o): Linear(in_features=333, out_features=200, bias=True)
    )
  )
  (readout): Sequential(
    (0): Dropout(p=0.0, inplace=False)
    (1): Linear(in_features=1100, out_features=400, bias=True)
    (2): ReLU()
    (3): Dropout(p=0.0, inplace=False)
    (4): Linear(in_features=400, out_features=400, bias=True)
    (5): ReLU()
    (6): Dropout(p=0.0, inplace=False)
    (7): Linear(in_features=400, out_features=400, bias=True)
    (8): ReLU()
    (9): Dropout(p=0.0, inplace=False)
    (10): Linear(in_features=400, out_features=400, bias=True)
    (11): ReLU()
    (12): Dropout(p=0.0, inplace=False)
    (13): Linear(in_features=400, out_features=400, bias=True)
    (14): ReLU()
    (15): Dropout(p=0.0, inplace=False)
    (16): Linear(in_features=400, out_features=2, bias=True)
  )
)
Number of parameters = 3,163,202
Epoch 0
Validation rmse = 1.569606
Epoch 1
Loss = 1.8711e+00, PNorm = 213.4293, GNorm = 3.7408, lr_0 = 7.3564e-04
Validation rmse = 1.520207
Epoch 2
Validation rmse = 1.488384
Epoch 3
Loss = 1.1103e+00, PNorm = 213.4519, GNorm = 4.1305, lr_0 = 1.3594e-04
Validation rmse = 1.368963
Epoch 4
Validation rmse = 1.306731
Model 11 best validation rmse = 1.306731 on epoch 4
Warning: Pretrained parameter "encoder.encoder.cached_zero_vector" of shape torch.Size([900]) does not match corresponding model parameter of shape torch.Size([300]).
Warning: Pretrained parameter "encoder.encoder.W_i.weight" of shape torch.Size([900, 193]) does not match corresponding model parameter of shape torch.Size([300, 193]).
Warning: Pretrained parameter "encoder.encoder.W_h.weight" of shape torch.Size([900, 900]) does not match corresponding model parameter of shape torch.Size([300, 300]).
Warning: Pretrained parameter "encoder.encoder.W_o.weight" of shape torch.Size([900, 1065]) does not match corresponding model parameter of shape torch.Size([300, 465]).
Warning: Pretrained parameter "encoder.encoder.W_o.bias" of shape torch.Size([900]) does not match corresponding model parameter of shape torch.Size([300]).
Warning: Pretrained parameter "encoder.encoder_solvent.cached_zero_vector" of shape torch.Size([200]) does not match corresponding model parameter of shape torch.Size([300]).
Warning: Pretrained parameter "encoder.encoder_solvent.W_i.weight" of shape torch.Size([200, 147]) does not match corresponding model parameter of shape torch.Size([300, 147]).
Warning: Pretrained parameter "encoder.encoder_solvent.W_h.weight" of shape torch.Size([200, 200]) does not match corresponding model parameter of shape torch.Size([300, 300]).
Warning: Pretrained parameter "encoder.encoder_solvent.W_o.weight" of shape torch.Size([200, 333]) does not match corresponding model parameter of shape torch.Size([300, 433]).
Warning: Pretrained parameter "encoder.encoder_solvent.W_o.bias" of shape torch.Size([200]) does not match corresponding model parameter of shape torch.Size([300]).
Warning: Pretrained parameter "readout.1.weight" of shape torch.Size([400, 1100]) does not match corresponding model parameter of shape torch.Size([300, 600]).
Warning: Pretrained parameter "readout.1.bias" of shape torch.Size([400]) does not match corresponding model parameter of shape torch.Size([300]).
Warning: Pretrained parameter "readout.4.weight" of shape torch.Size([400, 400]) does not match corresponding model parameter of shape torch.Size([1, 300]).
Warning: Pretrained parameter "readout.4.bias" of shape torch.Size([400]) does not match corresponding model parameter of shape torch.Size([1]).
Warning: Pretrained parameter "readout.7.weight" cannot be found in model parameters.
Warning: Pretrained parameter "readout.7.bias" cannot be found in model parameters.
Warning: Pretrained parameter "readout.10.weight" cannot be found in model parameters.
Warning: Pretrained parameter "readout.10.bias" cannot be found in model parameters.
Warning: Pretrained parameter "readout.13.weight" cannot be found in model parameters.
Warning: Pretrained parameter "readout.13.bias" cannot be found in model parameters.
Warning: Pretrained parameter "readout.16.weight" cannot be found in model parameters.
Warning: Pretrained parameter "readout.16.bias" cannot be found in model parameters.
Model 11 test rmse = 1.241016
Loading model 12 from KSE_ML_model_files/model_12/model.pt
Loading pretrained parameter "encoder.encoder.cached_zero_vector".
Loading pretrained parameter "encoder.encoder.W_i.weight".
Loading pretrained parameter "encoder.encoder.W_h.weight".
Loading pretrained parameter "encoder.encoder.W_o.weight".
Loading pretrained parameter "encoder.encoder.W_o.bias".
Loading pretrained parameter "encoder.encoder_solvent.cached_zero_vector".
Loading pretrained parameter "encoder.encoder_solvent.W_i.weight".
Loading pretrained parameter "encoder.encoder_solvent.W_h.weight".
Loading pretrained parameter "encoder.encoder_solvent.W_o.weight".
Loading pretrained parameter "encoder.encoder_solvent.W_o.bias".
Loading pretrained parameter "ffn.1.weight".
Loading pretrained parameter "ffn.1.bias".
Loading pretrained parameter "ffn.4.weight".
Loading pretrained parameter "ffn.4.bias".
Loading pretrained parameter "ffn.7.weight".
Loading pretrained parameter "ffn.7.bias".
Loading pretrained parameter "ffn.10.weight".
Loading pretrained parameter "ffn.10.bias".
Loading pretrained parameter "ffn.13.weight".
Loading pretrained parameter "ffn.13.bias".
Loading pretrained parameter "ffn.16.weight".
Loading pretrained parameter "ffn.16.bias".
MoleculeModel(
  (encoder): MPN(
    (encoder): MPNEncoder(
      (dropout): Dropout(p=0.0, inplace=False)
      (act_func): ReLU()
      (W_i): Linear(in_features=193, out_features=900, bias=False)
      (W_h): Linear(in_features=900, out_features=900, bias=False)
      (W_o): Linear(in_features=1065, out_features=900, bias=True)
    )
    (encoder_solvent): MPNEncoder(
      (dropout): Dropout(p=0.0, inplace=False)
      (act_func): ReLU()
      (W_i): Linear(in_features=147, out_features=200, bias=False)
      (W_h): Linear(in_features=200, out_features=200, bias=False)
      (W_o): Linear(in_features=333, out_features=200, bias=True)
    )
  )
  (readout): Sequential(
    (0): Dropout(p=0.0, inplace=False)
    (1): Linear(in_features=1100, out_features=400, bias=True)
    (2): ReLU()
    (3): Dropout(p=0.0, inplace=False)
    (4): Linear(in_features=400, out_features=400, bias=True)
    (5): ReLU()
    (6): Dropout(p=0.0, inplace=False)
    (7): Linear(in_features=400, out_features=400, bias=True)
    (8): ReLU()
    (9): Dropout(p=0.0, inplace=False)
    (10): Linear(in_features=400, out_features=400, bias=True)
    (11): ReLU()
    (12): Dropout(p=0.0, inplace=False)
    (13): Linear(in_features=400, out_features=400, bias=True)
    (14): ReLU()
    (15): Dropout(p=0.0, inplace=False)
    (16): Linear(in_features=400, out_features=2, bias=True)
  )
)
Number of parameters = 3,163,202
Epoch 0
Validation rmse = 1.480887
Epoch 1
Loss = 1.5843e+00, PNorm = 213.3521, GNorm = 3.8980, lr_0 = 7.3564e-04
Validation rmse = 1.452074
Epoch 2
Validation rmse = 1.470608
Epoch 3
Loss = 1.0876e+00, PNorm = 213.3729, GNorm = 5.7615, lr_0 = 1.3594e-04
Validation rmse = 1.252808
Epoch 4
Validation rmse = 1.241798
Model 12 best validation rmse = 1.241798 on epoch 4
Warning: Pretrained parameter "encoder.encoder.cached_zero_vector" of shape torch.Size([900]) does not match corresponding model parameter of shape torch.Size([300]).
Warning: Pretrained parameter "encoder.encoder.W_i.weight" of shape torch.Size([900, 193]) does not match corresponding model parameter of shape torch.Size([300, 193]).
Warning: Pretrained parameter "encoder.encoder.W_h.weight" of shape torch.Size([900, 900]) does not match corresponding model parameter of shape torch.Size([300, 300]).
Warning: Pretrained parameter "encoder.encoder.W_o.weight" of shape torch.Size([900, 1065]) does not match corresponding model parameter of shape torch.Size([300, 465]).
Warning: Pretrained parameter "encoder.encoder.W_o.bias" of shape torch.Size([900]) does not match corresponding model parameter of shape torch.Size([300]).
Warning: Pretrained parameter "encoder.encoder_solvent.cached_zero_vector" of shape torch.Size([200]) does not match corresponding model parameter of shape torch.Size([300]).
Warning: Pretrained parameter "encoder.encoder_solvent.W_i.weight" of shape torch.Size([200, 147]) does not match corresponding model parameter of shape torch.Size([300, 147]).
Warning: Pretrained parameter "encoder.encoder_solvent.W_h.weight" of shape torch.Size([200, 200]) does not match corresponding model parameter of shape torch.Size([300, 300]).
Warning: Pretrained parameter "encoder.encoder_solvent.W_o.weight" of shape torch.Size([200, 333]) does not match corresponding model parameter of shape torch.Size([300, 433]).
Warning: Pretrained parameter "encoder.encoder_solvent.W_o.bias" of shape torch.Size([200]) does not match corresponding model parameter of shape torch.Size([300]).
Warning: Pretrained parameter "readout.1.weight" of shape torch.Size([400, 1100]) does not match corresponding model parameter of shape torch.Size([300, 600]).
Warning: Pretrained parameter "readout.1.bias" of shape torch.Size([400]) does not match corresponding model parameter of shape torch.Size([300]).
Warning: Pretrained parameter "readout.4.weight" of shape torch.Size([400, 400]) does not match corresponding model parameter of shape torch.Size([1, 300]).
Warning: Pretrained parameter "readout.4.bias" of shape torch.Size([400]) does not match corresponding model parameter of shape torch.Size([1]).
Warning: Pretrained parameter "readout.7.weight" cannot be found in model parameters.
Warning: Pretrained parameter "readout.7.bias" cannot be found in model parameters.
Warning: Pretrained parameter "readout.10.weight" cannot be found in model parameters.
Warning: Pretrained parameter "readout.10.bias" cannot be found in model parameters.
Warning: Pretrained parameter "readout.13.weight" cannot be found in model parameters.
Warning: Pretrained parameter "readout.13.bias" cannot be found in model parameters.
Warning: Pretrained parameter "readout.16.weight" cannot be found in model parameters.
Warning: Pretrained parameter "readout.16.bias" cannot be found in model parameters.
Model 12 test rmse = 1.264108
Loading model 13 from KSE_ML_model_files/model_13/model.pt
Loading pretrained parameter "encoder.encoder.cached_zero_vector".
Loading pretrained parameter "encoder.encoder.W_i.weight".
Loading pretrained parameter "encoder.encoder.W_h.weight".
Loading pretrained parameter "encoder.encoder.W_o.weight".
Loading pretrained parameter "encoder.encoder.W_o.bias".
Loading pretrained parameter "encoder.encoder_solvent.cached_zero_vector".
Loading pretrained parameter "encoder.encoder_solvent.W_i.weight".
Loading pretrained parameter "encoder.encoder_solvent.W_h.weight".
Loading pretrained parameter "encoder.encoder_solvent.W_o.weight".
Loading pretrained parameter "encoder.encoder_solvent.W_o.bias".
Loading pretrained parameter "ffn.1.weight".
Loading pretrained parameter "ffn.1.bias".
Loading pretrained parameter "ffn.4.weight".
Loading pretrained parameter "ffn.4.bias".
Loading pretrained parameter "ffn.7.weight".
Loading pretrained parameter "ffn.7.bias".
Loading pretrained parameter "ffn.10.weight".
Loading pretrained parameter "ffn.10.bias".
Loading pretrained parameter "ffn.13.weight".
Loading pretrained parameter "ffn.13.bias".
Loading pretrained parameter "ffn.16.weight".
Loading pretrained parameter "ffn.16.bias".
MoleculeModel(
  (encoder): MPN(
    (encoder): MPNEncoder(
      (dropout): Dropout(p=0.0, inplace=False)
      (act_func): ReLU()
      (W_i): Linear(in_features=193, out_features=900, bias=False)
      (W_h): Linear(in_features=900, out_features=900, bias=False)
      (W_o): Linear(in_features=1065, out_features=900, bias=True)
    )
    (encoder_solvent): MPNEncoder(
      (dropout): Dropout(p=0.0, inplace=False)
      (act_func): ReLU()
      (W_i): Linear(in_features=147, out_features=200, bias=False)
      (W_h): Linear(in_features=200, out_features=200, bias=False)
      (W_o): Linear(in_features=333, out_features=200, bias=True)
    )
  )
  (readout): Sequential(
    (0): Dropout(p=0.0, inplace=False)
    (1): Linear(in_features=1100, out_features=400, bias=True)
    (2): ReLU()
    (3): Dropout(p=0.0, inplace=False)
    (4): Linear(in_features=400, out_features=400, bias=True)
    (5): ReLU()
    (6): Dropout(p=0.0, inplace=False)
    (7): Linear(in_features=400, out_features=400, bias=True)
    (8): ReLU()
    (9): Dropout(p=0.0, inplace=False)
    (10): Linear(in_features=400, out_features=400, bias=True)
    (11): ReLU()
    (12): Dropout(p=0.0, inplace=False)
    (13): Linear(in_features=400, out_features=400, bias=True)
    (14): ReLU()
    (15): Dropout(p=0.0, inplace=False)
    (16): Linear(in_features=400, out_features=2, bias=True)
  )
)
Number of parameters = 3,163,202
Epoch 0
Validation rmse = 1.489959
Epoch 1
Loss = 1.4760e+00, PNorm = 213.6443, GNorm = 5.8651, lr_0 = 7.3564e-04
Validation rmse = 1.496597
Epoch 2
Validation rmse = 1.180211
Epoch 3
Loss = 9.7746e-01, PNorm = 213.6635, GNorm = 5.6885, lr_0 = 1.3594e-04
Validation rmse = 1.295299
Epoch 4
Validation rmse = 1.189514
Model 13 best validation rmse = 1.180211 on epoch 2
Warning: Pretrained parameter "encoder.encoder.cached_zero_vector" of shape torch.Size([900]) does not match corresponding model parameter of shape torch.Size([300]).
Warning: Pretrained parameter "encoder.encoder.W_i.weight" of shape torch.Size([900, 193]) does not match corresponding model parameter of shape torch.Size([300, 193]).
Warning: Pretrained parameter "encoder.encoder.W_h.weight" of shape torch.Size([900, 900]) does not match corresponding model parameter of shape torch.Size([300, 300]).
Warning: Pretrained parameter "encoder.encoder.W_o.weight" of shape torch.Size([900, 1065]) does not match corresponding model parameter of shape torch.Size([300, 465]).
Warning: Pretrained parameter "encoder.encoder.W_o.bias" of shape torch.Size([900]) does not match corresponding model parameter of shape torch.Size([300]).
Warning: Pretrained parameter "encoder.encoder_solvent.cached_zero_vector" of shape torch.Size([200]) does not match corresponding model parameter of shape torch.Size([300]).
Warning: Pretrained parameter "encoder.encoder_solvent.W_i.weight" of shape torch.Size([200, 147]) does not match corresponding model parameter of shape torch.Size([300, 147]).
Warning: Pretrained parameter "encoder.encoder_solvent.W_h.weight" of shape torch.Size([200, 200]) does not match corresponding model parameter of shape torch.Size([300, 300]).
Warning: Pretrained parameter "encoder.encoder_solvent.W_o.weight" of shape torch.Size([200, 333]) does not match corresponding model parameter of shape torch.Size([300, 433]).
Warning: Pretrained parameter "encoder.encoder_solvent.W_o.bias" of shape torch.Size([200]) does not match corresponding model parameter of shape torch.Size([300]).
Warning: Pretrained parameter "readout.1.weight" of shape torch.Size([400, 1100]) does not match corresponding model parameter of shape torch.Size([300, 600]).
Warning: Pretrained parameter "readout.1.bias" of shape torch.Size([400]) does not match corresponding model parameter of shape torch.Size([300]).
Warning: Pretrained parameter "readout.4.weight" of shape torch.Size([400, 400]) does not match corresponding model parameter of shape torch.Size([1, 300]).
Warning: Pretrained parameter "readout.4.bias" of shape torch.Size([400]) does not match corresponding model parameter of shape torch.Size([1]).
Warning: Pretrained parameter "readout.7.weight" cannot be found in model parameters.
Warning: Pretrained parameter "readout.7.bias" cannot be found in model parameters.
Warning: Pretrained parameter "readout.10.weight" cannot be found in model parameters.
Warning: Pretrained parameter "readout.10.bias" cannot be found in model parameters.
Warning: Pretrained parameter "readout.13.weight" cannot be found in model parameters.
Warning: Pretrained parameter "readout.13.bias" cannot be found in model parameters.
Warning: Pretrained parameter "readout.16.weight" cannot be found in model parameters.
Warning: Pretrained parameter "readout.16.bias" cannot be found in model parameters.
Model 13 test rmse = 1.235709
Loading model 14 from KSE_ML_model_files/model_14/model.pt
Loading pretrained parameter "encoder.encoder.cached_zero_vector".
Loading pretrained parameter "encoder.encoder.W_i.weight".
Loading pretrained parameter "encoder.encoder.W_h.weight".
Loading pretrained parameter "encoder.encoder.W_o.weight".
Loading pretrained parameter "encoder.encoder.W_o.bias".
Loading pretrained parameter "encoder.encoder_solvent.cached_zero_vector".
Loading pretrained parameter "encoder.encoder_solvent.W_i.weight".
Loading pretrained parameter "encoder.encoder_solvent.W_h.weight".
Loading pretrained parameter "encoder.encoder_solvent.W_o.weight".
Loading pretrained parameter "encoder.encoder_solvent.W_o.bias".
Loading pretrained parameter "ffn.1.weight".
Loading pretrained parameter "ffn.1.bias".
Loading pretrained parameter "ffn.4.weight".
Loading pretrained parameter "ffn.4.bias".
Loading pretrained parameter "ffn.7.weight".
Loading pretrained parameter "ffn.7.bias".
Loading pretrained parameter "ffn.10.weight".
Loading pretrained parameter "ffn.10.bias".
Loading pretrained parameter "ffn.13.weight".
Loading pretrained parameter "ffn.13.bias".
Loading pretrained parameter "ffn.16.weight".
Loading pretrained parameter "ffn.16.bias".
MoleculeModel(
  (encoder): MPN(
    (encoder): MPNEncoder(
      (dropout): Dropout(p=0.0, inplace=False)
      (act_func): ReLU()
      (W_i): Linear(in_features=193, out_features=900, bias=False)
      (W_h): Linear(in_features=900, out_features=900, bias=False)
      (W_o): Linear(in_features=1065, out_features=900, bias=True)
    )
    (encoder_solvent): MPNEncoder(
      (dropout): Dropout(p=0.0, inplace=False)
      (act_func): ReLU()
      (W_i): Linear(in_features=147, out_features=200, bias=False)
      (W_h): Linear(in_features=200, out_features=200, bias=False)
      (W_o): Linear(in_features=333, out_features=200, bias=True)
    )
  )
  (readout): Sequential(
    (0): Dropout(p=0.0, inplace=False)
    (1): Linear(in_features=1100, out_features=400, bias=True)
    (2): ReLU()
    (3): Dropout(p=0.0, inplace=False)
    (4): Linear(in_features=400, out_features=400, bias=True)
    (5): ReLU()
    (6): Dropout(p=0.0, inplace=False)
    (7): Linear(in_features=400, out_features=400, bias=True)
    (8): ReLU()
    (9): Dropout(p=0.0, inplace=False)
    (10): Linear(in_features=400, out_features=400, bias=True)
    (11): ReLU()
    (12): Dropout(p=0.0, inplace=False)
    (13): Linear(in_features=400, out_features=400, bias=True)
    (14): ReLU()
    (15): Dropout(p=0.0, inplace=False)
    (16): Linear(in_features=400, out_features=2, bias=True)
  )
)
Number of parameters = 3,163,202
Epoch 0
Validation rmse = 1.636222
Epoch 1
Loss = 1.8259e+00, PNorm = 212.8180, GNorm = 3.2802, lr_0 = 7.3564e-04
Validation rmse = 1.471968
Epoch 2
Validation rmse = 1.440863
Epoch 3
Loss = 1.1654e+00, PNorm = 212.8413, GNorm = 7.2971, lr_0 = 1.3594e-04
Validation rmse = 1.367839
Epoch 4
Validation rmse = 1.320722
Model 14 best validation rmse = 1.320722 on epoch 4
Warning: Pretrained parameter "encoder.encoder.cached_zero_vector" of shape torch.Size([900]) does not match corresponding model parameter of shape torch.Size([300]).
Warning: Pretrained parameter "encoder.encoder.W_i.weight" of shape torch.Size([900, 193]) does not match corresponding model parameter of shape torch.Size([300, 193]).
Warning: Pretrained parameter "encoder.encoder.W_h.weight" of shape torch.Size([900, 900]) does not match corresponding model parameter of shape torch.Size([300, 300]).
Warning: Pretrained parameter "encoder.encoder.W_o.weight" of shape torch.Size([900, 1065]) does not match corresponding model parameter of shape torch.Size([300, 465]).
Warning: Pretrained parameter "encoder.encoder.W_o.bias" of shape torch.Size([900]) does not match corresponding model parameter of shape torch.Size([300]).
Warning: Pretrained parameter "encoder.encoder_solvent.cached_zero_vector" of shape torch.Size([200]) does not match corresponding model parameter of shape torch.Size([300]).
Warning: Pretrained parameter "encoder.encoder_solvent.W_i.weight" of shape torch.Size([200, 147]) does not match corresponding model parameter of shape torch.Size([300, 147]).
Warning: Pretrained parameter "encoder.encoder_solvent.W_h.weight" of shape torch.Size([200, 200]) does not match corresponding model parameter of shape torch.Size([300, 300]).
Warning: Pretrained parameter "encoder.encoder_solvent.W_o.weight" of shape torch.Size([200, 333]) does not match corresponding model parameter of shape torch.Size([300, 433]).
Warning: Pretrained parameter "encoder.encoder_solvent.W_o.bias" of shape torch.Size([200]) does not match corresponding model parameter of shape torch.Size([300]).
Warning: Pretrained parameter "readout.1.weight" of shape torch.Size([400, 1100]) does not match corresponding model parameter of shape torch.Size([300, 600]).
Warning: Pretrained parameter "readout.1.bias" of shape torch.Size([400]) does not match corresponding model parameter of shape torch.Size([300]).
Warning: Pretrained parameter "readout.4.weight" of shape torch.Size([400, 400]) does not match corresponding model parameter of shape torch.Size([1, 300]).
Warning: Pretrained parameter "readout.4.bias" of shape torch.Size([400]) does not match corresponding model parameter of shape torch.Size([1]).
Warning: Pretrained parameter "readout.7.weight" cannot be found in model parameters.
Warning: Pretrained parameter "readout.7.bias" cannot be found in model parameters.
Warning: Pretrained parameter "readout.10.weight" cannot be found in model parameters.
Warning: Pretrained parameter "readout.10.bias" cannot be found in model parameters.
Warning: Pretrained parameter "readout.13.weight" cannot be found in model parameters.
Warning: Pretrained parameter "readout.13.bias" cannot be found in model parameters.
Warning: Pretrained parameter "readout.16.weight" cannot be found in model parameters.
Warning: Pretrained parameter "readout.16.bias" cannot be found in model parameters.
Model 14 test rmse = 1.218441
Loading model 15 from KSE_ML_model_files/model_15/model.pt
Loading pretrained parameter "encoder.encoder.cached_zero_vector".
Loading pretrained parameter "encoder.encoder.W_i.weight".
Loading pretrained parameter "encoder.encoder.W_h.weight".
Loading pretrained parameter "encoder.encoder.W_o.weight".
Loading pretrained parameter "encoder.encoder.W_o.bias".
Loading pretrained parameter "encoder.encoder_solvent.cached_zero_vector".
Loading pretrained parameter "encoder.encoder_solvent.W_i.weight".
Loading pretrained parameter "encoder.encoder_solvent.W_h.weight".
Loading pretrained parameter "encoder.encoder_solvent.W_o.weight".
Loading pretrained parameter "encoder.encoder_solvent.W_o.bias".
Loading pretrained parameter "ffn.1.weight".
Loading pretrained parameter "ffn.1.bias".
Loading pretrained parameter "ffn.4.weight".
Loading pretrained parameter "ffn.4.bias".
Loading pretrained parameter "ffn.7.weight".
Loading pretrained parameter "ffn.7.bias".
Loading pretrained parameter "ffn.10.weight".
Loading pretrained parameter "ffn.10.bias".
Loading pretrained parameter "ffn.13.weight".
Loading pretrained parameter "ffn.13.bias".
Loading pretrained parameter "ffn.16.weight".
Loading pretrained parameter "ffn.16.bias".
MoleculeModel(
  (encoder): MPN(
    (encoder): MPNEncoder(
      (dropout): Dropout(p=0.0, inplace=False)
      (act_func): ReLU()
      (W_i): Linear(in_features=193, out_features=900, bias=False)
      (W_h): Linear(in_features=900, out_features=900, bias=False)
      (W_o): Linear(in_features=1065, out_features=900, bias=True)
    )
    (encoder_solvent): MPNEncoder(
      (dropout): Dropout(p=0.0, inplace=False)
      (act_func): ReLU()
      (W_i): Linear(in_features=147, out_features=200, bias=False)
      (W_h): Linear(in_features=200, out_features=200, bias=False)
      (W_o): Linear(in_features=333, out_features=200, bias=True)
    )
  )
  (readout): Sequential(
    (0): Dropout(p=0.0, inplace=False)
    (1): Linear(in_features=1100, out_features=400, bias=True)
    (2): ReLU()
    (3): Dropout(p=0.0, inplace=False)
    (4): Linear(in_features=400, out_features=400, bias=True)
    (5): ReLU()
    (6): Dropout(p=0.0, inplace=False)
    (7): Linear(in_features=400, out_features=400, bias=True)
    (8): ReLU()
    (9): Dropout(p=0.0, inplace=False)
    (10): Linear(in_features=400, out_features=400, bias=True)
    (11): ReLU()
    (12): Dropout(p=0.0, inplace=False)
    (13): Linear(in_features=400, out_features=400, bias=True)
    (14): ReLU()
    (15): Dropout(p=0.0, inplace=False)
    (16): Linear(in_features=400, out_features=2, bias=True)
  )
)
Number of parameters = 3,163,202
Epoch 0
Validation rmse = 1.511646
Epoch 1
Loss = 1.5723e+00, PNorm = 213.2319, GNorm = 17.6943, lr_0 = 7.3564e-04
Validation rmse = 1.383336
Epoch 2
Validation rmse = 1.500425
Epoch 3
Loss = 1.2055e+00, PNorm = 213.2550, GNorm = 7.2168, lr_0 = 1.3594e-04
Validation rmse = 1.322287
Epoch 4
Validation rmse = 1.221023
Model 15 best validation rmse = 1.221023 on epoch 4
Warning: Pretrained parameter "encoder.encoder.cached_zero_vector" of shape torch.Size([900]) does not match corresponding model parameter of shape torch.Size([300]).
Warning: Pretrained parameter "encoder.encoder.W_i.weight" of shape torch.Size([900, 193]) does not match corresponding model parameter of shape torch.Size([300, 193]).
Warning: Pretrained parameter "encoder.encoder.W_h.weight" of shape torch.Size([900, 900]) does not match corresponding model parameter of shape torch.Size([300, 300]).
Warning: Pretrained parameter "encoder.encoder.W_o.weight" of shape torch.Size([900, 1065]) does not match corresponding model parameter of shape torch.Size([300, 465]).
Warning: Pretrained parameter "encoder.encoder.W_o.bias" of shape torch.Size([900]) does not match corresponding model parameter of shape torch.Size([300]).
Warning: Pretrained parameter "encoder.encoder_solvent.cached_zero_vector" of shape torch.Size([200]) does not match corresponding model parameter of shape torch.Size([300]).
Warning: Pretrained parameter "encoder.encoder_solvent.W_i.weight" of shape torch.Size([200, 147]) does not match corresponding model parameter of shape torch.Size([300, 147]).
Warning: Pretrained parameter "encoder.encoder_solvent.W_h.weight" of shape torch.Size([200, 200]) does not match corresponding model parameter of shape torch.Size([300, 300]).
Warning: Pretrained parameter "encoder.encoder_solvent.W_o.weight" of shape torch.Size([200, 333]) does not match corresponding model parameter of shape torch.Size([300, 433]).
Warning: Pretrained parameter "encoder.encoder_solvent.W_o.bias" of shape torch.Size([200]) does not match corresponding model parameter of shape torch.Size([300]).
Warning: Pretrained parameter "readout.1.weight" of shape torch.Size([400, 1100]) does not match corresponding model parameter of shape torch.Size([300, 600]).
Warning: Pretrained parameter "readout.1.bias" of shape torch.Size([400]) does not match corresponding model parameter of shape torch.Size([300]).
Warning: Pretrained parameter "readout.4.weight" of shape torch.Size([400, 400]) does not match corresponding model parameter of shape torch.Size([1, 300]).
Warning: Pretrained parameter "readout.4.bias" of shape torch.Size([400]) does not match corresponding model parameter of shape torch.Size([1]).
Warning: Pretrained parameter "readout.7.weight" cannot be found in model parameters.
Warning: Pretrained parameter "readout.7.bias" cannot be found in model parameters.
Warning: Pretrained parameter "readout.10.weight" cannot be found in model parameters.
Warning: Pretrained parameter "readout.10.bias" cannot be found in model parameters.
Warning: Pretrained parameter "readout.13.weight" cannot be found in model parameters.
Warning: Pretrained parameter "readout.13.bias" cannot be found in model parameters.
Warning: Pretrained parameter "readout.16.weight" cannot be found in model parameters.
Warning: Pretrained parameter "readout.16.bias" cannot be found in model parameters.
Model 15 test rmse = 1.255235
Loading model 16 from KSE_ML_model_files/model_16/model.pt
Loading pretrained parameter "encoder.encoder.cached_zero_vector".
Loading pretrained parameter "encoder.encoder.W_i.weight".
Loading pretrained parameter "encoder.encoder.W_h.weight".
Loading pretrained parameter "encoder.encoder.W_o.weight".
Loading pretrained parameter "encoder.encoder.W_o.bias".
Loading pretrained parameter "encoder.encoder_solvent.cached_zero_vector".
Loading pretrained parameter "encoder.encoder_solvent.W_i.weight".
Loading pretrained parameter "encoder.encoder_solvent.W_h.weight".
Loading pretrained parameter "encoder.encoder_solvent.W_o.weight".
Loading pretrained parameter "encoder.encoder_solvent.W_o.bias".
Loading pretrained parameter "ffn.1.weight".
Loading pretrained parameter "ffn.1.bias".
Loading pretrained parameter "ffn.4.weight".
Loading pretrained parameter "ffn.4.bias".
Loading pretrained parameter "ffn.7.weight".
Loading pretrained parameter "ffn.7.bias".
Loading pretrained parameter "ffn.10.weight".
Loading pretrained parameter "ffn.10.bias".
Loading pretrained parameter "ffn.13.weight".
Loading pretrained parameter "ffn.13.bias".
Loading pretrained parameter "ffn.16.weight".
Loading pretrained parameter "ffn.16.bias".
MoleculeModel(
  (encoder): MPN(
    (encoder): MPNEncoder(
      (dropout): Dropout(p=0.0, inplace=False)
      (act_func): ReLU()
      (W_i): Linear(in_features=193, out_features=900, bias=False)
      (W_h): Linear(in_features=900, out_features=900, bias=False)
      (W_o): Linear(in_features=1065, out_features=900, bias=True)
    )
    (encoder_solvent): MPNEncoder(
      (dropout): Dropout(p=0.0, inplace=False)
      (act_func): ReLU()
      (W_i): Linear(in_features=147, out_features=200, bias=False)
      (W_h): Linear(in_features=200, out_features=200, bias=False)
      (W_o): Linear(in_features=333, out_features=200, bias=True)
    )
  )
  (readout): Sequential(
    (0): Dropout(p=0.0, inplace=False)
    (1): Linear(in_features=1100, out_features=400, bias=True)
    (2): ReLU()
    (3): Dropout(p=0.0, inplace=False)
    (4): Linear(in_features=400, out_features=400, bias=True)
    (5): ReLU()
    (6): Dropout(p=0.0, inplace=False)
    (7): Linear(in_features=400, out_features=400, bias=True)
    (8): ReLU()
    (9): Dropout(p=0.0, inplace=False)
    (10): Linear(in_features=400, out_features=400, bias=True)
    (11): ReLU()
    (12): Dropout(p=0.0, inplace=False)
    (13): Linear(in_features=400, out_features=400, bias=True)
    (14): ReLU()
    (15): Dropout(p=0.0, inplace=False)
    (16): Linear(in_features=400, out_features=2, bias=True)
  )
)
Number of parameters = 3,163,202
Epoch 0
Validation rmse = 1.493306
Epoch 1
Loss = 1.3659e+00, PNorm = 213.8418, GNorm = 7.4172, lr_0 = 7.3564e-04
Validation rmse = 1.286314
Epoch 2
Validation rmse = 1.444519
Epoch 3
Loss = 9.7173e-01, PNorm = 213.8670, GNorm = 3.8587, lr_0 = 1.3594e-04
Validation rmse = 1.231578
Epoch 4
Validation rmse = 1.189446
Model 16 best validation rmse = 1.189446 on epoch 4
Warning: Pretrained parameter "encoder.encoder.cached_zero_vector" of shape torch.Size([900]) does not match corresponding model parameter of shape torch.Size([300]).
Warning: Pretrained parameter "encoder.encoder.W_i.weight" of shape torch.Size([900, 193]) does not match corresponding model parameter of shape torch.Size([300, 193]).
Warning: Pretrained parameter "encoder.encoder.W_h.weight" of shape torch.Size([900, 900]) does not match corresponding model parameter of shape torch.Size([300, 300]).
Warning: Pretrained parameter "encoder.encoder.W_o.weight" of shape torch.Size([900, 1065]) does not match corresponding model parameter of shape torch.Size([300, 465]).
Warning: Pretrained parameter "encoder.encoder.W_o.bias" of shape torch.Size([900]) does not match corresponding model parameter of shape torch.Size([300]).
Warning: Pretrained parameter "encoder.encoder_solvent.cached_zero_vector" of shape torch.Size([200]) does not match corresponding model parameter of shape torch.Size([300]).
Warning: Pretrained parameter "encoder.encoder_solvent.W_i.weight" of shape torch.Size([200, 147]) does not match corresponding model parameter of shape torch.Size([300, 147]).
Warning: Pretrained parameter "encoder.encoder_solvent.W_h.weight" of shape torch.Size([200, 200]) does not match corresponding model parameter of shape torch.Size([300, 300]).
Warning: Pretrained parameter "encoder.encoder_solvent.W_o.weight" of shape torch.Size([200, 333]) does not match corresponding model parameter of shape torch.Size([300, 433]).
Warning: Pretrained parameter "encoder.encoder_solvent.W_o.bias" of shape torch.Size([200]) does not match corresponding model parameter of shape torch.Size([300]).
Warning: Pretrained parameter "readout.1.weight" of shape torch.Size([400, 1100]) does not match corresponding model parameter of shape torch.Size([300, 600]).
Warning: Pretrained parameter "readout.1.bias" of shape torch.Size([400]) does not match corresponding model parameter of shape torch.Size([300]).
Warning: Pretrained parameter "readout.4.weight" of shape torch.Size([400, 400]) does not match corresponding model parameter of shape torch.Size([1, 300]).
Warning: Pretrained parameter "readout.4.bias" of shape torch.Size([400]) does not match corresponding model parameter of shape torch.Size([1]).
Warning: Pretrained parameter "readout.7.weight" cannot be found in model parameters.
Warning: Pretrained parameter "readout.7.bias" cannot be found in model parameters.
Warning: Pretrained parameter "readout.10.weight" cannot be found in model parameters.
Warning: Pretrained parameter "readout.10.bias" cannot be found in model parameters.
Warning: Pretrained parameter "readout.13.weight" cannot be found in model parameters.
Warning: Pretrained parameter "readout.13.bias" cannot be found in model parameters.
Warning: Pretrained parameter "readout.16.weight" cannot be found in model parameters.
Warning: Pretrained parameter "readout.16.bias" cannot be found in model parameters.
Model 16 test rmse = 1.437378
Loading model 17 from KSE_ML_model_files/model_17/model.pt
Loading pretrained parameter "encoder.encoder.cached_zero_vector".
Loading pretrained parameter "encoder.encoder.W_i.weight".
Loading pretrained parameter "encoder.encoder.W_h.weight".
Loading pretrained parameter "encoder.encoder.W_o.weight".
Loading pretrained parameter "encoder.encoder.W_o.bias".
Loading pretrained parameter "encoder.encoder_solvent.cached_zero_vector".
Loading pretrained parameter "encoder.encoder_solvent.W_i.weight".
Loading pretrained parameter "encoder.encoder_solvent.W_h.weight".
Loading pretrained parameter "encoder.encoder_solvent.W_o.weight".
Loading pretrained parameter "encoder.encoder_solvent.W_o.bias".
Loading pretrained parameter "ffn.1.weight".
Loading pretrained parameter "ffn.1.bias".
Loading pretrained parameter "ffn.4.weight".
Loading pretrained parameter "ffn.4.bias".
Loading pretrained parameter "ffn.7.weight".
Loading pretrained parameter "ffn.7.bias".
Loading pretrained parameter "ffn.10.weight".
Loading pretrained parameter "ffn.10.bias".
Loading pretrained parameter "ffn.13.weight".
Loading pretrained parameter "ffn.13.bias".
Loading pretrained parameter "ffn.16.weight".
Loading pretrained parameter "ffn.16.bias".
MoleculeModel(
  (encoder): MPN(
    (encoder): MPNEncoder(
      (dropout): Dropout(p=0.0, inplace=False)
      (act_func): ReLU()
      (W_i): Linear(in_features=193, out_features=900, bias=False)
      (W_h): Linear(in_features=900, out_features=900, bias=False)
      (W_o): Linear(in_features=1065, out_features=900, bias=True)
    )
    (encoder_solvent): MPNEncoder(
      (dropout): Dropout(p=0.0, inplace=False)
      (act_func): ReLU()
      (W_i): Linear(in_features=147, out_features=200, bias=False)
      (W_h): Linear(in_features=200, out_features=200, bias=False)
      (W_o): Linear(in_features=333, out_features=200, bias=True)
    )
  )
  (readout): Sequential(
    (0): Dropout(p=0.0, inplace=False)
    (1): Linear(in_features=1100, out_features=400, bias=True)
    (2): ReLU()
    (3): Dropout(p=0.0, inplace=False)
    (4): Linear(in_features=400, out_features=400, bias=True)
    (5): ReLU()
    (6): Dropout(p=0.0, inplace=False)
    (7): Linear(in_features=400, out_features=400, bias=True)
    (8): ReLU()
    (9): Dropout(p=0.0, inplace=False)
    (10): Linear(in_features=400, out_features=400, bias=True)
    (11): ReLU()
    (12): Dropout(p=0.0, inplace=False)
    (13): Linear(in_features=400, out_features=400, bias=True)
    (14): ReLU()
    (15): Dropout(p=0.0, inplace=False)
    (16): Linear(in_features=400, out_features=2, bias=True)
  )
)
Number of parameters = 3,163,202
Epoch 0
Validation rmse = 1.371744
Epoch 1
Loss = 1.3756e+00, PNorm = 213.2301, GNorm = 21.5595, lr_0 = 7.3564e-04
Validation rmse = 1.779504
Epoch 2
Validation rmse = 1.307549
Epoch 3
Loss = 1.1830e+00, PNorm = 213.2503, GNorm = 10.0907, lr_0 = 1.3594e-04
Validation rmse = 1.237577
Epoch 4
Validation rmse = 1.259679
Model 17 best validation rmse = 1.237577 on epoch 3
Warning: Pretrained parameter "encoder.encoder.cached_zero_vector" of shape torch.Size([900]) does not match corresponding model parameter of shape torch.Size([300]).
Warning: Pretrained parameter "encoder.encoder.W_i.weight" of shape torch.Size([900, 193]) does not match corresponding model parameter of shape torch.Size([300, 193]).
Warning: Pretrained parameter "encoder.encoder.W_h.weight" of shape torch.Size([900, 900]) does not match corresponding model parameter of shape torch.Size([300, 300]).
Warning: Pretrained parameter "encoder.encoder.W_o.weight" of shape torch.Size([900, 1065]) does not match corresponding model parameter of shape torch.Size([300, 465]).
Warning: Pretrained parameter "encoder.encoder.W_o.bias" of shape torch.Size([900]) does not match corresponding model parameter of shape torch.Size([300]).
Warning: Pretrained parameter "encoder.encoder_solvent.cached_zero_vector" of shape torch.Size([200]) does not match corresponding model parameter of shape torch.Size([300]).
Warning: Pretrained parameter "encoder.encoder_solvent.W_i.weight" of shape torch.Size([200, 147]) does not match corresponding model parameter of shape torch.Size([300, 147]).
Warning: Pretrained parameter "encoder.encoder_solvent.W_h.weight" of shape torch.Size([200, 200]) does not match corresponding model parameter of shape torch.Size([300, 300]).
Warning: Pretrained parameter "encoder.encoder_solvent.W_o.weight" of shape torch.Size([200, 333]) does not match corresponding model parameter of shape torch.Size([300, 433]).
Warning: Pretrained parameter "encoder.encoder_solvent.W_o.bias" of shape torch.Size([200]) does not match corresponding model parameter of shape torch.Size([300]).
Warning: Pretrained parameter "readout.1.weight" of shape torch.Size([400, 1100]) does not match corresponding model parameter of shape torch.Size([300, 600]).
Warning: Pretrained parameter "readout.1.bias" of shape torch.Size([400]) does not match corresponding model parameter of shape torch.Size([300]).
Warning: Pretrained parameter "readout.4.weight" of shape torch.Size([400, 400]) does not match corresponding model parameter of shape torch.Size([1, 300]).
Warning: Pretrained parameter "readout.4.bias" of shape torch.Size([400]) does not match corresponding model parameter of shape torch.Size([1]).
Warning: Pretrained parameter "readout.7.weight" cannot be found in model parameters.
Warning: Pretrained parameter "readout.7.bias" cannot be found in model parameters.
Warning: Pretrained parameter "readout.10.weight" cannot be found in model parameters.
Warning: Pretrained parameter "readout.10.bias" cannot be found in model parameters.
Warning: Pretrained parameter "readout.13.weight" cannot be found in model parameters.
Warning: Pretrained parameter "readout.13.bias" cannot be found in model parameters.
Warning: Pretrained parameter "readout.16.weight" cannot be found in model parameters.
Warning: Pretrained parameter "readout.16.bias" cannot be found in model parameters.
Model 17 test rmse = 1.343949
Loading model 18 from KSE_ML_model_files/model_18/model.pt
Loading pretrained parameter "encoder.encoder.cached_zero_vector".
Loading pretrained parameter "encoder.encoder.W_i.weight".
Loading pretrained parameter "encoder.encoder.W_h.weight".
Loading pretrained parameter "encoder.encoder.W_o.weight".
Loading pretrained parameter "encoder.encoder.W_o.bias".
Loading pretrained parameter "encoder.encoder_solvent.cached_zero_vector".
Loading pretrained parameter "encoder.encoder_solvent.W_i.weight".
Loading pretrained parameter "encoder.encoder_solvent.W_h.weight".
Loading pretrained parameter "encoder.encoder_solvent.W_o.weight".
Loading pretrained parameter "encoder.encoder_solvent.W_o.bias".
Loading pretrained parameter "ffn.1.weight".
Loading pretrained parameter "ffn.1.bias".
Loading pretrained parameter "ffn.4.weight".
Loading pretrained parameter "ffn.4.bias".
Loading pretrained parameter "ffn.7.weight".
Loading pretrained parameter "ffn.7.bias".
Loading pretrained parameter "ffn.10.weight".
Loading pretrained parameter "ffn.10.bias".
Loading pretrained parameter "ffn.13.weight".
Loading pretrained parameter "ffn.13.bias".
Loading pretrained parameter "ffn.16.weight".
Loading pretrained parameter "ffn.16.bias".
MoleculeModel(
  (encoder): MPN(
    (encoder): MPNEncoder(
      (dropout): Dropout(p=0.0, inplace=False)
      (act_func): ReLU()
      (W_i): Linear(in_features=193, out_features=900, bias=False)
      (W_h): Linear(in_features=900, out_features=900, bias=False)
      (W_o): Linear(in_features=1065, out_features=900, bias=True)
    )
    (encoder_solvent): MPNEncoder(
      (dropout): Dropout(p=0.0, inplace=False)
      (act_func): ReLU()
      (W_i): Linear(in_features=147, out_features=200, bias=False)
      (W_h): Linear(in_features=200, out_features=200, bias=False)
      (W_o): Linear(in_features=333, out_features=200, bias=True)
    )
  )
  (readout): Sequential(
    (0): Dropout(p=0.0, inplace=False)
    (1): Linear(in_features=1100, out_features=400, bias=True)
    (2): ReLU()
    (3): Dropout(p=0.0, inplace=False)
    (4): Linear(in_features=400, out_features=400, bias=True)
    (5): ReLU()
    (6): Dropout(p=0.0, inplace=False)
    (7): Linear(in_features=400, out_features=400, bias=True)
    (8): ReLU()
    (9): Dropout(p=0.0, inplace=False)
    (10): Linear(in_features=400, out_features=400, bias=True)
    (11): ReLU()
    (12): Dropout(p=0.0, inplace=False)
    (13): Linear(in_features=400, out_features=400, bias=True)
    (14): ReLU()
    (15): Dropout(p=0.0, inplace=False)
    (16): Linear(in_features=400, out_features=2, bias=True)
  )
)
Number of parameters = 3,163,202
Epoch 0
Validation rmse = 1.362477
Epoch 1
Loss = 1.0710e+00, PNorm = 213.2588, GNorm = 9.3134, lr_0 = 7.3564e-04
Validation rmse = 1.286927
Epoch 2
Validation rmse = 1.084780
Epoch 3
Loss = 7.4100e-01, PNorm = 213.2776, GNorm = 6.0503, lr_0 = 1.3594e-04
Validation rmse = 1.220642
Epoch 4
Validation rmse = 1.139626
Model 18 best validation rmse = 1.084780 on epoch 2
Warning: Pretrained parameter "encoder.encoder.cached_zero_vector" of shape torch.Size([900]) does not match corresponding model parameter of shape torch.Size([300]).
Warning: Pretrained parameter "encoder.encoder.W_i.weight" of shape torch.Size([900, 193]) does not match corresponding model parameter of shape torch.Size([300, 193]).
Warning: Pretrained parameter "encoder.encoder.W_h.weight" of shape torch.Size([900, 900]) does not match corresponding model parameter of shape torch.Size([300, 300]).
Warning: Pretrained parameter "encoder.encoder.W_o.weight" of shape torch.Size([900, 1065]) does not match corresponding model parameter of shape torch.Size([300, 465]).
Warning: Pretrained parameter "encoder.encoder.W_o.bias" of shape torch.Size([900]) does not match corresponding model parameter of shape torch.Size([300]).
Warning: Pretrained parameter "encoder.encoder_solvent.cached_zero_vector" of shape torch.Size([200]) does not match corresponding model parameter of shape torch.Size([300]).
Warning: Pretrained parameter "encoder.encoder_solvent.W_i.weight" of shape torch.Size([200, 147]) does not match corresponding model parameter of shape torch.Size([300, 147]).
Warning: Pretrained parameter "encoder.encoder_solvent.W_h.weight" of shape torch.Size([200, 200]) does not match corresponding model parameter of shape torch.Size([300, 300]).
Warning: Pretrained parameter "encoder.encoder_solvent.W_o.weight" of shape torch.Size([200, 333]) does not match corresponding model parameter of shape torch.Size([300, 433]).
Warning: Pretrained parameter "encoder.encoder_solvent.W_o.bias" of shape torch.Size([200]) does not match corresponding model parameter of shape torch.Size([300]).
Warning: Pretrained parameter "readout.1.weight" of shape torch.Size([400, 1100]) does not match corresponding model parameter of shape torch.Size([300, 600]).
Warning: Pretrained parameter "readout.1.bias" of shape torch.Size([400]) does not match corresponding model parameter of shape torch.Size([300]).
Warning: Pretrained parameter "readout.4.weight" of shape torch.Size([400, 400]) does not match corresponding model parameter of shape torch.Size([1, 300]).
Warning: Pretrained parameter "readout.4.bias" of shape torch.Size([400]) does not match corresponding model parameter of shape torch.Size([1]).
Warning: Pretrained parameter "readout.7.weight" cannot be found in model parameters.
Warning: Pretrained parameter "readout.7.bias" cannot be found in model parameters.
Warning: Pretrained parameter "readout.10.weight" cannot be found in model parameters.
Warning: Pretrained parameter "readout.10.bias" cannot be found in model parameters.
Warning: Pretrained parameter "readout.13.weight" cannot be found in model parameters.
Warning: Pretrained parameter "readout.13.bias" cannot be found in model parameters.
Warning: Pretrained parameter "readout.16.weight" cannot be found in model parameters.
Warning: Pretrained parameter "readout.16.bias" cannot be found in model parameters.
Model 18 test rmse = 1.234609
Loading model 19 from KSE_ML_model_files/model_19/model.pt
Loading pretrained parameter "encoder.encoder.cached_zero_vector".
Loading pretrained parameter "encoder.encoder.W_i.weight".
Loading pretrained parameter "encoder.encoder.W_h.weight".
Loading pretrained parameter "encoder.encoder.W_o.weight".
Loading pretrained parameter "encoder.encoder.W_o.bias".
Loading pretrained parameter "encoder.encoder_solvent.cached_zero_vector".
Loading pretrained parameter "encoder.encoder_solvent.W_i.weight".
Loading pretrained parameter "encoder.encoder_solvent.W_h.weight".
Loading pretrained parameter "encoder.encoder_solvent.W_o.weight".
Loading pretrained parameter "encoder.encoder_solvent.W_o.bias".
Loading pretrained parameter "ffn.1.weight".
Loading pretrained parameter "ffn.1.bias".
Loading pretrained parameter "ffn.4.weight".
Loading pretrained parameter "ffn.4.bias".
Loading pretrained parameter "ffn.7.weight".
Loading pretrained parameter "ffn.7.bias".
Loading pretrained parameter "ffn.10.weight".
Loading pretrained parameter "ffn.10.bias".
Loading pretrained parameter "ffn.13.weight".
Loading pretrained parameter "ffn.13.bias".
Loading pretrained parameter "ffn.16.weight".
Loading pretrained parameter "ffn.16.bias".
MoleculeModel(
  (encoder): MPN(
    (encoder): MPNEncoder(
      (dropout): Dropout(p=0.0, inplace=False)
      (act_func): ReLU()
      (W_i): Linear(in_features=193, out_features=900, bias=False)
      (W_h): Linear(in_features=900, out_features=900, bias=False)
      (W_o): Linear(in_features=1065, out_features=900, bias=True)
    )
    (encoder_solvent): MPNEncoder(
      (dropout): Dropout(p=0.0, inplace=False)
      (act_func): ReLU()
      (W_i): Linear(in_features=147, out_features=200, bias=False)
      (W_h): Linear(in_features=200, out_features=200, bias=False)
      (W_o): Linear(in_features=333, out_features=200, bias=True)
    )
  )
  (readout): Sequential(
    (0): Dropout(p=0.0, inplace=False)
    (1): Linear(in_features=1100, out_features=400, bias=True)
    (2): ReLU()
    (3): Dropout(p=0.0, inplace=False)
    (4): Linear(in_features=400, out_features=400, bias=True)
    (5): ReLU()
    (6): Dropout(p=0.0, inplace=False)
    (7): Linear(in_features=400, out_features=400, bias=True)
    (8): ReLU()
    (9): Dropout(p=0.0, inplace=False)
    (10): Linear(in_features=400, out_features=400, bias=True)
    (11): ReLU()
    (12): Dropout(p=0.0, inplace=False)
    (13): Linear(in_features=400, out_features=400, bias=True)
    (14): ReLU()
    (15): Dropout(p=0.0, inplace=False)
    (16): Linear(in_features=400, out_features=2, bias=True)
  )
)
Number of parameters = 3,163,202
Epoch 0
Validation rmse = 1.249863
Epoch 1
Loss = 1.1548e+00, PNorm = 213.8323, GNorm = 3.8918, lr_0 = 7.3564e-04
Validation rmse = 1.245852
Epoch 2
Validation rmse = 1.130789
Epoch 3
Loss = 7.7173e-01, PNorm = 213.8516, GNorm = 2.5126, lr_0 = 1.3594e-04
Validation rmse = 1.209706
Epoch 4
Validation rmse = 1.145409
Model 19 best validation rmse = 1.130789 on epoch 2
Warning: Pretrained parameter "encoder.encoder.cached_zero_vector" of shape torch.Size([900]) does not match corresponding model parameter of shape torch.Size([300]).
Warning: Pretrained parameter "encoder.encoder.W_i.weight" of shape torch.Size([900, 193]) does not match corresponding model parameter of shape torch.Size([300, 193]).
Warning: Pretrained parameter "encoder.encoder.W_h.weight" of shape torch.Size([900, 900]) does not match corresponding model parameter of shape torch.Size([300, 300]).
Warning: Pretrained parameter "encoder.encoder.W_o.weight" of shape torch.Size([900, 1065]) does not match corresponding model parameter of shape torch.Size([300, 465]).
Warning: Pretrained parameter "encoder.encoder.W_o.bias" of shape torch.Size([900]) does not match corresponding model parameter of shape torch.Size([300]).
Warning: Pretrained parameter "encoder.encoder_solvent.cached_zero_vector" of shape torch.Size([200]) does not match corresponding model parameter of shape torch.Size([300]).
Warning: Pretrained parameter "encoder.encoder_solvent.W_i.weight" of shape torch.Size([200, 147]) does not match corresponding model parameter of shape torch.Size([300, 147]).
Warning: Pretrained parameter "encoder.encoder_solvent.W_h.weight" of shape torch.Size([200, 200]) does not match corresponding model parameter of shape torch.Size([300, 300]).
Warning: Pretrained parameter "encoder.encoder_solvent.W_o.weight" of shape torch.Size([200, 333]) does not match corresponding model parameter of shape torch.Size([300, 433]).
Warning: Pretrained parameter "encoder.encoder_solvent.W_o.bias" of shape torch.Size([200]) does not match corresponding model parameter of shape torch.Size([300]).
Warning: Pretrained parameter "readout.1.weight" of shape torch.Size([400, 1100]) does not match corresponding model parameter of shape torch.Size([300, 600]).
Warning: Pretrained parameter "readout.1.bias" of shape torch.Size([400]) does not match corresponding model parameter of shape torch.Size([300]).
Warning: Pretrained parameter "readout.4.weight" of shape torch.Size([400, 400]) does not match corresponding model parameter of shape torch.Size([1, 300]).
Warning: Pretrained parameter "readout.4.bias" of shape torch.Size([400]) does not match corresponding model parameter of shape torch.Size([1]).
Warning: Pretrained parameter "readout.7.weight" cannot be found in model parameters.
Warning: Pretrained parameter "readout.7.bias" cannot be found in model parameters.
Warning: Pretrained parameter "readout.10.weight" cannot be found in model parameters.
Warning: Pretrained parameter "readout.10.bias" cannot be found in model parameters.
Warning: Pretrained parameter "readout.13.weight" cannot be found in model parameters.
Warning: Pretrained parameter "readout.13.bias" cannot be found in model parameters.
Warning: Pretrained parameter "readout.16.weight" cannot be found in model parameters.
Warning: Pretrained parameter "readout.16.bias" cannot be found in model parameters.
Model 19 test rmse = 1.242364
Loading model 20 from KSE_ML_model_files/model_20/model.pt
Loading pretrained parameter "encoder.encoder.cached_zero_vector".
Loading pretrained parameter "encoder.encoder.W_i.weight".
Loading pretrained parameter "encoder.encoder.W_h.weight".
Loading pretrained parameter "encoder.encoder.W_o.weight".
Loading pretrained parameter "encoder.encoder.W_o.bias".
Loading pretrained parameter "encoder.encoder_solvent.cached_zero_vector".
Loading pretrained parameter "encoder.encoder_solvent.W_i.weight".
Loading pretrained parameter "encoder.encoder_solvent.W_h.weight".
Loading pretrained parameter "encoder.encoder_solvent.W_o.weight".
Loading pretrained parameter "encoder.encoder_solvent.W_o.bias".
Loading pretrained parameter "ffn.1.weight".
Loading pretrained parameter "ffn.1.bias".
Loading pretrained parameter "ffn.4.weight".
Loading pretrained parameter "ffn.4.bias".
Loading pretrained parameter "ffn.7.weight".
Loading pretrained parameter "ffn.7.bias".
Loading pretrained parameter "ffn.10.weight".
Loading pretrained parameter "ffn.10.bias".
Loading pretrained parameter "ffn.13.weight".
Loading pretrained parameter "ffn.13.bias".
Loading pretrained parameter "ffn.16.weight".
Loading pretrained parameter "ffn.16.bias".
MoleculeModel(
  (encoder): MPN(
    (encoder): MPNEncoder(
      (dropout): Dropout(p=0.0, inplace=False)
      (act_func): ReLU()
      (W_i): Linear(in_features=193, out_features=900, bias=False)
      (W_h): Linear(in_features=900, out_features=900, bias=False)
      (W_o): Linear(in_features=1065, out_features=900, bias=True)
    )
    (encoder_solvent): MPNEncoder(
      (dropout): Dropout(p=0.0, inplace=False)
      (act_func): ReLU()
      (W_i): Linear(in_features=147, out_features=200, bias=False)
      (W_h): Linear(in_features=200, out_features=200, bias=False)
      (W_o): Linear(in_features=333, out_features=200, bias=True)
    )
  )
  (readout): Sequential(
    (0): Dropout(p=0.0, inplace=False)
    (1): Linear(in_features=1100, out_features=400, bias=True)
    (2): ReLU()
    (3): Dropout(p=0.0, inplace=False)
    (4): Linear(in_features=400, out_features=400, bias=True)
    (5): ReLU()
    (6): Dropout(p=0.0, inplace=False)
    (7): Linear(in_features=400, out_features=400, bias=True)
    (8): ReLU()
    (9): Dropout(p=0.0, inplace=False)
    (10): Linear(in_features=400, out_features=400, bias=True)
    (11): ReLU()
    (12): Dropout(p=0.0, inplace=False)
    (13): Linear(in_features=400, out_features=400, bias=True)
    (14): ReLU()
    (15): Dropout(p=0.0, inplace=False)
    (16): Linear(in_features=400, out_features=2, bias=True)
  )
)
Number of parameters = 3,163,202
Epoch 0
Validation rmse = 1.465095
Epoch 1
Loss = 1.3599e+00, PNorm = 212.7286, GNorm = 8.1829, lr_0 = 7.3564e-04
Validation rmse = 1.322787
Epoch 2
Validation rmse = 1.260330
Epoch 3
Loss = 1.0407e+00, PNorm = 212.7517, GNorm = 2.3664, lr_0 = 1.3594e-04
Validation rmse = 1.225391
Epoch 4
Validation rmse = 1.214854
Model 20 best validation rmse = 1.214854 on epoch 4
Warning: Pretrained parameter "encoder.encoder.cached_zero_vector" of shape torch.Size([900]) does not match corresponding model parameter of shape torch.Size([300]).
Warning: Pretrained parameter "encoder.encoder.W_i.weight" of shape torch.Size([900, 193]) does not match corresponding model parameter of shape torch.Size([300, 193]).
Warning: Pretrained parameter "encoder.encoder.W_h.weight" of shape torch.Size([900, 900]) does not match corresponding model parameter of shape torch.Size([300, 300]).
Warning: Pretrained parameter "encoder.encoder.W_o.weight" of shape torch.Size([900, 1065]) does not match corresponding model parameter of shape torch.Size([300, 465]).
Warning: Pretrained parameter "encoder.encoder.W_o.bias" of shape torch.Size([900]) does not match corresponding model parameter of shape torch.Size([300]).
Warning: Pretrained parameter "encoder.encoder_solvent.cached_zero_vector" of shape torch.Size([200]) does not match corresponding model parameter of shape torch.Size([300]).
Warning: Pretrained parameter "encoder.encoder_solvent.W_i.weight" of shape torch.Size([200, 147]) does not match corresponding model parameter of shape torch.Size([300, 147]).
Warning: Pretrained parameter "encoder.encoder_solvent.W_h.weight" of shape torch.Size([200, 200]) does not match corresponding model parameter of shape torch.Size([300, 300]).
Warning: Pretrained parameter "encoder.encoder_solvent.W_o.weight" of shape torch.Size([200, 333]) does not match corresponding model parameter of shape torch.Size([300, 433]).
Warning: Pretrained parameter "encoder.encoder_solvent.W_o.bias" of shape torch.Size([200]) does not match corresponding model parameter of shape torch.Size([300]).
Warning: Pretrained parameter "readout.1.weight" of shape torch.Size([400, 1100]) does not match corresponding model parameter of shape torch.Size([300, 600]).
Warning: Pretrained parameter "readout.1.bias" of shape torch.Size([400]) does not match corresponding model parameter of shape torch.Size([300]).
Warning: Pretrained parameter "readout.4.weight" of shape torch.Size([400, 400]) does not match corresponding model parameter of shape torch.Size([1, 300]).
Warning: Pretrained parameter "readout.4.bias" of shape torch.Size([400]) does not match corresponding model parameter of shape torch.Size([1]).
Warning: Pretrained parameter "readout.7.weight" cannot be found in model parameters.
Warning: Pretrained parameter "readout.7.bias" cannot be found in model parameters.
Warning: Pretrained parameter "readout.10.weight" cannot be found in model parameters.
Warning: Pretrained parameter "readout.10.bias" cannot be found in model parameters.
Warning: Pretrained parameter "readout.13.weight" cannot be found in model parameters.
Warning: Pretrained parameter "readout.13.bias" cannot be found in model parameters.
Warning: Pretrained parameter "readout.16.weight" cannot be found in model parameters.
Warning: Pretrained parameter "readout.16.bias" cannot be found in model parameters.
Model 20 test rmse = 1.246066
Loading model 21 from KSE_ML_model_files/model_21/model.pt
Loading pretrained parameter "encoder.encoder.cached_zero_vector".
Loading pretrained parameter "encoder.encoder.W_i.weight".
Loading pretrained parameter "encoder.encoder.W_h.weight".
Loading pretrained parameter "encoder.encoder.W_o.weight".
Loading pretrained parameter "encoder.encoder.W_o.bias".
Loading pretrained parameter "encoder.encoder_solvent.cached_zero_vector".
Loading pretrained parameter "encoder.encoder_solvent.W_i.weight".
Loading pretrained parameter "encoder.encoder_solvent.W_h.weight".
Loading pretrained parameter "encoder.encoder_solvent.W_o.weight".
Loading pretrained parameter "encoder.encoder_solvent.W_o.bias".
Loading pretrained parameter "ffn.1.weight".
Loading pretrained parameter "ffn.1.bias".
Loading pretrained parameter "ffn.4.weight".
Loading pretrained parameter "ffn.4.bias".
Loading pretrained parameter "ffn.7.weight".
Loading pretrained parameter "ffn.7.bias".
Loading pretrained parameter "ffn.10.weight".
Loading pretrained parameter "ffn.10.bias".
Loading pretrained parameter "ffn.13.weight".
Loading pretrained parameter "ffn.13.bias".
Loading pretrained parameter "ffn.16.weight".
Loading pretrained parameter "ffn.16.bias".
MoleculeModel(
  (encoder): MPN(
    (encoder): MPNEncoder(
      (dropout): Dropout(p=0.0, inplace=False)
      (act_func): ReLU()
      (W_i): Linear(in_features=193, out_features=900, bias=False)
      (W_h): Linear(in_features=900, out_features=900, bias=False)
      (W_o): Linear(in_features=1065, out_features=900, bias=True)
    )
    (encoder_solvent): MPNEncoder(
      (dropout): Dropout(p=0.0, inplace=False)
      (act_func): ReLU()
      (W_i): Linear(in_features=147, out_features=200, bias=False)
      (W_h): Linear(in_features=200, out_features=200, bias=False)
      (W_o): Linear(in_features=333, out_features=200, bias=True)
    )
  )
  (readout): Sequential(
    (0): Dropout(p=0.0, inplace=False)
    (1): Linear(in_features=1100, out_features=400, bias=True)
    (2): ReLU()
    (3): Dropout(p=0.0, inplace=False)
    (4): Linear(in_features=400, out_features=400, bias=True)
    (5): ReLU()
    (6): Dropout(p=0.0, inplace=False)
    (7): Linear(in_features=400, out_features=400, bias=True)
    (8): ReLU()
    (9): Dropout(p=0.0, inplace=False)
    (10): Linear(in_features=400, out_features=400, bias=True)
    (11): ReLU()
    (12): Dropout(p=0.0, inplace=False)
    (13): Linear(in_features=400, out_features=400, bias=True)
    (14): ReLU()
    (15): Dropout(p=0.0, inplace=False)
    (16): Linear(in_features=400, out_features=2, bias=True)
  )
)
Number of parameters = 3,163,202
Epoch 0
Validation rmse = 1.254793
Epoch 1
Loss = 1.3410e+00, PNorm = 213.3583, GNorm = 22.7881, lr_0 = 7.3564e-04
Validation rmse = 1.512031
Epoch 2
Validation rmse = 1.222674
Epoch 3
Loss = 9.6031e-01, PNorm = 213.3793, GNorm = 3.8618, lr_0 = 1.3594e-04
Validation rmse = 1.296903
Epoch 4
Validation rmse = 1.219432
Model 21 best validation rmse = 1.219432 on epoch 4
Warning: Pretrained parameter "encoder.encoder.cached_zero_vector" of shape torch.Size([900]) does not match corresponding model parameter of shape torch.Size([300]).
Warning: Pretrained parameter "encoder.encoder.W_i.weight" of shape torch.Size([900, 193]) does not match corresponding model parameter of shape torch.Size([300, 193]).
Warning: Pretrained parameter "encoder.encoder.W_h.weight" of shape torch.Size([900, 900]) does not match corresponding model parameter of shape torch.Size([300, 300]).
Warning: Pretrained parameter "encoder.encoder.W_o.weight" of shape torch.Size([900, 1065]) does not match corresponding model parameter of shape torch.Size([300, 465]).
Warning: Pretrained parameter "encoder.encoder.W_o.bias" of shape torch.Size([900]) does not match corresponding model parameter of shape torch.Size([300]).
Warning: Pretrained parameter "encoder.encoder_solvent.cached_zero_vector" of shape torch.Size([200]) does not match corresponding model parameter of shape torch.Size([300]).
Warning: Pretrained parameter "encoder.encoder_solvent.W_i.weight" of shape torch.Size([200, 147]) does not match corresponding model parameter of shape torch.Size([300, 147]).
Warning: Pretrained parameter "encoder.encoder_solvent.W_h.weight" of shape torch.Size([200, 200]) does not match corresponding model parameter of shape torch.Size([300, 300]).
Warning: Pretrained parameter "encoder.encoder_solvent.W_o.weight" of shape torch.Size([200, 333]) does not match corresponding model parameter of shape torch.Size([300, 433]).
Warning: Pretrained parameter "encoder.encoder_solvent.W_o.bias" of shape torch.Size([200]) does not match corresponding model parameter of shape torch.Size([300]).
Warning: Pretrained parameter "readout.1.weight" of shape torch.Size([400, 1100]) does not match corresponding model parameter of shape torch.Size([300, 600]).
Warning: Pretrained parameter "readout.1.bias" of shape torch.Size([400]) does not match corresponding model parameter of shape torch.Size([300]).
Warning: Pretrained parameter "readout.4.weight" of shape torch.Size([400, 400]) does not match corresponding model parameter of shape torch.Size([1, 300]).
Warning: Pretrained parameter "readout.4.bias" of shape torch.Size([400]) does not match corresponding model parameter of shape torch.Size([1]).
Warning: Pretrained parameter "readout.7.weight" cannot be found in model parameters.
Warning: Pretrained parameter "readout.7.bias" cannot be found in model parameters.
Warning: Pretrained parameter "readout.10.weight" cannot be found in model parameters.
Warning: Pretrained parameter "readout.10.bias" cannot be found in model parameters.
Warning: Pretrained parameter "readout.13.weight" cannot be found in model parameters.
Warning: Pretrained parameter "readout.13.bias" cannot be found in model parameters.
Warning: Pretrained parameter "readout.16.weight" cannot be found in model parameters.
Warning: Pretrained parameter "readout.16.bias" cannot be found in model parameters.
Model 21 test rmse = 1.499392
Loading model 22 from KSE_ML_model_files/model_22/model.pt
Loading pretrained parameter "encoder.encoder.cached_zero_vector".
Loading pretrained parameter "encoder.encoder.W_i.weight".
Loading pretrained parameter "encoder.encoder.W_h.weight".
Loading pretrained parameter "encoder.encoder.W_o.weight".
Loading pretrained parameter "encoder.encoder.W_o.bias".
Loading pretrained parameter "encoder.encoder_solvent.cached_zero_vector".
Loading pretrained parameter "encoder.encoder_solvent.W_i.weight".
Loading pretrained parameter "encoder.encoder_solvent.W_h.weight".
Loading pretrained parameter "encoder.encoder_solvent.W_o.weight".
Loading pretrained parameter "encoder.encoder_solvent.W_o.bias".
Loading pretrained parameter "ffn.1.weight".
Loading pretrained parameter "ffn.1.bias".
Loading pretrained parameter "ffn.4.weight".
Loading pretrained parameter "ffn.4.bias".
Loading pretrained parameter "ffn.7.weight".
Loading pretrained parameter "ffn.7.bias".
Loading pretrained parameter "ffn.10.weight".
Loading pretrained parameter "ffn.10.bias".
Loading pretrained parameter "ffn.13.weight".
Loading pretrained parameter "ffn.13.bias".
Loading pretrained parameter "ffn.16.weight".
Loading pretrained parameter "ffn.16.bias".
MoleculeModel(
  (encoder): MPN(
    (encoder): MPNEncoder(
      (dropout): Dropout(p=0.0, inplace=False)
      (act_func): ReLU()
      (W_i): Linear(in_features=193, out_features=900, bias=False)
      (W_h): Linear(in_features=900, out_features=900, bias=False)
      (W_o): Linear(in_features=1065, out_features=900, bias=True)
    )
    (encoder_solvent): MPNEncoder(
      (dropout): Dropout(p=0.0, inplace=False)
      (act_func): ReLU()
      (W_i): Linear(in_features=147, out_features=200, bias=False)
      (W_h): Linear(in_features=200, out_features=200, bias=False)
      (W_o): Linear(in_features=333, out_features=200, bias=True)
    )
  )
  (readout): Sequential(
    (0): Dropout(p=0.0, inplace=False)
    (1): Linear(in_features=1100, out_features=400, bias=True)
    (2): ReLU()
    (3): Dropout(p=0.0, inplace=False)
    (4): Linear(in_features=400, out_features=400, bias=True)
    (5): ReLU()
    (6): Dropout(p=0.0, inplace=False)
    (7): Linear(in_features=400, out_features=400, bias=True)
    (8): ReLU()
    (9): Dropout(p=0.0, inplace=False)
    (10): Linear(in_features=400, out_features=400, bias=True)
    (11): ReLU()
    (12): Dropout(p=0.0, inplace=False)
    (13): Linear(in_features=400, out_features=400, bias=True)
    (14): ReLU()
    (15): Dropout(p=0.0, inplace=False)
    (16): Linear(in_features=400, out_features=2, bias=True)
  )
)
Number of parameters = 3,163,202
Epoch 0
Validation rmse = 1.424548
Epoch 1
Loss = 1.5095e+00, PNorm = 212.8463, GNorm = 14.4616, lr_0 = 7.3564e-04
Validation rmse = 1.313504
Epoch 2
Validation rmse = 1.334183
Epoch 3
Loss = 1.0058e+00, PNorm = 212.8656, GNorm = 3.3074, lr_0 = 1.3594e-04
Validation rmse = 1.356811
Epoch 4
Validation rmse = 1.270791
Model 22 best validation rmse = 1.270791 on epoch 4
Warning: Pretrained parameter "encoder.encoder.cached_zero_vector" of shape torch.Size([900]) does not match corresponding model parameter of shape torch.Size([300]).
Warning: Pretrained parameter "encoder.encoder.W_i.weight" of shape torch.Size([900, 193]) does not match corresponding model parameter of shape torch.Size([300, 193]).
Warning: Pretrained parameter "encoder.encoder.W_h.weight" of shape torch.Size([900, 900]) does not match corresponding model parameter of shape torch.Size([300, 300]).
Warning: Pretrained parameter "encoder.encoder.W_o.weight" of shape torch.Size([900, 1065]) does not match corresponding model parameter of shape torch.Size([300, 465]).
Warning: Pretrained parameter "encoder.encoder.W_o.bias" of shape torch.Size([900]) does not match corresponding model parameter of shape torch.Size([300]).
Warning: Pretrained parameter "encoder.encoder_solvent.cached_zero_vector" of shape torch.Size([200]) does not match corresponding model parameter of shape torch.Size([300]).
Warning: Pretrained parameter "encoder.encoder_solvent.W_i.weight" of shape torch.Size([200, 147]) does not match corresponding model parameter of shape torch.Size([300, 147]).
Warning: Pretrained parameter "encoder.encoder_solvent.W_h.weight" of shape torch.Size([200, 200]) does not match corresponding model parameter of shape torch.Size([300, 300]).
Warning: Pretrained parameter "encoder.encoder_solvent.W_o.weight" of shape torch.Size([200, 333]) does not match corresponding model parameter of shape torch.Size([300, 433]).
Warning: Pretrained parameter "encoder.encoder_solvent.W_o.bias" of shape torch.Size([200]) does not match corresponding model parameter of shape torch.Size([300]).
Warning: Pretrained parameter "readout.1.weight" of shape torch.Size([400, 1100]) does not match corresponding model parameter of shape torch.Size([300, 600]).
Warning: Pretrained parameter "readout.1.bias" of shape torch.Size([400]) does not match corresponding model parameter of shape torch.Size([300]).
Warning: Pretrained parameter "readout.4.weight" of shape torch.Size([400, 400]) does not match corresponding model parameter of shape torch.Size([1, 300]).
Warning: Pretrained parameter "readout.4.bias" of shape torch.Size([400]) does not match corresponding model parameter of shape torch.Size([1]).
Warning: Pretrained parameter "readout.7.weight" cannot be found in model parameters.
Warning: Pretrained parameter "readout.7.bias" cannot be found in model parameters.
Warning: Pretrained parameter "readout.10.weight" cannot be found in model parameters.
Warning: Pretrained parameter "readout.10.bias" cannot be found in model parameters.
Warning: Pretrained parameter "readout.13.weight" cannot be found in model parameters.
Warning: Pretrained parameter "readout.13.bias" cannot be found in model parameters.
Warning: Pretrained parameter "readout.16.weight" cannot be found in model parameters.
Warning: Pretrained parameter "readout.16.bias" cannot be found in model parameters.
Model 22 test rmse = 1.238760
Loading model 23 from KSE_ML_model_files/model_23/model.pt
Loading pretrained parameter "encoder.encoder.cached_zero_vector".
Loading pretrained parameter "encoder.encoder.W_i.weight".
Loading pretrained parameter "encoder.encoder.W_h.weight".
Loading pretrained parameter "encoder.encoder.W_o.weight".
Loading pretrained parameter "encoder.encoder.W_o.bias".
Loading pretrained parameter "encoder.encoder_solvent.cached_zero_vector".
Loading pretrained parameter "encoder.encoder_solvent.W_i.weight".
Loading pretrained parameter "encoder.encoder_solvent.W_h.weight".
Loading pretrained parameter "encoder.encoder_solvent.W_o.weight".
Loading pretrained parameter "encoder.encoder_solvent.W_o.bias".
Loading pretrained parameter "ffn.1.weight".
Loading pretrained parameter "ffn.1.bias".
Loading pretrained parameter "ffn.4.weight".
Loading pretrained parameter "ffn.4.bias".
Loading pretrained parameter "ffn.7.weight".
Loading pretrained parameter "ffn.7.bias".
Loading pretrained parameter "ffn.10.weight".
Loading pretrained parameter "ffn.10.bias".
Loading pretrained parameter "ffn.13.weight".
Loading pretrained parameter "ffn.13.bias".
Loading pretrained parameter "ffn.16.weight".
Loading pretrained parameter "ffn.16.bias".
MoleculeModel(
  (encoder): MPN(
    (encoder): MPNEncoder(
      (dropout): Dropout(p=0.0, inplace=False)
      (act_func): ReLU()
      (W_i): Linear(in_features=193, out_features=900, bias=False)
      (W_h): Linear(in_features=900, out_features=900, bias=False)
      (W_o): Linear(in_features=1065, out_features=900, bias=True)
    )
    (encoder_solvent): MPNEncoder(
      (dropout): Dropout(p=0.0, inplace=False)
      (act_func): ReLU()
      (W_i): Linear(in_features=147, out_features=200, bias=False)
      (W_h): Linear(in_features=200, out_features=200, bias=False)
      (W_o): Linear(in_features=333, out_features=200, bias=True)
    )
  )
  (readout): Sequential(
    (0): Dropout(p=0.0, inplace=False)
    (1): Linear(in_features=1100, out_features=400, bias=True)
    (2): ReLU()
    (3): Dropout(p=0.0, inplace=False)
    (4): Linear(in_features=400, out_features=400, bias=True)
    (5): ReLU()
    (6): Dropout(p=0.0, inplace=False)
    (7): Linear(in_features=400, out_features=400, bias=True)
    (8): ReLU()
    (9): Dropout(p=0.0, inplace=False)
    (10): Linear(in_features=400, out_features=400, bias=True)
    (11): ReLU()
    (12): Dropout(p=0.0, inplace=False)
    (13): Linear(in_features=400, out_features=400, bias=True)
    (14): ReLU()
    (15): Dropout(p=0.0, inplace=False)
    (16): Linear(in_features=400, out_features=2, bias=True)
  )
)
Number of parameters = 3,163,202
Epoch 0
Validation rmse = 1.485893
Epoch 1
Loss = 1.4995e+00, PNorm = 213.3978, GNorm = 6.6159, lr_0 = 7.3564e-04
Validation rmse = 1.309207
Epoch 2
Validation rmse = 1.128610
Epoch 3
Loss = 8.2429e-01, PNorm = 213.4201, GNorm = 4.1280, lr_0 = 1.3594e-04
Validation rmse = 1.145880
Epoch 4
Validation rmse = 1.158424
Model 23 best validation rmse = 1.128610 on epoch 2
Warning: Pretrained parameter "encoder.encoder.cached_zero_vector" of shape torch.Size([900]) does not match corresponding model parameter of shape torch.Size([300]).
Warning: Pretrained parameter "encoder.encoder.W_i.weight" of shape torch.Size([900, 193]) does not match corresponding model parameter of shape torch.Size([300, 193]).
Warning: Pretrained parameter "encoder.encoder.W_h.weight" of shape torch.Size([900, 900]) does not match corresponding model parameter of shape torch.Size([300, 300]).
Warning: Pretrained parameter "encoder.encoder.W_o.weight" of shape torch.Size([900, 1065]) does not match corresponding model parameter of shape torch.Size([300, 465]).
Warning: Pretrained parameter "encoder.encoder.W_o.bias" of shape torch.Size([900]) does not match corresponding model parameter of shape torch.Size([300]).
Warning: Pretrained parameter "encoder.encoder_solvent.cached_zero_vector" of shape torch.Size([200]) does not match corresponding model parameter of shape torch.Size([300]).
Warning: Pretrained parameter "encoder.encoder_solvent.W_i.weight" of shape torch.Size([200, 147]) does not match corresponding model parameter of shape torch.Size([300, 147]).
Warning: Pretrained parameter "encoder.encoder_solvent.W_h.weight" of shape torch.Size([200, 200]) does not match corresponding model parameter of shape torch.Size([300, 300]).
Warning: Pretrained parameter "encoder.encoder_solvent.W_o.weight" of shape torch.Size([200, 333]) does not match corresponding model parameter of shape torch.Size([300, 433]).
Warning: Pretrained parameter "encoder.encoder_solvent.W_o.bias" of shape torch.Size([200]) does not match corresponding model parameter of shape torch.Size([300]).
Warning: Pretrained parameter "readout.1.weight" of shape torch.Size([400, 1100]) does not match corresponding model parameter of shape torch.Size([300, 600]).
Warning: Pretrained parameter "readout.1.bias" of shape torch.Size([400]) does not match corresponding model parameter of shape torch.Size([300]).
Warning: Pretrained parameter "readout.4.weight" of shape torch.Size([400, 400]) does not match corresponding model parameter of shape torch.Size([1, 300]).
Warning: Pretrained parameter "readout.4.bias" of shape torch.Size([400]) does not match corresponding model parameter of shape torch.Size([1]).
Warning: Pretrained parameter "readout.7.weight" cannot be found in model parameters.
Warning: Pretrained parameter "readout.7.bias" cannot be found in model parameters.
Warning: Pretrained parameter "readout.10.weight" cannot be found in model parameters.
Warning: Pretrained parameter "readout.10.bias" cannot be found in model parameters.
Warning: Pretrained parameter "readout.13.weight" cannot be found in model parameters.
Warning: Pretrained parameter "readout.13.bias" cannot be found in model parameters.
Warning: Pretrained parameter "readout.16.weight" cannot be found in model parameters.
Warning: Pretrained parameter "readout.16.bias" cannot be found in model parameters.
Model 23 test rmse = 1.253794
Loading model 24 from KSE_ML_model_files/model_24/model.pt
Loading pretrained parameter "encoder.encoder.cached_zero_vector".
Loading pretrained parameter "encoder.encoder.W_i.weight".
Loading pretrained parameter "encoder.encoder.W_h.weight".
Loading pretrained parameter "encoder.encoder.W_o.weight".
Loading pretrained parameter "encoder.encoder.W_o.bias".
Loading pretrained parameter "encoder.encoder_solvent.cached_zero_vector".
Loading pretrained parameter "encoder.encoder_solvent.W_i.weight".
Loading pretrained parameter "encoder.encoder_solvent.W_h.weight".
Loading pretrained parameter "encoder.encoder_solvent.W_o.weight".
Loading pretrained parameter "encoder.encoder_solvent.W_o.bias".
Loading pretrained parameter "ffn.1.weight".
Loading pretrained parameter "ffn.1.bias".
Loading pretrained parameter "ffn.4.weight".
Loading pretrained parameter "ffn.4.bias".
Loading pretrained parameter "ffn.7.weight".
Loading pretrained parameter "ffn.7.bias".
Loading pretrained parameter "ffn.10.weight".
Loading pretrained parameter "ffn.10.bias".
Loading pretrained parameter "ffn.13.weight".
Loading pretrained parameter "ffn.13.bias".
Loading pretrained parameter "ffn.16.weight".
Loading pretrained parameter "ffn.16.bias".
MoleculeModel(
  (encoder): MPN(
    (encoder): MPNEncoder(
      (dropout): Dropout(p=0.0, inplace=False)
      (act_func): ReLU()
      (W_i): Linear(in_features=193, out_features=900, bias=False)
      (W_h): Linear(in_features=900, out_features=900, bias=False)
      (W_o): Linear(in_features=1065, out_features=900, bias=True)
    )
    (encoder_solvent): MPNEncoder(
      (dropout): Dropout(p=0.0, inplace=False)
      (act_func): ReLU()
      (W_i): Linear(in_features=147, out_features=200, bias=False)
      (W_h): Linear(in_features=200, out_features=200, bias=False)
      (W_o): Linear(in_features=333, out_features=200, bias=True)
    )
  )
  (readout): Sequential(
    (0): Dropout(p=0.0, inplace=False)
    (1): Linear(in_features=1100, out_features=400, bias=True)
    (2): ReLU()
    (3): Dropout(p=0.0, inplace=False)
    (4): Linear(in_features=400, out_features=400, bias=True)
    (5): ReLU()
    (6): Dropout(p=0.0, inplace=False)
    (7): Linear(in_features=400, out_features=400, bias=True)
    (8): ReLU()
    (9): Dropout(p=0.0, inplace=False)
    (10): Linear(in_features=400, out_features=400, bias=True)
    (11): ReLU()
    (12): Dropout(p=0.0, inplace=False)
    (13): Linear(in_features=400, out_features=400, bias=True)
    (14): ReLU()
    (15): Dropout(p=0.0, inplace=False)
    (16): Linear(in_features=400, out_features=2, bias=True)
  )
)
Number of parameters = 3,163,202
Epoch 0
Validation rmse = 1.490252
Epoch 1
Loss = 1.6897e+00, PNorm = 212.2696, GNorm = 46.0581, lr_0 = 7.3564e-04
Validation rmse = 1.390346
Epoch 2
Validation rmse = 1.271823
Epoch 3
Loss = 1.0378e+00, PNorm = 212.2912, GNorm = 4.0785, lr_0 = 1.3594e-04
Validation rmse = 1.273231
Epoch 4
Validation rmse = 1.244759
Model 24 best validation rmse = 1.244759 on epoch 4
Warning: Pretrained parameter "encoder.encoder.cached_zero_vector" of shape torch.Size([900]) does not match corresponding model parameter of shape torch.Size([300]).
Warning: Pretrained parameter "encoder.encoder.W_i.weight" of shape torch.Size([900, 193]) does not match corresponding model parameter of shape torch.Size([300, 193]).
Warning: Pretrained parameter "encoder.encoder.W_h.weight" of shape torch.Size([900, 900]) does not match corresponding model parameter of shape torch.Size([300, 300]).
Warning: Pretrained parameter "encoder.encoder.W_o.weight" of shape torch.Size([900, 1065]) does not match corresponding model parameter of shape torch.Size([300, 465]).
Warning: Pretrained parameter "encoder.encoder.W_o.bias" of shape torch.Size([900]) does not match corresponding model parameter of shape torch.Size([300]).
Warning: Pretrained parameter "encoder.encoder_solvent.cached_zero_vector" of shape torch.Size([200]) does not match corresponding model parameter of shape torch.Size([300]).
Warning: Pretrained parameter "encoder.encoder_solvent.W_i.weight" of shape torch.Size([200, 147]) does not match corresponding model parameter of shape torch.Size([300, 147]).
Warning: Pretrained parameter "encoder.encoder_solvent.W_h.weight" of shape torch.Size([200, 200]) does not match corresponding model parameter of shape torch.Size([300, 300]).
Warning: Pretrained parameter "encoder.encoder_solvent.W_o.weight" of shape torch.Size([200, 333]) does not match corresponding model parameter of shape torch.Size([300, 433]).
Warning: Pretrained parameter "encoder.encoder_solvent.W_o.bias" of shape torch.Size([200]) does not match corresponding model parameter of shape torch.Size([300]).
Warning: Pretrained parameter "readout.1.weight" of shape torch.Size([400, 1100]) does not match corresponding model parameter of shape torch.Size([300, 600]).
Warning: Pretrained parameter "readout.1.bias" of shape torch.Size([400]) does not match corresponding model parameter of shape torch.Size([300]).
Warning: Pretrained parameter "readout.4.weight" of shape torch.Size([400, 400]) does not match corresponding model parameter of shape torch.Size([1, 300]).
Warning: Pretrained parameter "readout.4.bias" of shape torch.Size([400]) does not match corresponding model parameter of shape torch.Size([1]).
Warning: Pretrained parameter "readout.7.weight" cannot be found in model parameters.
Warning: Pretrained parameter "readout.7.bias" cannot be found in model parameters.
Warning: Pretrained parameter "readout.10.weight" cannot be found in model parameters.
Warning: Pretrained parameter "readout.10.bias" cannot be found in model parameters.
Warning: Pretrained parameter "readout.13.weight" cannot be found in model parameters.
Warning: Pretrained parameter "readout.13.bias" cannot be found in model parameters.
Warning: Pretrained parameter "readout.16.weight" cannot be found in model parameters.
Warning: Pretrained parameter "readout.16.bias" cannot be found in model parameters.
Model 24 test rmse = 1.250343
Ensemble test rmse = 1.235459
1-fold cross validation
	Seed 0 ==> test rmse = 1.235459
Overall test rmse = 1.235459 +/- 0.000000
Elapsed time = 0:05:28
Command line
python /Users/abdiwadud/miniconda3/envs/chemprop/lib/python3.8/site-packages/ipykernel_launcher.py --f=/Users/abdiwadud/Library/Jupyter/runtime/kernel-v36ac185d4b3aa7b92082aec9a3cf198eac6020286.json
Args
{'activation': 'ReLU',
 'adding_bond_types': True,
 'adding_h': False,
 'aggregation': 'mean',
 'aggregation_norm': 100,
 'atom_constraints': [],
 'atom_descriptor_scaling': True,
 'atom_descriptors': None,
 'atom_descriptors_path': None,
 'atom_descriptors_size': 0,
 'atom_features_size': 0,
 'atom_messages': False,
 'atom_targets': [],
 'batch_size': 50,
 'bias': False,
 'bias_solvent': False,
 'bond_constraints': [],
 'bond_descriptor_scaling': True,
 'bond_descriptors': None,
 'bond_descriptors_path': None,
 'bond_descriptors_size': 0,
 'bond_features_size': 0,
 'bond_targets': [],
 'cache_cutoff': 10000,
 'checkpoint_dir': None,
 'checkpoint_frzn': 'KSE_ML_model_files/model_0/model.pt',
 'checkpoint_path': None,
 'checkpoint_paths': None,
 'class_balance': False,
 'config_path': None,
 'constraints_path': None,
 'crossval_index_dir': None,
 'crossval_index_file': None,
 'crossval_index_sets': None,
 'cuda': False,
 'data_path': 'menschutkin_final.csv',
 'data_weights_path': None,
 'dataset_type': 'regression',
 'depth': 3,
 'depth_solvent': 3,
 'device': device(type='cpu'),
 'dropout': 0.0,
 'empty_cache': True,
 'ensemble_size': 1,
 'epochs': 10,
 'evidential_regularization': 0,
 'explicit_h': False,
 'extra_metrics': [],
 'features_generator': None,
 'features_only': False,
 'features_path': None,
 'features_scaling': True,
 'features_size': None,
 'ffn_hidden_size': 300,
 'ffn_num_layers': 2,
 'final_lr': 0.0001,
 'folds_file': None,
 'freeze_first_only': False,
 'frzn_ffn_layers': 0,
 'gpu': None,
 'grad_clip': None,
 'hidden_size': 300,
 'hidden_size_solvent': 300,
 'ignore_columns': None,
 'ignore_nan_metrics': False,
 'init_lr': 0.0001,
 'is_atom_bond_targets': False,
 'keeping_atom_map': False,
 'log_frequency': 10,
 'loss_function': 'mse',
 'max_data_size': None,
 'max_lr': 0.001,
 'metric': 'rmse',
 'metrics': ['rmse'],
 'minimize_score': True,
 'mpn_shared': False,
 'multiclass_num_classes': 3,
 'no_adding_bond_types': False,
 'no_atom_descriptor_scaling': False,
 'no_bond_descriptor_scaling': False,
 'no_cache_mol': False,
 'no_cuda': False,
 'no_features_scaling': False,
 'no_shared_atom_bond_ffn': False,
 'num_folds': 1,
 'num_lrs': 1,
 'num_tasks': 1,
 'num_workers': 0,
 'number_of_molecules': 2,
 'overwrite_default_atom_features': False,
 'overwrite_default_bond_features': False,
 'phase_features_path': None,
 'pytorch_seed': 0,
 'quantile_loss_alpha': 0.1,
 'quantiles': [],
 'quiet': False,
 'reaction': False,
 'reaction_mode': 'reac_prod',
 'reaction_solvent': True,
 'resume_experiment': False,
 'save_dir': 'men_model',
 'save_preds': False,
 'save_smiles_splits': False,
 'seed': 0,
 'separate_test_atom_descriptors_path': None,
 'separate_test_bond_descriptors_path': None,
 'separate_test_constraints_path': None,
 'separate_test_features_path': None,
 'separate_test_path': None,
 'separate_test_phase_features_path': None,
 'separate_val_atom_descriptors_path': None,
 'separate_val_bond_descriptors_path': None,
 'separate_val_constraints_path': None,
 'separate_val_features_path': None,
 'separate_val_path': None,
 'separate_val_phase_features_path': None,
 'shared_atom_bond_ffn': True,
 'show_individual_scores': False,
 'smiles_columns': ['RxnSMILES', 'SolventSMILES'],
 'spectra_activation': 'exp',
 'spectra_phase_mask_path': None,
 'spectra_target_floor': 1e-08,
 'split_key_molecule': 0,
 'split_sizes': [0.8, 0.1, 0.1],
 'split_type': 'random',
 'target_columns': ['ddGsolv'],
 'target_weights': None,
 'task_names': ['ddGsolv'],
 'test': False,
 'test_fold_index': None,
 'train_data_size': None,
 'undirected': False,
 'use_input_features': False,
 'val_fold_index': None,
 'warmup_epochs': 2.0,
 'weights_ffn_num_layers': 2}
Setting molecule featurization parameters to default.
Loading data
Number of tasks = 1
Fold 0
Splitting data with seed 0
Total size = 179 | train size = 143 | val size = 18 | test size = 18
Fitting scaler
Building model 0
Loading and freezing parameters from KSE_ML_model_files/model_0/model.pt.
MoleculeModel(
  (encoder): MPN(
    (encoder): MPNEncoder(
      (dropout): Dropout(p=0.0, inplace=False)
      (act_func): ReLU()
      (W_i): Linear(in_features=193, out_features=300, bias=False)
      (W_h): Linear(in_features=300, out_features=300, bias=False)
      (W_o): Linear(in_features=465, out_features=300, bias=True)
    )
    (encoder_solvent): MPNEncoder(
      (dropout): Dropout(p=0.0, inplace=False)
      (act_func): ReLU()
      (W_i): Linear(in_features=147, out_features=300, bias=False)
      (W_h): Linear(in_features=300, out_features=300, bias=False)
      (W_o): Linear(in_features=433, out_features=300, bias=True)
    )
  )
  (readout): Sequential(
    (0): Dropout(p=0.0, inplace=False)
    (1): Linear(in_features=600, out_features=300, bias=True)
    (2): ReLU()
    (3): Dropout(p=0.0, inplace=False)
    (4): Linear(in_features=300, out_features=1, bias=True)
  )
)
Number of unfrozen parameters = 180,601
Total number of parameters = 733,201
Epoch 0
Validation rmse = 0.446928
Epoch 1
Validation rmse = 0.430881
Epoch 2
Validation rmse = 0.420680
Epoch 3
Loss = 9.6122e-01, PNorm = 46.3585, GNorm = 2.2819, lr_0 = 3.1623e-04
Validation rmse = 0.424159
Epoch 4
Validation rmse = 0.430296
Epoch 5
Validation rmse = 0.427722
Epoch 6
Loss = 8.4960e-01, PNorm = 46.3611, GNorm = 0.7844, lr_0 = 1.0000e-04
Validation rmse = 0.425613
Epoch 7
Validation rmse = 0.423149
Epoch 8
Validation rmse = 0.420576
Epoch 9
Validation rmse = 0.419074
Model 0 best validation rmse = 0.419074 on epoch 9
Loading pretrained parameter "encoder.encoder.cached_zero_vector".
Loading pretrained parameter "encoder.encoder.W_i.weight".
Loading pretrained parameter "encoder.encoder.W_h.weight".
Loading pretrained parameter "encoder.encoder.W_o.weight".
Loading pretrained parameter "encoder.encoder.W_o.bias".
Loading pretrained parameter "encoder.encoder_solvent.cached_zero_vector".
Loading pretrained parameter "encoder.encoder_solvent.W_i.weight".
Loading pretrained parameter "encoder.encoder_solvent.W_h.weight".
Loading pretrained parameter "encoder.encoder_solvent.W_o.weight".
Loading pretrained parameter "encoder.encoder_solvent.W_o.bias".
Loading pretrained parameter "readout.1.weight".
Loading pretrained parameter "readout.1.bias".
Loading pretrained parameter "readout.4.weight".
Loading pretrained parameter "readout.4.bias".
Model 0 test rmse = 0.291535
Ensemble test rmse = 0.291535
1-fold cross validation
	Seed 0 ==> test rmse = 0.291535
Overall test rmse = 0.291535 +/- 0.000000
Elapsed time = 0:00:04
